{"type": "FeatureCollection", "features": [{"type": "Feature", "properties": {"product": "new_water", "area_ha": 11.77}, "geometry": {"type": "Polygon", "coordinates": [[[86.20583333333333, 23.6875], [86.20666666666666, 23.6875], [86.20666666666666, 23.686666666666667], [86.2075, 23.686666666666667], [86.2075, 23.68583333333333], [86.2075, 23.685], [86.20833333333334, 23.685], [86.20833333333334, 23.684166666666666], [86.20833333333334, 23.683333333333334], [86.2075, 23.683333333333334], [86.20666666666666, 23.683333333333334], [86.20583333333333, 23.683333333333334], [86.20583333333333, 23.684166666666666], [86.205, 23.684166666666666], [86.205, 23.685], [86.205, 23.68583333333333], [86.205, 23.686666666666667], [86.205, 23.6875], [86.20583333333333, 23.6875]]]}}, {"type": "Feature", "properties": {"product": "new_water", "area_ha": 7.84}, "geometry": {"type": "Polygon", "coordinates": [[[86.21333333333334, 23.7125], [86.21333333333334, 23.71333333333333], [86.21416666666667, 23.71333333333333], [86.215, 23.71333333333333], [86.21583333333334, 23.71333333333333], [86.21666666666667, 23.71333333333333], [86.21666666666667, 23.7125], [86.2175, 23.7125], [86.21833333333333, 23.7125], [86.21916666666667, 23.7125], [86.22, 23.7125], [86.22, 23.711666666666666], [86.21916666666667, 23.711666666666666], [86.21833333333333, 23.711666666666666], [86.2175, 23.711666666666666], [86.21666666666667, 23.711666666666666], [86.21583333333334, 23.711666666666666], [86.215, 23.711666666666666], [86.215, 23.7125], [86.21416666666667, 23.7125], [86.21333333333334, 23.7125]]]}}, {"type": "Feature", "properties": {"product": "new_water", "area_ha": 11.76}, "geometry": {"type": "Polygon", "coordinates": [[[86.23083333333334, 23.7675], [86.23, 23.7675], [86.23, 23.76833333333333], [86.22916666666667, 23.76833333333333], [86.22833333333334, 23.76833333333333], [86.22833333333334, 23.769166666666667], [86.22833333333334, 23.77], [86.22916666666667, 23.77], [86.23, 23.77], [86.23, 23.769166666666667], [86.23083333333334, 23.769166666666667], [86.23083333333334, 23.77], [86.23166666666667, 23.77], [86.2325, 23.77], [86.2325, 23.769166666666667], [86.23333333333333, 23.769166666666667], [86.23333333333333, 23.76833333333333], [86.23333333333333, 23.7675], [86.23333333333333, 23.766666666666666], [86.2325, 23.766666666666666], [86.2325, 23.7675], [86.23166666666667, 23.7675], [86.23083333333334, 23.7675]]]}}, {"type": "Feature", "properties": {"product": "new_water", "area_ha": 28.22}, "geometry": {"type": "Polygon", "coordinates": [[[86.2125, 23.775], [86.21333333333334, 23.775], [86.21333333333334, 23.77583333333333], [86.21416666666667, 23.77583333333333], [86.215, 23.77583333333333], [86.215, 23.776666666666667], [86.21583333333334, 23.776666666666667], [86.21583333333334, 23.77583333333333], [86.21666666666667, 23.77583333333333], [86.2175, 23.77583333333333], [86.21833333333333, 23.77583333333333], [86.21916666666667, 23.77583333333333], [86.21916666666667, 23.775], [86.21916666666667, 23.774166666666666], [86.22, 23.774166666666666], [86.22, 23.773333333333333], [86.21916666666667, 23.773333333333333], [86.21916666666667, 23.7725], [86.21833333333333, 23.7725], [86.21833333333333, 23.773333333333333], [86.2175, 23.773333333333333], [86.2175, 23.7725], [86.21666666666667, 23.7725], [86.21583333333334, 23.7725], [86.215, 23.7725], [86.215, 23.771666666666665], [86.21416666666667, 23.771666666666665], [86.21416666666667, 23.770833333333332], [86.21333333333334, 23.770833333333332], [86.2125, 23.770833333333332], [86.2125, 23.771666666666665], [86.21333333333334, 23.771666666666665], [86.21333333333334, 23.7725], [86.21333333333334, 23.773333333333333], [86.2125, 23.773333333333333], [86.21166666666667, 23.773333333333333], [86.21166666666667, 23.774166666666666], [86.2125, 23.774166666666666], [86.2125, 23.775]]]}}, {"type": "Feature", "properties": {"product": "new_water", "area_ha": 6.27}, "geometry": {"type": "Polygon", "coordinates": [[[86.21833333333333, 23.7775], [86.21916666666667, 23.7775], [86.21916666666667, 23.778333333333332], [86.21916666666667, 23.779166666666665], [86.22, 23.779166666666665], [86.22, 23.778333333333332], [86.22083333333333, 23.778333333333332], [86.22083333333333, 23.7775], [86.22083333333333, 23.776666666666667], [86.22166666666666, 23.776666666666667], [86.22166666666666, 23.77583333333333], [86.22083333333333, 23.77583333333333], [86.22, 23.77583333333333], [86.22, 23.776666666666667], [86.21916666666667, 23.776666666666667], [86.21833333333333, 23.776666666666667], [86.21833333333333, 23.7775]]]}}, {"type": "Feature", "properties": {"product": "new_water", "area_ha": 6.27}, "geometry": {"type": "Polygon", "coordinates": [[[86.21416666666667, 23.778333333333332], [86.21416666666667, 23.779166666666665], [86.215, 23.779166666666665], [86.215, 23.779999999999998], [86.21583333333334, 23.779999999999998], [86.21666666666667, 23.779999999999998], [86.21666666666667, 23.779166666666665], [86.2175, 23.779166666666665], [86.2175, 23.778333333333332], [86.21833333333333, 23.778333333333332], [86.21833333333333, 23.7775], [86.2175, 23.7775], [86.21666666666667, 23.7775], [86.21666666666667, 23.778333333333332], [86.21583333333334, 23.778333333333332], [86.215, 23.778333333333332], [86.21416666666667, 23.778333333333332]]]}}, {"type": "Feature", "properties": {"product": "new_water", "area_ha": 6.27}, "geometry": {"type": "Polygon", "coordinates": [[[86.20166666666667, 23.780833333333334], [86.2025, 23.780833333333334], [86.20333333333333, 23.780833333333334], [86.20416666666667, 23.780833333333334], [86.20416666666667, 23.779999999999998], [86.20333333333333, 23.779999999999998], [86.2025, 23.779999999999998], [86.2025, 23.779166666666665], [86.20166666666667, 23.779166666666665], [86.20083333333334, 23.779166666666665], [86.2, 23.779166666666665], [86.2, 23.779999999999998], [86.2, 23.780833333333334], [86.20083333333334, 23.780833333333334], [86.20166666666667, 23.780833333333334]]]}}, {"type": "Feature", "properties": {"product": "new_water", "area_ha": 6.27}, "geometry": {"type": "Polygon", "coordinates": [[[86.24666666666667, 23.710833333333333], [86.2475, 23.710833333333333], [86.24833333333333, 23.710833333333333], [86.24916666666667, 23.710833333333333], [86.25, 23.710833333333333], [86.25083333333333, 23.710833333333333], [86.25083333333333, 23.711666666666666], [86.25166666666667, 23.711666666666666], [86.25166666666667, 23.710833333333333], [86.25166666666667, 23.71], [86.25083333333333, 23.71], [86.25, 23.71], [86.24916666666667, 23.71], [86.24833333333333, 23.71], [86.2475, 23.71], [86.24666666666667, 23.71], [86.24583333333334, 23.71], [86.24583333333334, 23.710833333333333], [86.24666666666667, 23.710833333333333]]]}}, {"type": "Feature", "properties": {"product": "new_water", "area_ha": 7.84}, "geometry": {"type": "Polygon", "coordinates": [[[86.24000000000001, 23.710833333333333], [86.23916666666668, 23.710833333333333], [86.23833333333333, 23.710833333333333], [86.2375, 23.710833333333333], [86.23666666666666, 23.710833333333333], [86.23583333333333, 23.710833333333333], [86.23583333333333, 23.711666666666666], [86.23666666666666, 23.711666666666666], [86.2375, 23.711666666666666], [86.2375, 23.7125], [86.23833333333333, 23.7125], [86.23916666666668, 23.7125], [86.24000000000001, 23.7125], [86.24000000000001, 23.711666666666666], [86.24083333333334, 23.711666666666666], [86.24166666666667, 23.711666666666666], [86.24166666666667, 23.710833333333333], [86.24083333333334, 23.710833333333333], [86.24000000000001, 23.710833333333333]]]}}, {"type": "Feature", "properties": {"product": "new_water", "area_ha": 7.06}, "geometry": {"type": "Polygon", "coordinates": [[[86.23833333333333, 23.763333333333332], [86.23833333333333, 23.7625], [86.2375, 23.7625], [86.2375, 23.761666666666667], [86.23666666666666, 23.761666666666667], [86.23666666666666, 23.7625], [86.23666666666666, 23.763333333333332], [86.23666666666666, 23.764166666666664], [86.23666666666666, 23.765], [86.2375, 23.765], [86.23833333333333, 23.765], [86.23916666666668, 23.765], [86.23916666666668, 23.764166666666664], [86.23916666666668, 23.763333333333332], [86.23833333333333, 23.763333333333332]]]}}, {"type": "Feature", "properties": {"product": "new_water", "area_ha": 7.84}, "geometry": {"type": "Polygon", "coordinates": [[[86.2375, 23.785833333333333], [86.23833333333333, 23.785833333333333], [86.23916666666668, 23.785833333333333], [86.23916666666668, 23.786666666666665], [86.24000000000001, 23.786666666666665], [86.24083333333334, 23.786666666666665], [86.24083333333334, 23.785833333333333], [86.24083333333334, 23.785], [86.24083333333334, 23.784166666666668], [86.24000000000001, 23.784166666666668], [86.23916666666668, 23.784166666666668], [86.23833333333333, 23.784166666666668], [86.23833333333333, 23.785], [86.2375, 23.785], [86.23666666666666, 23.785], [86.23666666666666, 23.785833333333333], [86.2375, 23.785833333333333]]]}}, {"type": "Feature", "properties": {"product": "new_water", "area_ha": 7.05}, "geometry": {"type": "Polygon", "coordinates": [[[86.23833333333333, 23.793333333333333], [86.23916666666668, 23.793333333333333], [86.23916666666668, 23.794166666666666], [86.24000000000001, 23.794166666666666], [86.24000000000001, 23.793333333333333], [86.24083333333334, 23.793333333333333], [86.24166666666667, 23.793333333333333], [86.2425, 23.793333333333333], [86.24333333333334, 23.793333333333333], [86.24416666666667, 23.793333333333333], [86.245, 23.793333333333333], [86.245, 23.7925], [86.24416666666667, 23.7925], [86.24333333333334, 23.7925], [86.2425, 23.7925], [86.24166666666667, 23.7925], [86.24083333333334, 23.7925], [86.24000000000001, 23.7925], [86.23916666666668, 23.7925], [86.23833333333333, 23.7925], [86.23833333333333, 23.793333333333333]]]}}, {"type": "Feature", "properties": {"product": "new_water", "area_ha": 9.41}, "geometry": {"type": "Polygon", "coordinates": [[[86.26083333333334, 23.796666666666667], [86.26166666666667, 23.796666666666667], [86.2625, 23.796666666666667], [86.26333333333334, 23.796666666666667], [86.26416666666667, 23.796666666666667], [86.265, 23.796666666666667], [86.265, 23.795833333333334], [86.265, 23.794999999999998], [86.26416666666667, 23.794999999999998], [86.26333333333334, 23.794999999999998], [86.2625, 23.794999999999998], [86.26166666666667, 23.794999999999998], [86.26166666666667, 23.794166666666666], [86.26166666666667, 23.793333333333333], [86.26083333333334, 23.793333333333333], [86.26083333333334, 23.794166666666666], [86.26083333333334, 23.794999999999998], [86.26083333333334, 23.795833333333334], [86.26083333333334, 23.796666666666667]]]}}, {"type": "Feature", "properties": {"product": "new_water", "area_ha": 6.27}, "geometry": {"type": "Polygon", "coordinates": [[[86.32333333333334, 23.711666666666666], [86.32416666666667, 23.711666666666666], [86.32416666666667, 23.710833333333333], [86.325, 23.710833333333333], [86.325, 23.71], [86.32416666666667, 23.71], [86.32333333333334, 23.71], [86.32333333333334, 23.710833333333333], [86.3225, 23.710833333333333], [86.32166666666667, 23.710833333333333], [86.32166666666667, 23.711666666666666], [86.32083333333334, 23.711666666666666], [86.32083333333334, 23.7125], [86.32166666666667, 23.7125], [86.3225, 23.7125], [86.32333333333334, 23.7125], [86.32333333333334, 23.711666666666666]]]}}, {"type": "Feature", "properties": {"product": "new_water", "area_ha": 10.97}, "geometry": {"type": "Polygon", "coordinates": [[[86.30416666666667, 23.785833333333333], [86.30416666666667, 23.785], [86.305, 23.785], [86.30583333333334, 23.785], [86.30583333333334, 23.785833333333333], [86.30583333333334, 23.786666666666665], [86.30666666666667, 23.786666666666665], [86.3075, 23.786666666666665], [86.3075, 23.785833333333333], [86.30666666666667, 23.785833333333333], [86.30666666666667, 23.785], [86.3075, 23.785], [86.3075, 23.784166666666668], [86.30666666666667, 23.784166666666668], [86.30583333333334, 23.784166666666668], [86.30583333333334, 23.78333333333333], [86.305, 23.78333333333333], [86.30416666666667, 23.78333333333333], [86.30333333333334, 23.78333333333333], [86.30333333333334, 23.784166666666668], [86.30250000000001, 23.784166666666668], [86.30250000000001, 23.785], [86.30250000000001, 23.785833333333333], [86.30333333333334, 23.785833333333333], [86.30416666666667, 23.785833333333333]]]}}, {"type": "Feature", "properties": {"product": "new_water", "area_ha": 17.24}, "geometry": {"type": "Polygon", "coordinates": [[[86.31, 23.80333333333333], [86.31083333333333, 23.80333333333333], [86.31083333333333, 23.8025], [86.31166666666667, 23.8025], [86.3125, 23.8025], [86.3125, 23.801666666666666], [86.31333333333333, 23.801666666666666], [86.31333333333333, 23.8025], [86.31416666666667, 23.8025], [86.315, 23.8025], [86.31583333333333, 23.8025], [86.31583333333333, 23.801666666666666], [86.315, 23.801666666666666], [86.31416666666667, 23.801666666666666], [86.31416666666667, 23.800833333333333], [86.31333333333333, 23.800833333333333], [86.31333333333333, 23.8], [86.3125, 23.8], [86.3125, 23.799166666666665], [86.31166666666667, 23.799166666666665], [86.31083333333333, 23.799166666666665], [86.31083333333333, 23.798333333333332], [86.31, 23.798333333333332], [86.30916666666667, 23.798333333333332], [86.30916666666667, 23.799166666666665], [86.30916666666667, 23.8], [86.30916666666667, 23.800833333333333], [86.30916666666667, 23.801666666666666], [86.30916666666667, 23.8025], [86.30916666666667, 23.80333333333333], [86.31, 23.80333333333333]], [[86.31083333333333, 23.8], [86.31083333333333, 23.800833333333333], [86.31166666666667, 23.800833333333333], [86.31166666666667, 23.801666666666666], [86.31083333333333, 23.801666666666666], [86.31, 23.801666666666666], [86.31, 23.800833333333333], [86.31, 23.8], [86.31, 23.799166666666665], [86.31083333333333, 23.799166666666665], [86.31083333333333, 23.8]]]}}, {"type": "Feature", "properties": {"product": "new_water", "area_ha": 6.27}, "geometry": {"type": "Polygon", "coordinates": [[[86.29333333333334, 23.804166666666667], [86.29333333333334, 23.80333333333333], [86.29333333333334, 23.8025], [86.29416666666667, 23.8025], [86.29416666666667, 23.80333333333333], [86.295, 23.80333333333333], [86.295, 23.8025], [86.295, 23.801666666666666], [86.29416666666667, 23.801666666666666], [86.29333333333334, 23.801666666666666], [86.2925, 23.801666666666666], [86.2925, 23.800833333333333], [86.29166666666667, 23.800833333333333], [86.29166666666667, 23.801666666666666], [86.29166666666667, 23.8025], [86.2925, 23.8025], [86.2925, 23.80333333333333], [86.2925, 23.804166666666667], [86.29333333333334, 23.804166666666667]]]}}, {"type": "Feature", "properties": {"product": "new_water", "area_ha": 6.27}, "geometry": {"type": "Polygon", "coordinates": [[[86.30083333333333, 23.813333333333333], [86.30166666666668, 23.813333333333333], [86.30166666666668, 23.814166666666665], [86.30250000000001, 23.814166666666665], [86.30250000000001, 23.813333333333333], [86.30250000000001, 23.8125], [86.30250000000001, 23.811666666666667], [86.30166666666668, 23.811666666666667], [86.30166666666668, 23.8125], [86.30083333333333, 23.8125], [86.30083333333333, 23.811666666666667], [86.3, 23.811666666666667], [86.29916666666666, 23.811666666666667], [86.29916666666666, 23.8125], [86.29916666666666, 23.813333333333333], [86.3, 23.813333333333333], [86.30083333333333, 23.813333333333333]]]}}, {"type": "Feature", "properties": {"product": "new_water", "area_ha": 13.33}, "geometry": {"type": "Polygon", "coordinates": [[[86.35416666666667, 23.7775], [86.355, 23.7775], [86.355, 23.778333333333332], [86.355, 23.779166666666665], [86.35583333333334, 23.779166666666665], [86.35666666666667, 23.779166666666665], [86.3575, 23.779166666666665], [86.3575, 23.778333333333332], [86.3575, 23.7775], [86.35666666666667, 23.7775], [86.35666666666667, 23.776666666666667], [86.35583333333334, 23.776666666666667], [86.35583333333334, 23.77583333333333], [86.355, 23.77583333333333], [86.355, 23.775], [86.35416666666667, 23.775], [86.35333333333334, 23.775], [86.3525, 23.775], [86.35166666666667, 23.775], [86.35166666666667, 23.77583333333333], [86.3525, 23.77583333333333], [86.35333333333334, 23.77583333333333], [86.35333333333334, 23.776666666666667], [86.35333333333334, 23.7775], [86.35416666666667, 23.7775]]]}}, {"type": "Feature", "properties": {"product": "new_water", "area_ha": 7.84}, "geometry": {"type": "Polygon", "coordinates": [[[86.34416666666667, 23.781666666666666], [86.345, 23.781666666666666], [86.34583333333333, 23.781666666666666], [86.34666666666666, 23.781666666666666], [86.34666666666666, 23.780833333333334], [86.34666666666666, 23.779999999999998], [86.34583333333333, 23.779999999999998], [86.34583333333333, 23.780833333333334], [86.345, 23.780833333333334], [86.345, 23.779999999999998], [86.34416666666667, 23.779999999999998], [86.34416666666667, 23.779166666666665], [86.34333333333333, 23.779166666666665], [86.34333333333333, 23.779999999999998], [86.3425, 23.779999999999998], [86.34166666666667, 23.779999999999998], [86.34166666666667, 23.780833333333334], [86.3425, 23.780833333333334], [86.34333333333333, 23.780833333333334], [86.34333333333333, 23.781666666666666], [86.34416666666667, 23.781666666666666]]]}}, {"type": "Feature", "properties": {"product": "new_water", "area_ha": 20.38}, "geometry": {"type": "Polygon", "coordinates": [[[86.35166666666667, 23.791666666666664], [86.35166666666667, 23.7925], [86.3525, 23.7925], [86.3525, 23.793333333333333], [86.35166666666667, 23.793333333333333], [86.35166666666667, 23.794166666666666], [86.35166666666667, 23.794999999999998], [86.35083333333334, 23.794999999999998], [86.35000000000001, 23.794999999999998], [86.34916666666668, 23.794999999999998], [86.34833333333333, 23.794999999999998], [86.34833333333333, 23.795833333333334], [86.34916666666668, 23.795833333333334], [86.34916666666668, 23.796666666666667], [86.35000000000001, 23.796666666666667], [86.35083333333334, 23.796666666666667], [86.35083333333334, 23.795833333333334], [86.35166666666667, 23.795833333333334], [86.3525, 23.795833333333334], [86.3525, 23.794999999999998], [86.35333333333334, 23.794999999999998], [86.35333333333334, 23.794166666666666], [86.35416666666667, 23.794166666666666], [86.35416666666667, 23.793333333333333], [86.35416666666667, 23.7925], [86.355, 23.7925], [86.355, 23.791666666666664], [86.355, 23.79083333333333], [86.35416666666667, 23.79083333333333], [86.35333333333334, 23.79083333333333], [86.35333333333334, 23.79], [86.3525, 23.79], [86.35166666666667, 23.79], [86.35083333333334, 23.79], [86.35000000000001, 23.79], [86.35000000000001, 23.79083333333333], [86.35083333333334, 23.79083333333333], [86.35166666666667, 23.79083333333333], [86.35166666666667, 23.791666666666664]]]}}, {"type": "Feature", "properties": {"product": "new_water", "area_ha": 7.05}, "geometry": {"type": "Polygon", "coordinates": [[[86.34916666666668, 23.8], [86.35000000000001, 23.8], [86.35000000000001, 23.799166666666665], [86.35000000000001, 23.798333333333332], [86.35000000000001, 23.7975], [86.34916666666668, 23.7975], [86.34833333333333, 23.7975], [86.34833333333333, 23.798333333333332], [86.3475, 23.798333333333332], [86.3475, 23.799166666666665], [86.3475, 23.8], [86.34833333333333, 23.8], [86.34833333333333, 23.800833333333333], [86.34916666666668, 23.800833333333333], [86.34916666666668, 23.8]]]}}, {"type": "Feature", "properties": {"product": "new_water", "area_ha": 8.62}, "geometry": {"type": "Polygon", "coordinates": [[[86.34916666666668, 23.805833333333332], [86.35000000000001, 23.805833333333332], [86.35083333333334, 23.805833333333332], [86.35166666666667, 23.805833333333332], [86.35166666666667, 23.805], [86.3525, 23.805], [86.35333333333334, 23.805], [86.35333333333334, 23.805833333333332], [86.35416666666667, 23.805833333333332], [86.355, 23.805833333333332], [86.355, 23.805], [86.35416666666667, 23.805], [86.35416666666667, 23.804166666666667], [86.35333333333334, 23.804166666666667], [86.3525, 23.804166666666667], [86.35166666666667, 23.804166666666667], [86.35083333333334, 23.804166666666667], [86.35000000000001, 23.804166666666667], [86.35000000000001, 23.805], [86.34916666666668, 23.805], [86.34833333333333, 23.805], [86.34833333333333, 23.805833333333332], [86.34916666666668, 23.805833333333332]]]}}, {"type": "Feature", "properties": {"product": "new_water", "area_ha": 6.27}, "geometry": {"type": "Polygon", "coordinates": [[[86.3425, 23.856666666666666], [86.34166666666667, 23.856666666666666], [86.34083333333334, 23.856666666666666], [86.34083333333334, 23.855833333333333], [86.34, 23.855833333333333], [86.34, 23.855], [86.33916666666667, 23.855], [86.33916666666667, 23.855833333333333], [86.33916666666667, 23.856666666666666], [86.33916666666667, 23.857499999999998], [86.33916666666667, 23.858333333333334], [86.34, 23.858333333333334], [86.34, 23.857499999999998], [86.34083333333334, 23.857499999999998], [86.34166666666667, 23.857499999999998], [86.3425, 23.857499999999998], [86.3425, 23.856666666666666]]]}}, {"type": "Feature", "properties": {"product": "new_water", "area_ha": 10.98}, "geometry": {"type": "Polygon", "coordinates": [[[86.35666666666667, 23.688333333333333], [86.35666666666667, 23.689166666666665], [86.3575, 23.689166666666665], [86.3575, 23.689999999999998], [86.35833333333333, 23.689999999999998], [86.35916666666667, 23.689999999999998], [86.36, 23.689999999999998], [86.36083333333333, 23.689999999999998], [86.36083333333333, 23.689166666666665], [86.36166666666666, 23.689166666666665], [86.3625, 23.689166666666665], [86.3625, 23.688333333333333], [86.36166666666666, 23.688333333333333], [86.36083333333333, 23.688333333333333], [86.36, 23.688333333333333], [86.35916666666667, 23.688333333333333], [86.35833333333333, 23.688333333333333], [86.3575, 23.688333333333333], [86.3575, 23.6875], [86.3575, 23.686666666666667], [86.35666666666667, 23.686666666666667], [86.35583333333334, 23.686666666666667], [86.35583333333334, 23.6875], [86.35666666666667, 23.6875], [86.35666666666667, 23.688333333333333]]]}}, {"type": "Feature", "properties": {"product": "new_water", "area_ha": 346.56}, "geometry": {"type": "Polygon", "coordinates": [[[86.36500000000001, 23.76833333333333], [86.36583333333334, 23.76833333333333], [86.36583333333334, 23.7675], [86.36583333333334, 23.766666666666666], [86.36666666666667, 23.766666666666666], [86.36666666666667, 23.765833333333333], [86.3675, 23.765833333333333], [86.3675, 23.766666666666666], [86.3675, 23.7675], [86.36833333333334, 23.7675], [86.36833333333334, 23.766666666666666], [86.36833333333334, 23.765833333333333], [86.36916666666667, 23.765833333333333], [86.36916666666667, 23.766666666666666], [86.37, 23.766666666666666], [86.37, 23.7675], [86.37083333333334, 23.7675], [86.37083333333334, 23.766666666666666], [86.37166666666667, 23.766666666666666], [86.37166666666667, 23.765833333333333], [86.3725, 23.765833333333333], [86.37333333333333, 23.765833333333333], [86.37333333333333, 23.765], [86.37416666666667, 23.765], [86.375, 23.765], [86.375, 23.764166666666664], [86.37583333333333, 23.764166666666664], [86.37583333333333, 23.765], [86.37666666666667, 23.765], [86.37666666666667, 23.764166666666664], [86.3775, 23.764166666666664], [86.37833333333333, 23.764166666666664], [86.37916666666666, 23.764166666666664], [86.38000000000001, 23.764166666666664], [86.38000000000001, 23.763333333333332], [86.38083333333334, 23.763333333333332], [86.38083333333334, 23.7625], [86.38166666666667, 23.7625], [86.38166666666667, 23.761666666666667], [86.38250000000001, 23.761666666666667], [86.38250000000001, 23.760833333333334], [86.38333333333334, 23.760833333333334], [86.38416666666667, 23.760833333333334], [86.385, 23.760833333333334], [86.385, 23.761666666666667], [86.385, 23.7625], [86.38583333333334, 23.7625], [86.38666666666667, 23.7625], [86.38666666666667, 23.763333333333332], [86.38583333333334, 23.763333333333332], [86.385, 23.763333333333332], [86.385, 23.764166666666664], [86.385, 23.765], [86.38416666666667, 23.765], [86.38333333333334, 23.765], [86.38333333333334, 23.765833333333333], [86.38250000000001, 23.765833333333333], [86.38250000000001, 23.766666666666666], [86.38333333333334, 23.766666666666666], [86.38333333333334, 23.7675], [86.38333333333334, 23.76833333333333], [86.38250000000001, 23.76833333333333], [86.38166666666667, 23.76833333333333], [86.38166666666667, 23.769166666666667], [86.38083333333334, 23.769166666666667], [86.38083333333334, 23.77], [86.38083333333334, 23.770833333333332], [86.38166666666667, 23.770833333333332], [86.38166666666667, 23.77], [86.38250000000001, 23.77], [86.38250000000001, 23.769166666666667], [86.38333333333334, 23.769166666666667], [86.38333333333334, 23.77], [86.38416666666667, 23.77], [86.38416666666667, 23.770833333333332], [86.385, 23.770833333333332], [86.385, 23.77], [86.385, 23.769166666666667], [86.38583333333334, 23.769166666666667], [86.38583333333334, 23.76833333333333], [86.385, 23.76833333333333], [86.385, 23.7675], [86.38583333333334, 23.7675], [86.38666666666667, 23.7675], [86.3875, 23.7675], [86.3875, 23.766666666666666], [86.38833333333334, 23.766666666666666], [86.38833333333334, 23.765833333333333], [86.38916666666667, 23.765833333333333], [86.38916666666667, 23.765], [86.38833333333334, 23.765], [86.38833333333334, 23.764166666666664], [86.3875, 23.764166666666664], [86.3875, 23.763333333333332], [86.3875, 23.7625], [86.3875, 23.761666666666667], [86.3875, 23.760833333333334], [86.38833333333334, 23.760833333333334], [86.38916666666667, 23.760833333333334], [86.38916666666667, 23.761666666666667], [86.38916666666667, 23.7625], [86.38916666666667, 23.763333333333332], [86.38916666666667, 23.764166666666664], [86.39, 23.764166666666664], [86.39, 23.763333333333332], [86.39083333333333, 23.763333333333332], [86.39083333333333, 23.7625], [86.39083333333333, 23.761666666666667], [86.39166666666667, 23.761666666666667], [86.39166666666667, 23.760833333333334], [86.3925, 23.760833333333334], [86.3925, 23.759999999999998], [86.39333333333333, 23.759999999999998], [86.39333333333333, 23.759166666666665], [86.39333333333333, 23.758333333333333], [86.39416666666666, 23.758333333333333], [86.395, 23.758333333333333], [86.39583333333334, 23.758333333333333], [86.39583333333334, 23.7575], [86.395, 23.7575], [86.39416666666666, 23.7575], [86.39416666666666, 23.756666666666668], [86.39333333333333, 23.756666666666668], [86.3925, 23.756666666666668], [86.3925, 23.7575], [86.3925, 23.758333333333333], [86.39166666666667, 23.758333333333333], [86.39166666666667, 23.7575], [86.39166666666667, 23.756666666666668], [86.39083333333333, 23.756666666666668], [86.39, 23.756666666666668], [86.38916666666667, 23.756666666666668], [86.38833333333334, 23.756666666666668], [86.38833333333334, 23.75583333333333], [86.38833333333334, 23.755], [86.3875, 23.755], [86.3875, 23.754166666666666], [86.38666666666667, 23.754166666666666], [86.38666666666667, 23.753333333333334], [86.38583333333334, 23.753333333333334], [86.385, 23.753333333333334], [86.385, 23.752499999999998], [86.38416666666667, 23.752499999999998], [86.38333333333334, 23.752499999999998], [86.38333333333334, 23.751666666666665], [86.38416666666667, 23.751666666666665], [86.38416666666667, 23.750833333333333], [86.38333333333334, 23.750833333333333], [86.38250000000001, 23.750833333333333], [86.38250000000001, 23.75], [86.38166666666667, 23.75], [86.38083333333334, 23.75], [86.38000000000001, 23.75], [86.38000000000001, 23.749166666666667], [86.38000000000001, 23.74833333333333], [86.37916666666666, 23.74833333333333], [86.37916666666666, 23.7475], [86.37916666666666, 23.746666666666666], [86.38000000000001, 23.746666666666666], [86.38000000000001, 23.745833333333334], [86.37916666666666, 23.745833333333334], [86.37916666666666, 23.745], [86.37833333333333, 23.745], [86.3775, 23.745], [86.3775, 23.744166666666665], [86.37833333333333, 23.744166666666665], [86.37916666666666, 23.744166666666665], [86.37916666666666, 23.743333333333332], [86.37916666666666, 23.7425], [86.37916666666666, 23.741666666666667], [86.38000000000001, 23.741666666666667], [86.38083333333334, 23.741666666666667], [86.38166666666667, 23.741666666666667], [86.38166666666667, 23.74083333333333], [86.38250000000001, 23.74083333333333], [86.38250000000001, 23.74], [86.38333333333334, 23.74], [86.38416666666667, 23.74], [86.385, 23.74], [86.385, 23.739166666666666], [86.38416666666667, 23.739166666666666], [86.38333333333334, 23.739166666666666], [86.38333333333334, 23.738333333333333], [86.38250000000001, 23.738333333333333], [86.38250000000001, 23.7375], [86.38333333333334, 23.7375], [86.38333333333334, 23.736666666666665], [86.38250000000001, 23.736666666666665], [86.38166666666667, 23.736666666666665], [86.38166666666667, 23.735833333333332], [86.38166666666667, 23.735], [86.38166666666667, 23.734166666666667], [86.38083333333334, 23.734166666666667], [86.38083333333334, 23.735], [86.38000000000001, 23.735], [86.38000000000001, 23.735833333333332], [86.38000000000001, 23.736666666666665], [86.37916666666666, 23.736666666666665], [86.37916666666666, 23.7375], [86.37916666666666, 23.738333333333333], [86.37916666666666, 23.739166666666666], [86.37833333333333, 23.739166666666666], [86.37833333333333, 23.74], [86.37833333333333, 23.74083333333333], [86.3775, 23.74083333333333], [86.3775, 23.741666666666667], [86.3775, 23.7425], [86.37666666666667, 23.7425], [86.37583333333333, 23.7425], [86.37583333333333, 23.743333333333332], [86.37583333333333, 23.744166666666665], [86.375, 23.744166666666665], [86.37416666666667, 23.744166666666665], [86.37416666666667, 23.745], [86.375, 23.745], [86.375, 23.745833333333334], [86.37583333333333, 23.745833333333334], [86.37583333333333, 23.746666666666666], [86.375, 23.746666666666666], [86.375, 23.7475], [86.375, 23.74833333333333], [86.375, 23.749166666666667], [86.375, 23.75], [86.37416666666667, 23.75], [86.37416666666667, 23.749166666666667], [86.37333333333333, 23.749166666666667], [86.37333333333333, 23.75], [86.3725, 23.75], [86.3725, 23.750833333333333], [86.37333333333333, 23.750833333333333], [86.37416666666667, 23.750833333333333], [86.375, 23.750833333333333], [86.37583333333333, 23.750833333333333], [86.37583333333333, 23.751666666666665], [86.375, 23.751666666666665], [86.375, 23.752499999999998], [86.37583333333333, 23.752499999999998], [86.37583333333333, 23.753333333333334], [86.37583333333333, 23.754166666666666], [86.37666666666667, 23.754166666666666], [86.3775, 23.754166666666666], [86.3775, 23.755], [86.3775, 23.75583333333333], [86.37666666666667, 23.75583333333333], [86.37583333333333, 23.75583333333333], [86.37583333333333, 23.755], [86.375, 23.755], [86.37416666666667, 23.755], [86.37416666666667, 23.75583333333333], [86.37333333333333, 23.75583333333333], [86.37333333333333, 23.755], [86.3725, 23.755], [86.37166666666667, 23.755], [86.37166666666667, 23.754166666666666], [86.37083333333334, 23.754166666666666], [86.37083333333334, 23.753333333333334], [86.37083333333334, 23.752499999999998], [86.37, 23.752499999999998], [86.37, 23.753333333333334], [86.36916666666667, 23.753333333333334], [86.36916666666667, 23.754166666666666], [86.37, 23.754166666666666], [86.37, 23.755], [86.37, 23.75583333333333], [86.37083333333334, 23.75583333333333], [86.37166666666667, 23.75583333333333], [86.37166666666667, 23.756666666666668], [86.37083333333334, 23.756666666666668], [86.37, 23.756666666666668], [86.37, 23.7575], [86.37083333333334, 23.7575], [86.37083333333334, 23.758333333333333], [86.37166666666667, 23.758333333333333], [86.37166666666667, 23.759166666666665], [86.37083333333334, 23.759166666666665], [86.37083333333334, 23.759999999999998], [86.37, 23.759999999999998], [86.37, 23.760833333333334], [86.36916666666667, 23.760833333333334], [86.36916666666667, 23.761666666666667], [86.36833333333334, 23.761666666666667], [86.3675, 23.761666666666667], [86.3675, 23.7625], [86.36666666666667, 23.7625], [86.36666666666667, 23.763333333333332], [86.36583333333334, 23.763333333333332], [86.36583333333334, 23.764166666666664], [86.36583333333334, 23.765], [86.36583333333334, 23.765833333333333], [86.36500000000001, 23.765833333333333], [86.36416666666668, 23.765833333333333], [86.36416666666668, 23.765], [86.36333333333333, 23.765], [86.36333333333333, 23.764166666666664], [86.3625, 23.764166666666664], [86.3625, 23.765], [86.36166666666666, 23.765], [86.36166666666666, 23.765833333333333], [86.36166666666666, 23.766666666666666], [86.3625, 23.766666666666666], [86.36333333333333, 23.766666666666666], [86.36416666666668, 23.766666666666666], [86.36500000000001, 23.766666666666666], [86.36500000000001, 23.7675], [86.36500000000001, 23.76833333333333]], [[86.37916666666666, 23.763333333333332], [86.37833333333333, 23.763333333333332], [86.37833333333333, 23.7625], [86.37833333333333, 23.761666666666667], [86.37916666666666, 23.761666666666667], [86.38000000000001, 23.761666666666667], [86.38000000000001, 23.7625], [86.38000000000001, 23.763333333333332], [86.37916666666666, 23.763333333333332]], [[86.38666666666667, 23.760833333333334], [86.38666666666667, 23.761666666666667], [86.38583333333334, 23.761666666666667], [86.38583333333334, 23.760833333333334], [86.38583333333334, 23.759999999999998], [86.385, 23.759999999999998], [86.385, 23.759166666666665], [86.38583333333334, 23.759166666666665], [86.38583333333334, 23.758333333333333], [86.38666666666667, 23.758333333333333], [86.38666666666667, 23.759166666666665], [86.38666666666667, 23.759999999999998], [86.3875, 23.759999999999998], [86.3875, 23.760833333333334], [86.38666666666667, 23.760833333333334]], [[86.385, 23.754166666666666], [86.38416666666667, 23.754166666666666], [86.38333333333334, 23.754166666666666], [86.38333333333334, 23.753333333333334], [86.38416666666667, 23.753333333333334], [86.385, 23.753333333333334], [86.385, 23.754166666666666]], [[86.38000000000001, 23.750833333333333], [86.38000000000001, 23.751666666666665], [86.37916666666666, 23.751666666666665], [86.37833333333333, 23.751666666666665], [86.37833333333333, 23.750833333333333], [86.37833333333333, 23.75], [86.37916666666666, 23.75], [86.38000000000001, 23.75], [86.38000000000001, 23.750833333333333]], [[86.37666666666667, 23.744166666666665], [86.37666666666667, 23.743333333333332], [86.3775, 23.743333333333332], [86.3775, 23.744166666666665], [86.37666666666667, 23.744166666666665]], [[86.37333333333333, 23.756666666666668], [86.3725, 23.756666666666668], [86.3725, 23.75583333333333], [86.37333333333333, 23.75583333333333], [86.37333333333333, 23.756666666666668]], [[86.37083333333334, 23.761666666666667], [86.37083333333334, 23.760833333333334], [86.37166666666667, 23.760833333333334], [86.37166666666667, 23.761666666666667], [86.37166666666667, 23.7625], [86.37083333333334, 23.7625], [86.37083333333334, 23.761666666666667]], [[86.37333333333333, 23.759166666666665], [86.37333333333333, 23.759999999999998], [86.3725, 23.759999999999998], [86.3725, 23.759166666666665], [86.37333333333333, 23.759166666666665]], [[86.37666666666667, 23.761666666666667], [86.37666666666667, 23.7625], [86.37583333333333, 23.7625], [86.375, 23.7625], [86.375, 23.761666666666667], [86.37583333333333, 23.761666666666667], [86.37583333333333, 23.760833333333334], [86.37666666666667, 23.760833333333334], [86.37666666666667, 23.761666666666667]], [[86.3775, 23.7575], [86.3775, 23.756666666666668], [86.37833333333333, 23.756666666666668], [86.37833333333333, 23.7575], [86.37833333333333, 23.758333333333333], [86.3775, 23.758333333333333], [86.3775, 23.7575]], [[86.37166666666667, 23.763333333333332], [86.37166666666667, 23.764166666666664], [86.37083333333334, 23.764166666666664], [86.37083333333334, 23.763333333333332], [86.37166666666667, 23.763333333333332]], [[86.37666666666667, 23.750833333333333], [86.3775, 23.750833333333333], [86.3775, 23.751666666666665], [86.3775, 23.752499999999998], [86.37666666666667, 23.752499999999998], [86.37666666666667, 23.751666666666665], [86.37666666666667, 23.750833333333333]], [[86.36833333333334, 23.7625], [86.36916666666667, 23.7625], [86.36916666666667, 23.763333333333332], [86.36916666666667, 23.764166666666664], [86.36833333333334, 23.764166666666664], [86.36833333333334, 23.763333333333332], [86.36833333333334, 23.7625]], [[86.38416666666667, 23.7575], [86.38333333333334, 23.7575], [86.38333333333334, 23.756666666666668], [86.38416666666667, 23.756666666666668], [86.38416666666667, 23.7575]], [[86.38250000000001, 23.756666666666668], [86.38250000000001, 23.7575], [86.38166666666667, 23.7575], [86.38083333333334, 23.7575], [86.38083333333334, 23.756666666666668], [86.38083333333334, 23.75583333333333], [86.38083333333334, 23.755], [86.38166666666667, 23.755], [86.38250000000001, 23.755], [86.38250000000001, 23.75583333333333], [86.38333333333334, 23.75583333333333], [86.38333333333334, 23.756666666666668], [86.38250000000001, 23.756666666666668]], [[86.38166666666667, 23.752499999999998], [86.38083333333334, 23.752499999999998], [86.38083333333334, 23.751666666666665], [86.38166666666667, 23.751666666666665], [86.38166666666667, 23.752499999999998]], [[86.38000000000001, 23.758333333333333], [86.38083333333334, 23.758333333333333], [86.38083333333334, 23.759166666666665], [86.38000000000001, 23.759166666666665], [86.38000000000001, 23.758333333333333]], [[86.38250000000001, 23.759166666666665], [86.38250000000001, 23.759999999999998], [86.38166666666667, 23.759999999999998], [86.38166666666667, 23.759166666666665], [86.38166666666667, 23.758333333333333], [86.38250000000001, 23.758333333333333], [86.38250000000001, 23.759166666666665]], [[86.38416666666667, 23.766666666666666], [86.38416666666667, 23.765833333333333], [86.385, 23.765833333333333], [86.385, 23.766666666666666], [86.38416666666667, 23.766666666666666]], [[86.38833333333334, 23.759166666666665], [86.38833333333334, 23.758333333333333], [86.3875, 23.758333333333333], [86.3875, 23.7575], [86.38833333333334, 23.7575], [86.38916666666667, 23.7575], [86.39, 23.7575], [86.39, 23.758333333333333], [86.38916666666667, 23.758333333333333], [86.38916666666667, 23.759166666666665], [86.38916666666667, 23.759999999999998], [86.38833333333334, 23.759999999999998], [86.38833333333334, 23.759166666666665]], [[86.38583333333334, 23.75583333333333], [86.38583333333334, 23.755], [86.38666666666667, 23.755], [86.38666666666667, 23.75583333333333], [86.38583333333334, 23.75583333333333]], [[86.3875, 23.75583333333333], [86.3875, 23.756666666666668], [86.38666666666667, 23.756666666666668], [86.38666666666667, 23.75583333333333], [86.3875, 23.75583333333333]]]}}, {"type": "Feature", "properties": {"product": "new_water", "area_ha": 24.3}, "geometry": {"type": "Polygon", "coordinates": [[[86.36166666666666, 23.771666666666665], [86.36166666666666, 23.7725], [86.3625, 23.7725], [86.36333333333333, 23.7725], [86.36416666666668, 23.7725], [86.36500000000001, 23.7725], [86.36583333333334, 23.7725], [86.36666666666667, 23.7725], [86.3675, 23.7725], [86.36833333333334, 23.7725], [86.36833333333334, 23.771666666666665], [86.36916666666667, 23.771666666666665], [86.36916666666667, 23.770833333333332], [86.36916666666667, 23.77], [86.36833333333334, 23.77], [86.3675, 23.77], [86.3675, 23.769166666666667], [86.36833333333334, 23.769166666666667], [86.36916666666667, 23.769166666666667], [86.37, 23.769166666666667], [86.37, 23.76833333333333], [86.37, 23.7675], [86.36916666666667, 23.7675], [86.36916666666667, 23.76833333333333], [86.36833333333334, 23.76833333333333], [86.3675, 23.76833333333333], [86.3675, 23.7675], [86.36666666666667, 23.7675], [86.36666666666667, 23.76833333333333], [86.36583333333334, 23.76833333333333], [86.36583333333334, 23.769166666666667], [86.36500000000001, 23.769166666666667], [86.36500000000001, 23.77], [86.36416666666668, 23.77], [86.36416666666668, 23.770833333333332], [86.36333333333333, 23.770833333333332], [86.36333333333333, 23.771666666666665], [86.3625, 23.771666666666665], [86.36166666666666, 23.771666666666665]]]}}, {"type": "Feature", "properties": {"product": "new_water", "area_ha": 19.6}, "geometry": {"type": "Polygon", "coordinates": [[[86.355, 23.775], [86.35583333333334, 23.775], [86.35583333333334, 23.77583333333333], [86.35666666666667, 23.77583333333333], [86.3575, 23.77583333333333], [86.3575, 23.775], [86.35833333333333, 23.775], [86.35916666666667, 23.775], [86.36, 23.775], [86.36, 23.77583333333333], [86.36, 23.776666666666667], [86.36, 23.7775], [86.36083333333333, 23.7775], [86.36083333333333, 23.776666666666667], [86.36083333333333, 23.77583333333333], [86.36166666666666, 23.77583333333333], [86.36166666666666, 23.775], [86.36083333333333, 23.775], [86.36083333333333, 23.774166666666666], [86.36166666666666, 23.774166666666666], [86.36166666666666, 23.773333333333333], [86.36166666666666, 23.7725], [86.36083333333333, 23.7725], [86.36083333333333, 23.771666666666665], [86.36, 23.771666666666665], [86.35916666666667, 23.771666666666665], [86.35916666666667, 23.7725], [86.35833333333333, 23.7725], [86.3575, 23.7725], [86.3575, 23.773333333333333], [86.3575, 23.774166666666666], [86.35666666666667, 23.774166666666666], [86.35583333333334, 23.774166666666666], [86.355, 23.774166666666666], [86.355, 23.775]]]}}, {"type": "Feature", "properties": {"product": "new_water", "area_ha": 10.19}, "geometry": {"type": "Polygon", "coordinates": [[[86.36, 23.780833333333334], [86.36, 23.781666666666666], [86.36083333333333, 23.781666666666666], [86.36083333333333, 23.780833333333334], [86.36166666666666, 23.780833333333334], [86.36166666666666, 23.779999999999998], [86.36166666666666, 23.779166666666665], [86.3625, 23.779166666666665], [86.3625, 23.778333333333332], [86.36333333333333, 23.778333333333332], [86.36416666666668, 23.778333333333332], [86.36416666666668, 23.7775], [86.36333333333333, 23.7775], [86.36333333333333, 23.776666666666667], [86.3625, 23.776666666666667], [86.36166666666666, 23.776666666666667], [86.36166666666666, 23.7775], [86.36083333333333, 23.7775], [86.36083333333333, 23.778333333333332], [86.36083333333333, 23.779166666666665], [86.36, 23.779166666666665], [86.36, 23.779999999999998], [86.36, 23.780833333333334]]]}}, {"type": "Feature", "properties": {"product": "new_water", "area_ha": 15.68}, "geometry": {"type": "Polygon", "coordinates": [[[86.35583333333334, 23.79], [86.35666666666667, 23.79], [86.3575, 23.79], [86.35833333333333, 23.79], [86.35916666666667, 23.79], [86.36, 23.79], [86.36083333333333, 23.79], [86.36166666666666, 23.79], [86.36166666666666, 23.789166666666667], [86.36083333333333, 23.789166666666667], [86.36083333333333, 23.788333333333334], [86.36083333333333, 23.787499999999998], [86.36, 23.787499999999998], [86.36, 23.788333333333334], [86.36, 23.789166666666667], [86.35916666666667, 23.789166666666667], [86.35916666666667, 23.788333333333334], [86.35916666666667, 23.787499999999998], [86.35833333333333, 23.787499999999998], [86.3575, 23.787499999999998], [86.3575, 23.786666666666665], [86.3575, 23.785833333333333], [86.35666666666667, 23.785833333333333], [86.35666666666667, 23.786666666666665], [86.35583333333334, 23.786666666666665], [86.35583333333334, 23.787499999999998], [86.35583333333334, 23.788333333333334], [86.35583333333334, 23.789166666666667], [86.35583333333334, 23.79]]]}}, {"type": "Feature", "properties": {"product": "new_water", "area_ha": 22.73}, "geometry": {"type": "Polygon", "coordinates": [[[86.36166666666666, 23.7925], [86.36083333333333, 23.7925], [86.36, 23.7925], [86.36, 23.793333333333333], [86.36083333333333, 23.793333333333333], [86.36166666666666, 23.793333333333333], [86.3625, 23.793333333333333], [86.3625, 23.794166666666666], [86.36333333333333, 23.794166666666666], [86.36416666666668, 23.794166666666666], [86.36416666666668, 23.793333333333333], [86.36500000000001, 23.793333333333333], [86.36500000000001, 23.7925], [86.36583333333334, 23.7925], [86.36666666666667, 23.7925], [86.36666666666667, 23.791666666666664], [86.3675, 23.791666666666664], [86.3675, 23.79083333333333], [86.3675, 23.79], [86.36833333333334, 23.79], [86.36833333333334, 23.789166666666667], [86.3675, 23.789166666666667], [86.3675, 23.788333333333334], [86.36666666666667, 23.788333333333334], [86.36666666666667, 23.789166666666667], [86.36666666666667, 23.79], [86.36583333333334, 23.79], [86.36500000000001, 23.79], [86.36416666666668, 23.79], [86.36333333333333, 23.79], [86.36333333333333, 23.79083333333333], [86.3625, 23.79083333333333], [86.36166666666666, 23.79083333333333], [86.36083333333333, 23.79083333333333], [86.36083333333333, 23.791666666666664], [86.36166666666666, 23.791666666666664], [86.36166666666666, 23.7925]], [[86.3625, 23.7925], [86.36333333333333, 23.7925], [86.36333333333333, 23.793333333333333], [86.3625, 23.793333333333333], [86.3625, 23.7925]]]}}, {"type": "Feature", "properties": {"product": "new_water", "area_ha": 27.43}, "geometry": {"type": "Polygon", "coordinates": [[[86.35666666666667, 23.793333333333333], [86.35666666666667, 23.794166666666666], [86.35583333333334, 23.794166666666666], [86.35583333333334, 23.794999999999998], [86.35666666666667, 23.794999999999998], [86.3575, 23.794999999999998], [86.35833333333333, 23.794999999999998], [86.35916666666667, 23.794999999999998], [86.35916666666667, 23.795833333333334], [86.35833333333333, 23.795833333333334], [86.35833333333333, 23.796666666666667], [86.35833333333333, 23.7975], [86.35833333333333, 23.798333333333332], [86.3575, 23.798333333333332], [86.35666666666667, 23.798333333333332], [86.35583333333334, 23.798333333333332], [86.35583333333334, 23.799166666666665], [86.35666666666667, 23.799166666666665], [86.3575, 23.799166666666665], [86.3575, 23.8], [86.35833333333333, 23.8], [86.35916666666667, 23.8], [86.36, 23.8], [86.36083333333333, 23.8], [86.36083333333333, 23.799166666666665], [86.36083333333333, 23.798333333333332], [86.36, 23.798333333333332], [86.36, 23.7975], [86.35916666666667, 23.7975], [86.35916666666667, 23.796666666666667], [86.36, 23.796666666666667], [86.36, 23.795833333333334], [86.36083333333333, 23.795833333333334], [86.36083333333333, 23.796666666666667], [86.36083333333333, 23.7975], [86.36166666666666, 23.7975], [86.3625, 23.7975], [86.36333333333333, 23.7975], [86.36333333333333, 23.796666666666667], [86.36333333333333, 23.795833333333334], [86.3625, 23.795833333333334], [86.36166666666666, 23.795833333333334], [86.36166666666666, 23.794999999999998], [86.36083333333333, 23.794999999999998], [86.36, 23.794999999999998], [86.36, 23.794166666666666], [86.35916666666667, 23.794166666666666], [86.35833333333333, 23.794166666666666], [86.3575, 23.794166666666666], [86.3575, 23.793333333333333], [86.3575, 23.7925], [86.35833333333333, 23.7925], [86.35916666666667, 23.7925], [86.35916666666667, 23.791666666666664], [86.35916666666667, 23.79083333333333], [86.35833333333333, 23.79083333333333], [86.35833333333333, 23.791666666666664], [86.3575, 23.791666666666664], [86.35666666666667, 23.791666666666664], [86.35666666666667, 23.7925], [86.35666666666667, 23.793333333333333]]]}}, {"type": "Feature", "properties": {"product": "new_water", "area_ha": 6.27}, "geometry": {"type": "Polygon", "coordinates": [[[86.35833333333333, 23.805833333333332], [86.35916666666667, 23.805833333333332], [86.35916666666667, 23.805], [86.35916666666667, 23.804166666666667], [86.35833333333333, 23.804166666666667], [86.3575, 23.804166666666667], [86.3575, 23.80333333333333], [86.35666666666667, 23.80333333333333], [86.35666666666667, 23.804166666666667], [86.35583333333334, 23.804166666666667], [86.355, 23.804166666666667], [86.355, 23.805], [86.35583333333334, 23.805], [86.35666666666667, 23.805], [86.3575, 23.805], [86.3575, 23.805833333333332], [86.35833333333333, 23.805833333333332]]]}}, {"type": "Feature", "properties": {"product": "new_water", "area_ha": 6.28}, "geometry": {"type": "Polygon", "coordinates": [[[86.3725, 23.700833333333332], [86.3725, 23.701666666666664], [86.37333333333333, 23.701666666666664], [86.37333333333333, 23.700833333333332], [86.37333333333333, 23.7], [86.37333333333333, 23.699166666666667], [86.37333333333333, 23.698333333333334], [86.3725, 23.698333333333334], [86.3725, 23.697499999999998], [86.37166666666667, 23.697499999999998], [86.37166666666667, 23.698333333333334], [86.37166666666667, 23.699166666666667], [86.37166666666667, 23.7], [86.37166666666667, 23.700833333333332], [86.3725, 23.700833333333332]]]}}, {"type": "Feature", "properties": {"product": "new_water", "area_ha": 6.27}, "geometry": {"type": "Polygon", "coordinates": [[[86.36833333333334, 23.758333333333333], [86.36833333333334, 23.7575], [86.36916666666667, 23.7575], [86.36916666666667, 23.756666666666668], [86.36833333333334, 23.756666666666668], [86.36833333333334, 23.75583333333333], [86.3675, 23.75583333333333], [86.3675, 23.755], [86.36666666666667, 23.755], [86.36666666666667, 23.75583333333333], [86.36666666666667, 23.756666666666668], [86.36583333333334, 23.756666666666668], [86.36583333333334, 23.7575], [86.36666666666667, 23.7575], [86.3675, 23.7575], [86.3675, 23.758333333333333], [86.36833333333334, 23.758333333333333]]]}}, {"type": "Feature", "properties": {"product": "new_water", "area_ha": 9.41}, "geometry": {"type": "Polygon", "coordinates": [[[86.36500000000001, 23.7625], [86.36583333333334, 23.7625], [86.36583333333334, 23.761666666666667], [86.36666666666667, 23.761666666666667], [86.3675, 23.761666666666667], [86.3675, 23.760833333333334], [86.36833333333334, 23.760833333333334], [86.36833333333334, 23.759999999999998], [86.36833333333334, 23.759166666666665], [86.3675, 23.759166666666665], [86.36666666666667, 23.759166666666665], [86.36583333333334, 23.759166666666665], [86.36583333333334, 23.759999999999998], [86.36500000000001, 23.759999999999998], [86.36500000000001, 23.760833333333334], [86.36416666666668, 23.760833333333334], [86.36416666666668, 23.761666666666667], [86.36416666666668, 23.7625], [86.36500000000001, 23.7625]], [[86.36666666666667, 23.760833333333334], [86.36666666666667, 23.759999999999998], [86.3675, 23.759999999999998], [86.3675, 23.760833333333334], [86.36666666666667, 23.760833333333334]]]}}, {"type": "Feature", "properties": {"product": "new_water", "area_ha": 14.11}, "geometry": {"type": "Polygon", "coordinates": [[[86.37083333333334, 23.776666666666667], [86.37083333333334, 23.7775], [86.37083333333334, 23.778333333333332], [86.37166666666667, 23.778333333333332], [86.37166666666667, 23.779166666666665], [86.37166666666667, 23.779999999999998], [86.3725, 23.779999999999998], [86.37333333333333, 23.779999999999998], [86.37416666666667, 23.779999999999998], [86.37416666666667, 23.780833333333334], [86.375, 23.780833333333334], [86.375, 23.779999999999998], [86.375, 23.779166666666665], [86.375, 23.778333333333332], [86.375, 23.7775], [86.37416666666667, 23.7775], [86.37416666666667, 23.776666666666667], [86.37333333333333, 23.776666666666667], [86.3725, 23.776666666666667], [86.37166666666667, 23.776666666666667], [86.37083333333334, 23.776666666666667]]]}}, {"type": "Feature", "properties": {"product": "new_water", "area_ha": 29.79}, "geometry": {"type": "Polygon", "coordinates": [[[86.36583333333334, 23.78333333333333], [86.36666666666667, 23.78333333333333], [86.36666666666667, 23.784166666666668], [86.36583333333334, 23.784166666666668], [86.36583333333334, 23.785], [86.36666666666667, 23.785], [86.3675, 23.785], [86.3675, 23.785833333333333], [86.36666666666667, 23.785833333333333], [86.36583333333334, 23.785833333333333], [86.36583333333334, 23.786666666666665], [86.36666666666667, 23.786666666666665], [86.36666666666667, 23.787499999999998], [86.3675, 23.787499999999998], [86.3675, 23.786666666666665], [86.36833333333334, 23.786666666666665], [86.36916666666667, 23.786666666666665], [86.36916666666667, 23.785833333333333], [86.37, 23.785833333333333], [86.37, 23.785], [86.37083333333334, 23.785], [86.37083333333334, 23.784166666666668], [86.37166666666667, 23.784166666666668], [86.37166666666667, 23.78333333333333], [86.37166666666667, 23.7825], [86.37083333333334, 23.7825], [86.37083333333334, 23.781666666666666], [86.37083333333334, 23.780833333333334], [86.37083333333334, 23.779999999999998], [86.37083333333334, 23.779166666666665], [86.37, 23.779166666666665], [86.36916666666667, 23.779166666666665], [86.36916666666667, 23.779999999999998], [86.36916666666667, 23.780833333333334], [86.37, 23.780833333333334], [86.37, 23.781666666666666], [86.36916666666667, 23.781666666666666], [86.36833333333334, 23.781666666666666], [86.36833333333334, 23.7825], [86.3675, 23.7825], [86.3675, 23.781666666666666], [86.3675, 23.780833333333334], [86.3675, 23.779999999999998], [86.36666666666667, 23.779999999999998], [86.36583333333334, 23.779999999999998], [86.36583333333334, 23.779166666666665], [86.36500000000001, 23.779166666666665], [86.36500000000001, 23.779999999999998], [86.36500000000001, 23.780833333333334], [86.36583333333334, 23.780833333333334], [86.36666666666667, 23.780833333333334], [86.36666666666667, 23.781666666666666], [86.36666666666667, 23.7825], [86.36583333333334, 23.7825], [86.36583333333334, 23.78333333333333]], [[86.36916666666667, 23.7825], [86.37, 23.7825], [86.37, 23.78333333333333], [86.36916666666667, 23.78333333333333], [86.36833333333334, 23.78333333333333], [86.36833333333334, 23.7825], [86.36916666666667, 23.7825]], [[86.36833333333334, 23.784166666666668], [86.3675, 23.784166666666668], [86.3675, 23.78333333333333], [86.36833333333334, 23.78333333333333], [86.36833333333334, 23.784166666666668]]]}}, {"type": "Feature", "properties": {"product": "new_water", "area_ha": 11.76}, "geometry": {"type": "Polygon", "coordinates": [[[86.37166666666667, 23.79083333333333], [86.37083333333334, 23.79083333333333], [86.37083333333334, 23.791666666666664], [86.37166666666667, 23.791666666666664], [86.3725, 23.791666666666664], [86.37333333333333, 23.791666666666664], [86.37416666666667, 23.791666666666664], [86.37416666666667, 23.7925], [86.375, 23.7925], [86.37583333333333, 23.7925], [86.37583333333333, 23.791666666666664], [86.37666666666667, 23.791666666666664], [86.37666666666667, 23.79083333333333], [86.37666666666667, 23.79], [86.37583333333333, 23.79], [86.375, 23.79], [86.37416666666667, 23.79], [86.37333333333333, 23.79], [86.3725, 23.79], [86.37166666666667, 23.79], [86.37166666666667, 23.79083333333333]]]}}, {"type": "Feature", "properties": {"product": "new_water", "area_ha": 28.22}, "geometry": {"type": "Polygon", "coordinates": [[[86.37083333333334, 23.794166666666666], [86.37083333333334, 23.794999999999998], [86.37083333333334, 23.795833333333334], [86.37166666666667, 23.795833333333334], [86.3725, 23.795833333333334], [86.3725, 23.796666666666667], [86.37333333333333, 23.796666666666667], [86.37333333333333, 23.7975], [86.37416666666667, 23.7975], [86.375, 23.7975], [86.37583333333333, 23.7975], [86.37583333333333, 23.798333333333332], [86.37666666666667, 23.798333333333332], [86.37666666666667, 23.7975], [86.3775, 23.7975], [86.3775, 23.796666666666667], [86.37833333333333, 23.796666666666667], [86.37916666666666, 23.796666666666667], [86.37916666666666, 23.795833333333334], [86.37916666666666, 23.794999999999998], [86.37833333333333, 23.794999999999998], [86.37833333333333, 23.794166666666666], [86.37916666666666, 23.794166666666666], [86.37916666666666, 23.793333333333333], [86.37833333333333, 23.793333333333333], [86.37833333333333, 23.7925], [86.3775, 23.7925], [86.3775, 23.793333333333333], [86.37666666666667, 23.793333333333333], [86.37666666666667, 23.794166666666666], [86.37583333333333, 23.794166666666666], [86.37583333333333, 23.794999999999998], [86.375, 23.794999999999998], [86.375, 23.794166666666666], [86.37416666666667, 23.794166666666666], [86.37333333333333, 23.794166666666666], [86.3725, 23.794166666666666], [86.37166666666667, 23.794166666666666], [86.37083333333334, 23.794166666666666]]]}}, {"type": "Feature", "properties": {"product": "new_water", "area_ha": 6.27}, "geometry": {"type": "Polygon", "coordinates": [[[86.36833333333334, 23.8025], [86.36833333333334, 23.801666666666666], [86.36833333333334, 23.800833333333333], [86.36833333333334, 23.8], [86.3675, 23.8], [86.36666666666667, 23.8], [86.36666666666667, 23.800833333333333], [86.36666666666667, 23.801666666666666], [86.36583333333334, 23.801666666666666], [86.36583333333334, 23.8025], [86.36583333333334, 23.80333333333333], [86.36666666666667, 23.80333333333333], [86.36666666666667, 23.8025], [86.3675, 23.8025], [86.36833333333334, 23.8025]]]}}, {"type": "Feature", "properties": {"product": "new_water", "area_ha": 6.27}, "geometry": {"type": "Polygon", "coordinates": [[[86.37833333333333, 23.774166666666666], [86.37833333333333, 23.775], [86.37916666666666, 23.775], [86.38000000000001, 23.775], [86.38000000000001, 23.774166666666666], [86.37916666666666, 23.774166666666666], [86.37916666666666, 23.773333333333333], [86.37833333333333, 23.773333333333333], [86.37833333333333, 23.7725], [86.37833333333333, 23.771666666666665], [86.3775, 23.771666666666665], [86.37666666666667, 23.771666666666665], [86.37666666666667, 23.7725], [86.37666666666667, 23.773333333333333], [86.3775, 23.773333333333333], [86.3775, 23.774166666666666], [86.37833333333333, 23.774166666666666]]]}}, {"type": "Feature", "properties": {"product": "new_water", "area_ha": 7.05}, "geometry": {"type": "Polygon", "coordinates": [[[86.3725, 23.800833333333333], [86.37333333333333, 23.800833333333333], [86.37333333333333, 23.801666666666666], [86.37416666666667, 23.801666666666666], [86.37416666666667, 23.800833333333333], [86.375, 23.800833333333333], [86.37583333333333, 23.800833333333333], [86.37583333333333, 23.8], [86.37666666666667, 23.8], [86.37666666666667, 23.799166666666665], [86.37583333333333, 23.799166666666665], [86.37583333333333, 23.798333333333332], [86.375, 23.798333333333332], [86.375, 23.799166666666665], [86.375, 23.8], [86.37416666666667, 23.8], [86.37333333333333, 23.8], [86.37333333333333, 23.799166666666665], [86.3725, 23.799166666666665], [86.3725, 23.8], [86.3725, 23.800833333333333]]]}}, {"type": "Feature", "properties": {"product": "new_water", "area_ha": 6.27}, "geometry": {"type": "Polygon", "coordinates": [[[86.37666666666667, 23.8025], [86.37666666666667, 23.80333333333333], [86.37666666666667, 23.804166666666667], [86.3775, 23.804166666666667], [86.3775, 23.80333333333333], [86.37833333333333, 23.80333333333333], [86.37833333333333, 23.8025], [86.37833333333333, 23.801666666666666], [86.37916666666666, 23.801666666666666], [86.38000000000001, 23.801666666666666], [86.38000000000001, 23.800833333333333], [86.37916666666666, 23.800833333333333], [86.37833333333333, 23.800833333333333], [86.3775, 23.800833333333333], [86.37666666666667, 23.800833333333333], [86.37666666666667, 23.801666666666666], [86.3775, 23.801666666666666], [86.3775, 23.8025], [86.37666666666667, 23.8025]]]}}, {"type": "Feature", "properties": {"product": "new_water", "area_ha": 6.28}, "geometry": {"type": "Polygon", "coordinates": [[[86.385, 23.699166666666667], [86.385, 23.698333333333334], [86.38416666666667, 23.698333333333334], [86.38333333333334, 23.698333333333334], [86.38333333333334, 23.697499999999998], [86.38333333333334, 23.696666666666665], [86.38333333333334, 23.695833333333333], [86.38250000000001, 23.695833333333333], [86.38250000000001, 23.696666666666665], [86.38250000000001, 23.697499999999998], [86.38250000000001, 23.698333333333334], [86.38166666666667, 23.698333333333334], [86.38166666666667, 23.699166666666667], [86.38250000000001, 23.699166666666667], [86.38333333333334, 23.699166666666667], [86.38333333333334, 23.7], [86.38416666666667, 23.7], [86.38416666666667, 23.699166666666667], [86.385, 23.699166666666667]]]}}, {"type": "Feature", "properties": {"product": "new_water", "area_ha": 113.7}, "geometry": {"type": "Polygon", "coordinates": [[[86.38333333333334, 23.734166666666667], [86.38333333333334, 23.735], [86.38333333333334, 23.735833333333332], [86.38333333333334, 23.736666666666665], [86.38416666666667, 23.736666666666665], [86.38416666666667, 23.7375], [86.385, 23.7375], [86.385, 23.738333333333333], [86.385, 23.739166666666666], [86.38583333333334, 23.739166666666666], [86.38666666666667, 23.739166666666666], [86.38666666666667, 23.738333333333333], [86.38666666666667, 23.7375], [86.38583333333334, 23.7375], [86.38583333333334, 23.736666666666665], [86.38666666666667, 23.736666666666665], [86.3875, 23.736666666666665], [86.3875, 23.7375], [86.3875, 23.738333333333333], [86.38833333333334, 23.738333333333333], [86.38833333333334, 23.739166666666666], [86.38833333333334, 23.74], [86.3875, 23.74], [86.38666666666667, 23.74], [86.38666666666667, 23.74083333333333], [86.38583333333334, 23.74083333333333], [86.385, 23.74083333333333], [86.385, 23.741666666666667], [86.38416666666667, 23.741666666666667], [86.38416666666667, 23.7425], [86.38333333333334, 23.7425], [86.38250000000001, 23.7425], [86.38250000000001, 23.743333333333332], [86.38250000000001, 23.744166666666665], [86.38250000000001, 23.745], [86.38250000000001, 23.745833333333334], [86.38250000000001, 23.746666666666666], [86.38333333333334, 23.746666666666666], [86.38333333333334, 23.7475], [86.38333333333334, 23.74833333333333], [86.38333333333334, 23.749166666666667], [86.38416666666667, 23.749166666666667], [86.385, 23.749166666666667], [86.385, 23.74833333333333], [86.38583333333334, 23.74833333333333], [86.38583333333334, 23.749166666666667], [86.38666666666667, 23.749166666666667], [86.38666666666667, 23.74833333333333], [86.3875, 23.74833333333333], [86.3875, 23.7475], [86.38666666666667, 23.7475], [86.38666666666667, 23.746666666666666], [86.3875, 23.746666666666666], [86.38833333333334, 23.746666666666666], [86.38916666666667, 23.746666666666666], [86.39, 23.746666666666666], [86.39, 23.745833333333334], [86.39, 23.745], [86.39083333333333, 23.745], [86.39083333333333, 23.744166666666665], [86.39, 23.744166666666665], [86.39, 23.743333333333332], [86.39, 23.7425], [86.38916666666667, 23.7425], [86.38833333333334, 23.7425], [86.38833333333334, 23.741666666666667], [86.38916666666667, 23.741666666666667], [86.39, 23.741666666666667], [86.39, 23.74083333333333], [86.38916666666667, 23.74083333333333], [86.38916666666667, 23.74], [86.39, 23.74], [86.39, 23.739166666666666], [86.39083333333333, 23.739166666666666], [86.39083333333333, 23.74], [86.39166666666667, 23.74], [86.3925, 23.74], [86.3925, 23.74083333333333], [86.3925, 23.741666666666667], [86.39333333333333, 23.741666666666667], [86.39333333333333, 23.74083333333333], [86.39416666666666, 23.74083333333333], [86.395, 23.74083333333333], [86.39583333333334, 23.74083333333333], [86.39583333333334, 23.741666666666667], [86.39666666666668, 23.741666666666667], [86.39666666666668, 23.7425], [86.39583333333334, 23.7425], [86.395, 23.7425], [86.395, 23.743333333333332], [86.39583333333334, 23.743333333333332], [86.39666666666668, 23.743333333333332], [86.39666666666668, 23.744166666666665], [86.39750000000001, 23.744166666666665], [86.39750000000001, 23.743333333333332], [86.39750000000001, 23.7425], [86.39833333333334, 23.7425], [86.39833333333334, 23.741666666666667], [86.39750000000001, 23.741666666666667], [86.39750000000001, 23.74083333333333], [86.39750000000001, 23.74], [86.39833333333334, 23.74], [86.39833333333334, 23.739166666666666], [86.39750000000001, 23.739166666666666], [86.39750000000001, 23.738333333333333], [86.39750000000001, 23.7375], [86.39666666666668, 23.7375], [86.39583333333334, 23.7375], [86.39583333333334, 23.736666666666665], [86.395, 23.736666666666665], [86.395, 23.7375], [86.39416666666666, 23.7375], [86.39416666666666, 23.738333333333333], [86.39333333333333, 23.738333333333333], [86.39333333333333, 23.739166666666666], [86.3925, 23.739166666666666], [86.3925, 23.738333333333333], [86.39166666666667, 23.738333333333333], [86.39166666666667, 23.7375], [86.39083333333333, 23.7375], [86.39, 23.7375], [86.39, 23.738333333333333], [86.38916666666667, 23.738333333333333], [86.38916666666667, 23.7375], [86.38833333333334, 23.7375], [86.38833333333334, 23.736666666666665], [86.38833333333334, 23.735833333333332], [86.38916666666667, 23.735833333333332], [86.38916666666667, 23.735], [86.38833333333334, 23.735], [86.3875, 23.735], [86.3875, 23.734166666666667], [86.38833333333334, 23.734166666666667], [86.38916666666667, 23.734166666666667], [86.38916666666667, 23.733333333333334], [86.38833333333334, 23.733333333333334], [86.38833333333334, 23.732499999999998], [86.38916666666667, 23.732499999999998], [86.38916666666667, 23.731666666666666], [86.38833333333334, 23.731666666666666], [86.38833333333334, 23.730833333333333], [86.3875, 23.730833333333333], [86.3875, 23.731666666666666], [86.38666666666667, 23.731666666666666], [86.38666666666667, 23.732499999999998], [86.38666666666667, 23.733333333333334], [86.38583333333334, 23.733333333333334], [86.385, 23.733333333333334], [86.385, 23.732499999999998], [86.38416666666667, 23.732499999999998], [86.38333333333334, 23.732499999999998], [86.38250000000001, 23.732499999999998], [86.38250000000001, 23.733333333333334], [86.38250000000001, 23.734166666666667], [86.38333333333334, 23.734166666666667]], [[86.38583333333334, 23.746666666666666], [86.385, 23.746666666666666], [86.38416666666667, 23.746666666666666], [86.38416666666667, 23.745833333333334], [86.385, 23.745833333333334], [86.38583333333334, 23.745833333333334], [86.38666666666667, 23.745833333333334], [86.38666666666667, 23.746666666666666], [86.38583333333334, 23.746666666666666]], [[86.395, 23.738333333333333], [86.39583333333334, 23.738333333333333], [86.39666666666668, 23.738333333333333], [86.39666666666668, 23.739166666666666], [86.39583333333334, 23.739166666666666], [86.395, 23.739166666666666], [86.39416666666666, 23.739166666666666], [86.39416666666666, 23.738333333333333], [86.395, 23.738333333333333]], [[86.385, 23.734166666666667], [86.38416666666667, 23.734166666666667], [86.38416666666667, 23.733333333333334], [86.385, 23.733333333333334], [86.385, 23.734166666666667]], [[86.38416666666667, 23.745], [86.38333333333334, 23.745], [86.38333333333334, 23.744166666666665], [86.38416666666667, 23.744166666666665], [86.38416666666667, 23.745]], [[86.3875, 23.744166666666665], [86.38666666666667, 23.744166666666665], [86.38666666666667, 23.745], [86.38583333333334, 23.745], [86.38583333333334, 23.744166666666665], [86.38583333333334, 23.743333333333332], [86.38666666666667, 23.743333333333332], [86.3875, 23.743333333333332], [86.38833333333334, 23.743333333333332], [86.38916666666667, 23.743333333333332], [86.38916666666667, 23.744166666666665], [86.38833333333334, 23.744166666666665], [86.38833333333334, 23.745], [86.3875, 23.745], [86.3875, 23.744166666666665]]]}}, {"type": "Feature", "properties": {"product": "new_water", "area_ha": 7.05}, "geometry": {"type": "Polygon", "coordinates": [[[86.38083333333334, 23.791666666666664], [86.38166666666667, 23.791666666666664], [86.38166666666667, 23.79083333333333], [86.38250000000001, 23.79083333333333], [86.38250000000001, 23.79], [86.38250000000001, 23.789166666666667], [86.38250000000001, 23.788333333333334], [86.38166666666667, 23.788333333333334], [86.38166666666667, 23.789166666666667], [86.38083333333334, 23.789166666666667], [86.38083333333334, 23.79], [86.38000000000001, 23.79], [86.38000000000001, 23.79083333333333], [86.38000000000001, 23.791666666666664], [86.38000000000001, 23.7925], [86.38083333333334, 23.7925], [86.38083333333334, 23.791666666666664]]]}}, {"type": "Feature", "properties": {"product": "new_water", "area_ha": 6.28}, "geometry": {"type": "Polygon", "coordinates": [[[86.39, 23.670833333333334], [86.39, 23.669999999999998], [86.39083333333333, 23.669999999999998], [86.39166666666667, 23.669999999999998], [86.3925, 23.669999999999998], [86.39333333333333, 23.669999999999998], [86.39333333333333, 23.669166666666666], [86.3925, 23.669166666666666], [86.39166666666667, 23.669166666666666], [86.39166666666667, 23.668333333333333], [86.39083333333333, 23.668333333333333], [86.39, 23.668333333333333], [86.39, 23.669166666666666], [86.38916666666667, 23.669166666666666], [86.38916666666667, 23.669999999999998], [86.38916666666667, 23.670833333333334], [86.39, 23.670833333333334]]]}}, {"type": "Feature", "properties": {"product": "new_water", "area_ha": 6.27}, "geometry": {"type": "Polygon", "coordinates": [[[86.39083333333333, 23.715833333333332], [86.39, 23.715833333333332], [86.39, 23.715], [86.39, 23.714166666666667], [86.38916666666667, 23.714166666666667], [86.38916666666667, 23.71333333333333], [86.38833333333334, 23.71333333333333], [86.38833333333334, 23.714166666666667], [86.38833333333334, 23.715], [86.38833333333334, 23.715833333333332], [86.38833333333334, 23.716666666666665], [86.38916666666667, 23.716666666666665], [86.39, 23.716666666666665], [86.39083333333333, 23.716666666666665], [86.39083333333333, 23.715833333333332]]]}}, {"type": "Feature", "properties": {"product": "new_water", "area_ha": 10.2}, "geometry": {"type": "Polygon", "coordinates": [[[86.39666666666668, 23.6725], [86.39666666666668, 23.671666666666667], [86.39750000000001, 23.671666666666667], [86.39833333333334, 23.671666666666667], [86.39916666666667, 23.671666666666667], [86.4, 23.671666666666667], [86.40083333333334, 23.671666666666667], [86.40083333333334, 23.670833333333334], [86.4, 23.670833333333334], [86.4, 23.669999999999998], [86.39916666666667, 23.669999999999998], [86.39833333333334, 23.669999999999998], [86.39833333333334, 23.670833333333334], [86.39750000000001, 23.670833333333334], [86.39750000000001, 23.669999999999998], [86.39666666666668, 23.669999999999998], [86.39583333333334, 23.669999999999998], [86.395, 23.669999999999998], [86.39416666666666, 23.669999999999998], [86.39416666666666, 23.670833333333334], [86.395, 23.670833333333334], [86.39583333333334, 23.670833333333334], [86.39583333333334, 23.671666666666667], [86.39583333333334, 23.6725], [86.39666666666668, 23.6725]]]}}, {"type": "Feature", "properties": {"product": "new_water", "area_ha": 10.98}, "geometry": {"type": "Polygon", "coordinates": [[[86.3925, 23.681666666666665], [86.39166666666667, 23.681666666666665], [86.39166666666667, 23.6825], [86.3925, 23.6825], [86.39333333333333, 23.6825], [86.39333333333333, 23.683333333333334], [86.39416666666666, 23.683333333333334], [86.39416666666666, 23.6825], [86.39416666666666, 23.681666666666665], [86.395, 23.681666666666665], [86.395, 23.680833333333332], [86.39583333333334, 23.680833333333332], [86.39583333333334, 23.68], [86.39583333333334, 23.679166666666667], [86.395, 23.679166666666667], [86.39416666666666, 23.679166666666667], [86.39333333333333, 23.679166666666667], [86.3925, 23.679166666666667], [86.3925, 23.68], [86.39333333333333, 23.68], [86.39333333333333, 23.680833333333332], [86.3925, 23.680833333333332], [86.3925, 23.681666666666665]]]}}, {"type": "Feature", "properties": {"product": "new_water", "area_ha": 801.0}, "geometry": {"type": "Polygon", "coordinates": [[[86.39666666666668, 23.6825], [86.39666666666668, 23.683333333333334], [86.39583333333334, 23.683333333333334], [86.39583333333334, 23.684166666666666], [86.395, 23.684166666666666], [86.395, 23.685], [86.39583333333334, 23.685], [86.39666666666668, 23.685], [86.39666666666668, 23.68583333333333], [86.39583333333334, 23.68583333333333], [86.395, 23.68583333333333], [86.39416666666666, 23.68583333333333], [86.39416666666666, 23.686666666666667], [86.39416666666666, 23.6875], [86.39416666666666, 23.688333333333333], [86.39416666666666, 23.689166666666665], [86.395, 23.689166666666665], [86.395, 23.689999999999998], [86.39583333333334, 23.689999999999998], [86.39666666666668, 23.689999999999998], [86.39750000000001, 23.689999999999998], [86.39750000000001, 23.690833333333334], [86.39750000000001, 23.691666666666666], [86.39833333333334, 23.691666666666666], [86.39833333333334, 23.6925], [86.39750000000001, 23.6925], [86.39666666666668, 23.6925], [86.39666666666668, 23.69333333333333], [86.39666666666668, 23.694166666666668], [86.39750000000001, 23.694166666666668], [86.39833333333334, 23.694166666666668], [86.39833333333334, 23.69333333333333], [86.39916666666667, 23.69333333333333], [86.39916666666667, 23.694166666666668], [86.4, 23.694166666666668], [86.4, 23.695], [86.4, 23.695833333333333], [86.39916666666667, 23.695833333333333], [86.39916666666667, 23.696666666666665], [86.39916666666667, 23.697499999999998], [86.4, 23.697499999999998], [86.40083333333334, 23.697499999999998], [86.40166666666667, 23.697499999999998], [86.4025, 23.697499999999998], [86.40333333333334, 23.697499999999998], [86.40333333333334, 23.698333333333334], [86.40416666666667, 23.698333333333334], [86.40416666666667, 23.697499999999998], [86.40416666666667, 23.696666666666665], [86.40333333333334, 23.696666666666665], [86.4025, 23.696666666666665], [86.4025, 23.695833333333333], [86.40333333333334, 23.695833333333333], [86.40333333333334, 23.695], [86.4025, 23.695], [86.4025, 23.694166666666668], [86.40333333333334, 23.694166666666668], [86.40416666666667, 23.694166666666668], [86.405, 23.694166666666668], [86.40583333333333, 23.694166666666668], [86.40666666666667, 23.694166666666668], [86.40666666666667, 23.69333333333333], [86.40666666666667, 23.6925], [86.4075, 23.6925], [86.4075, 23.69333333333333], [86.4075, 23.694166666666668], [86.4075, 23.695], [86.40833333333333, 23.695], [86.40833333333333, 23.694166666666668], [86.40916666666666, 23.694166666666668], [86.41, 23.694166666666668], [86.41083333333333, 23.694166666666668], [86.41083333333333, 23.695], [86.41083333333333, 23.695833333333333], [86.41166666666668, 23.695833333333333], [86.41250000000001, 23.695833333333333], [86.41250000000001, 23.696666666666665], [86.41333333333334, 23.696666666666665], [86.41333333333334, 23.695833333333333], [86.41416666666667, 23.695833333333333], [86.41416666666667, 23.695], [86.415, 23.695], [86.415, 23.695833333333333], [86.41583333333334, 23.695833333333333], [86.41583333333334, 23.695], [86.41666666666667, 23.695], [86.41666666666667, 23.694166666666668], [86.41666666666667, 23.69333333333333], [86.41583333333334, 23.69333333333333], [86.41583333333334, 23.6925], [86.41583333333334, 23.691666666666666], [86.41666666666667, 23.691666666666666], [86.4175, 23.691666666666666], [86.4175, 23.6925], [86.41833333333334, 23.6925], [86.41916666666667, 23.6925], [86.42, 23.6925], [86.42083333333333, 23.6925], [86.42083333333333, 23.691666666666666], [86.42083333333333, 23.690833333333334], [86.42166666666667, 23.690833333333334], [86.4225, 23.690833333333334], [86.4225, 23.691666666666666], [86.42333333333333, 23.691666666666666], [86.42333333333333, 23.6925], [86.42416666666666, 23.6925], [86.42416666666666, 23.691666666666666], [86.42416666666666, 23.690833333333334], [86.42416666666666, 23.689999999999998], [86.425, 23.689999999999998], [86.425, 23.689166666666665], [86.42416666666666, 23.689166666666665], [86.42333333333333, 23.689166666666665], [86.42333333333333, 23.689999999999998], [86.4225, 23.689999999999998], [86.42166666666667, 23.689999999999998], [86.42166666666667, 23.689166666666665], [86.4225, 23.689166666666665], [86.4225, 23.688333333333333], [86.4225, 23.6875], [86.42333333333333, 23.6875], [86.42416666666666, 23.6875], [86.42416666666666, 23.686666666666667], [86.42416666666666, 23.68583333333333], [86.425, 23.68583333333333], [86.425, 23.686666666666667], [86.425, 23.6875], [86.42583333333333, 23.6875], [86.42666666666668, 23.6875], [86.42666666666668, 23.686666666666667], [86.42666666666668, 23.68583333333333], [86.42750000000001, 23.68583333333333], [86.42750000000001, 23.685], [86.42750000000001, 23.684166666666666], [86.42833333333334, 23.684166666666666], [86.42833333333334, 23.685], [86.42833333333334, 23.68583333333333], [86.42833333333334, 23.686666666666667], [86.42750000000001, 23.686666666666667], [86.42750000000001, 23.6875], [86.42750000000001, 23.688333333333333], [86.42750000000001, 23.689166666666665], [86.42833333333334, 23.689166666666665], [86.42916666666667, 23.689166666666665], [86.42916666666667, 23.689999999999998], [86.42916666666667, 23.690833333333334], [86.42916666666667, 23.691666666666666], [86.43, 23.691666666666666], [86.43, 23.690833333333334], [86.43083333333334, 23.690833333333334], [86.43083333333334, 23.689999999999998], [86.43, 23.689999999999998], [86.43, 23.689166666666665], [86.43083333333334, 23.689166666666665], [86.43083333333334, 23.688333333333333], [86.43166666666667, 23.688333333333333], [86.4325, 23.688333333333333], [86.4325, 23.6875], [86.43166666666667, 23.6875], [86.43166666666667, 23.686666666666667], [86.43083333333334, 23.686666666666667], [86.43, 23.686666666666667], [86.43, 23.68583333333333], [86.43, 23.685], [86.43083333333334, 23.685], [86.43083333333334, 23.68583333333333], [86.43166666666667, 23.68583333333333], [86.4325, 23.68583333333333], [86.43333333333334, 23.68583333333333], [86.43416666666667, 23.68583333333333], [86.43416666666667, 23.685], [86.435, 23.685], [86.435, 23.684166666666666], [86.43583333333333, 23.684166666666666], [86.43583333333333, 23.685], [86.43666666666667, 23.685], [86.4375, 23.685], [86.4375, 23.684166666666666], [86.43666666666667, 23.684166666666666], [86.43666666666667, 23.683333333333334], [86.43666666666667, 23.6825], [86.43666666666667, 23.681666666666665], [86.43666666666667, 23.680833333333332], [86.4375, 23.680833333333332], [86.4375, 23.681666666666665], [86.4375, 23.6825], [86.4375, 23.683333333333334], [86.43833333333333, 23.683333333333334], [86.43916666666667, 23.683333333333334], [86.43916666666667, 23.684166666666666], [86.44, 23.684166666666666], [86.44, 23.683333333333334], [86.44, 23.6825], [86.44083333333333, 23.6825], [86.44083333333333, 23.681666666666665], [86.44166666666666, 23.681666666666665], [86.44166666666666, 23.680833333333332], [86.44083333333333, 23.680833333333332], [86.44083333333333, 23.68], [86.44083333333333, 23.679166666666667], [86.44166666666666, 23.679166666666667], [86.44166666666666, 23.67833333333333], [86.44250000000001, 23.67833333333333], [86.44250000000001, 23.6775], [86.44250000000001, 23.676666666666666], [86.44333333333334, 23.676666666666666], [86.44333333333334, 23.675833333333333], [86.44416666666667, 23.675833333333333], [86.44416666666667, 23.675], [86.44416666666667, 23.674166666666665], [86.44500000000001, 23.674166666666665], [86.44500000000001, 23.673333333333332], [86.44416666666667, 23.673333333333332], [86.44333333333334, 23.673333333333332], [86.44333333333334, 23.6725], [86.44333333333334, 23.671666666666667], [86.44416666666667, 23.671666666666667], [86.44500000000001, 23.671666666666667], [86.44583333333334, 23.671666666666667], [86.44583333333334, 23.6725], [86.44583333333334, 23.673333333333332], [86.44583333333334, 23.674166666666665], [86.44666666666667, 23.674166666666665], [86.44666666666667, 23.673333333333332], [86.44666666666667, 23.6725], [86.4475, 23.6725], [86.44833333333334, 23.6725], [86.44833333333334, 23.673333333333332], [86.44916666666667, 23.673333333333332], [86.45, 23.673333333333332], [86.45083333333334, 23.673333333333332], [86.45083333333334, 23.674166666666665], [86.45, 23.674166666666665], [86.44916666666667, 23.674166666666665], [86.44916666666667, 23.675], [86.44916666666667, 23.675833333333333], [86.45, 23.675833333333333], [86.45083333333334, 23.675833333333333], [86.45083333333334, 23.675], [86.45166666666667, 23.675], [86.45166666666667, 23.674166666666665], [86.45166666666667, 23.673333333333332], [86.4525, 23.673333333333332], [86.45333333333333, 23.673333333333332], [86.45333333333333, 23.674166666666665], [86.45416666666667, 23.674166666666665], [86.45416666666667, 23.673333333333332], [86.45416666666667, 23.6725], [86.455, 23.6725], [86.455, 23.673333333333332], [86.455, 23.674166666666665], [86.45583333333333, 23.674166666666665], [86.45583333333333, 23.673333333333332], [86.45666666666666, 23.673333333333332], [86.4575, 23.673333333333332], [86.45833333333334, 23.673333333333332], [86.45833333333334, 23.674166666666665], [86.45916666666668, 23.674166666666665], [86.45916666666668, 23.673333333333332], [86.46000000000001, 23.673333333333332], [86.46083333333334, 23.673333333333332], [86.46166666666667, 23.673333333333332], [86.46166666666667, 23.6725], [86.46166666666667, 23.671666666666667], [86.46083333333334, 23.671666666666667], [86.46000000000001, 23.671666666666667], [86.46000000000001, 23.670833333333334], [86.46000000000001, 23.669999999999998], [86.46000000000001, 23.669166666666666], [86.45916666666668, 23.669166666666666], [86.45833333333334, 23.669166666666666], [86.4575, 23.669166666666666], [86.4575, 23.669999999999998], [86.45666666666666, 23.669999999999998], [86.45666666666666, 23.670833333333334], [86.45583333333333, 23.670833333333334], [86.455, 23.670833333333334], [86.45416666666667, 23.670833333333334], [86.45333333333333, 23.670833333333334], [86.45333333333333, 23.669999999999998], [86.45333333333333, 23.669166666666666], [86.45333333333333, 23.668333333333333], [86.45333333333333, 23.6675], [86.4525, 23.6675], [86.4525, 23.666666666666664], [86.45166666666667, 23.666666666666664], [86.45166666666667, 23.66583333333333], [86.45083333333334, 23.66583333333333], [86.45083333333334, 23.665], [86.45, 23.665], [86.45, 23.664166666666667], [86.44916666666667, 23.664166666666667], [86.44916666666667, 23.665], [86.44833333333334, 23.665], [86.44833333333334, 23.66583333333333], [86.44833333333334, 23.666666666666664], [86.4475, 23.666666666666664], [86.44666666666667, 23.666666666666664], [86.44666666666667, 23.66583333333333], [86.44666666666667, 23.665], [86.4475, 23.665], [86.4475, 23.664166666666667], [86.44666666666667, 23.664166666666667], [86.44666666666667, 23.663333333333334], [86.44666666666667, 23.662499999999998], [86.44583333333334, 23.662499999999998], [86.44583333333334, 23.663333333333334], [86.44500000000001, 23.663333333333334], [86.44500000000001, 23.662499999999998], [86.44416666666667, 23.662499999999998], [86.44416666666667, 23.661666666666665], [86.44416666666667, 23.660833333333333], [86.44416666666667, 23.66], [86.44333333333334, 23.66], [86.44250000000001, 23.66], [86.44250000000001, 23.660833333333333], [86.44333333333334, 23.660833333333333], [86.44333333333334, 23.661666666666665], [86.44250000000001, 23.661666666666665], [86.44250000000001, 23.662499999999998], [86.44166666666666, 23.662499999999998], [86.44083333333333, 23.662499999999998], [86.44, 23.662499999999998], [86.43916666666667, 23.662499999999998], [86.43833333333333, 23.662499999999998], [86.4375, 23.662499999999998], [86.43666666666667, 23.662499999999998], [86.43583333333333, 23.662499999999998], [86.43583333333333, 23.663333333333334], [86.43666666666667, 23.663333333333334], [86.4375, 23.663333333333334], [86.4375, 23.664166666666667], [86.4375, 23.665], [86.43666666666667, 23.665], [86.43583333333333, 23.665], [86.435, 23.665], [86.43416666666667, 23.665], [86.43333333333334, 23.665], [86.43333333333334, 23.664166666666667], [86.4325, 23.664166666666667], [86.4325, 23.663333333333334], [86.4325, 23.662499999999998], [86.43333333333334, 23.662499999999998], [86.43333333333334, 23.661666666666665], [86.43333333333334, 23.660833333333333], [86.43416666666667, 23.660833333333333], [86.435, 23.660833333333333], [86.435, 23.66], [86.435, 23.659166666666668], [86.43583333333333, 23.659166666666668], [86.43666666666667, 23.659166666666668], [86.4375, 23.659166666666668], [86.43833333333333, 23.659166666666668], [86.43833333333333, 23.66], [86.43833333333333, 23.660833333333333], [86.43916666666667, 23.660833333333333], [86.44, 23.660833333333333], [86.44083333333333, 23.660833333333333], [86.44083333333333, 23.661666666666665], [86.44166666666666, 23.661666666666665], [86.44166666666666, 23.660833333333333], [86.44166666666666, 23.66], [86.44083333333333, 23.66], [86.44, 23.66], [86.44, 23.659166666666668], [86.44, 23.65833333333333], [86.44083333333333, 23.65833333333333], [86.44083333333333, 23.6575], [86.44166666666666, 23.6575], [86.44166666666666, 23.65833333333333], [86.44250000000001, 23.65833333333333], [86.44333333333334, 23.65833333333333], [86.44416666666667, 23.65833333333333], [86.44416666666667, 23.6575], [86.44500000000001, 23.6575], [86.44500000000001, 23.656666666666666], [86.44416666666667, 23.656666666666666], [86.44416666666667, 23.655833333333334], [86.44333333333334, 23.655833333333334], [86.44250000000001, 23.655833333333334], [86.44250000000001, 23.656666666666666], [86.44166666666666, 23.656666666666666], [86.44083333333333, 23.656666666666666], [86.44083333333333, 23.655833333333334], [86.44, 23.655833333333334], [86.44, 23.656666666666666], [86.43916666666667, 23.656666666666666], [86.43916666666667, 23.6575], [86.43916666666667, 23.65833333333333], [86.43833333333333, 23.65833333333333], [86.43833333333333, 23.6575], [86.43833333333333, 23.656666666666666], [86.4375, 23.656666666666666], [86.4375, 23.655833333333334], [86.4375, 23.654999999999998], [86.43833333333333, 23.654999999999998], [86.43833333333333, 23.654166666666665], [86.43916666666667, 23.654166666666665], [86.43916666666667, 23.654999999999998], [86.44, 23.654999999999998], [86.44083333333333, 23.654999999999998], [86.44166666666666, 23.654999999999998], [86.44166666666666, 23.654166666666665], [86.44166666666666, 23.653333333333332], [86.44083333333333, 23.653333333333332], [86.44, 23.653333333333332], [86.43916666666667, 23.653333333333332], [86.43833333333333, 23.653333333333332], [86.4375, 23.653333333333332], [86.43666666666667, 23.653333333333332], [86.43583333333333, 23.653333333333332], [86.435, 23.653333333333332], [86.435, 23.654166666666665], [86.435, 23.654999999999998], [86.435, 23.655833333333334], [86.435, 23.656666666666666], [86.43416666666667, 23.656666666666666], [86.43416666666667, 23.655833333333334], [86.43333333333334, 23.655833333333334], [86.43333333333334, 23.656666666666666], [86.43333333333334, 23.6575], [86.43416666666667, 23.6575], [86.43416666666667, 23.65833333333333], [86.43333333333334, 23.65833333333333], [86.43333333333334, 23.659166666666668], [86.4325, 23.659166666666668], [86.43166666666667, 23.659166666666668], [86.43166666666667, 23.65833333333333], [86.43083333333334, 23.65833333333333], [86.43, 23.65833333333333], [86.43, 23.659166666666668], [86.43, 23.66], [86.43, 23.660833333333333], [86.43083333333334, 23.660833333333333], [86.43083333333334, 23.66], [86.43166666666667, 23.66], [86.43166666666667, 23.660833333333333], [86.4325, 23.660833333333333], [86.4325, 23.661666666666665], [86.43166666666667, 23.661666666666665], [86.43083333333334, 23.661666666666665], [86.43083333333334, 23.662499999999998], [86.43083333333334, 23.663333333333334], [86.43083333333334, 23.664166666666667], [86.43, 23.664166666666667], [86.43, 23.663333333333334], [86.42916666666667, 23.663333333333334], [86.42833333333334, 23.663333333333334], [86.42750000000001, 23.663333333333334], [86.42666666666668, 23.663333333333334], [86.42666666666668, 23.662499999999998], [86.42583333333333, 23.662499999999998], [86.42583333333333, 23.663333333333334], [86.425, 23.663333333333334], [86.425, 23.664166666666667], [86.42416666666666, 23.664166666666667], [86.42416666666666, 23.665], [86.425, 23.665], [86.42583333333333, 23.665], [86.42583333333333, 23.664166666666667], [86.42666666666668, 23.664166666666667], [86.42750000000001, 23.664166666666667], [86.42833333333334, 23.664166666666667], [86.42833333333334, 23.665], [86.42916666666667, 23.665], [86.43, 23.665], [86.43, 23.66583333333333], [86.42916666666667, 23.66583333333333], [86.42916666666667, 23.666666666666664], [86.43, 23.666666666666664], [86.43, 23.6675], [86.43083333333334, 23.6675], [86.43083333333334, 23.668333333333333], [86.43, 23.668333333333333], [86.43, 23.669166666666666], [86.43083333333334, 23.669166666666666], [86.43166666666667, 23.669166666666666], [86.4325, 23.669166666666666], [86.4325, 23.669999999999998], [86.43333333333334, 23.669999999999998], [86.43333333333334, 23.670833333333334], [86.4325, 23.670833333333334], [86.4325, 23.671666666666667], [86.43166666666667, 23.671666666666667], [86.43166666666667, 23.6725], [86.43083333333334, 23.6725], [86.43, 23.6725], [86.42916666666667, 23.6725], [86.42916666666667, 23.673333333333332], [86.42833333333334, 23.673333333333332], [86.42750000000001, 23.673333333333332], [86.42666666666668, 23.673333333333332], [86.42666666666668, 23.674166666666665], [86.42583333333333, 23.674166666666665], [86.42583333333333, 23.675], [86.42583333333333, 23.675833333333333], [86.42583333333333, 23.676666666666666], [86.42666666666668, 23.676666666666666], [86.42666666666668, 23.675833333333333], [86.42750000000001, 23.675833333333333], [86.42833333333334, 23.675833333333333], [86.42833333333334, 23.676666666666666], [86.42916666666667, 23.676666666666666], [86.42916666666667, 23.6775], [86.42916666666667, 23.67833333333333], [86.42833333333334, 23.67833333333333], [86.42833333333334, 23.679166666666667], [86.42750000000001, 23.679166666666667], [86.42750000000001, 23.68], [86.42750000000001, 23.680833333333332], [86.42666666666668, 23.680833333333332], [86.42583333333333, 23.680833333333332], [86.42583333333333, 23.68], [86.425, 23.68], [86.425, 23.679166666666667], [86.42583333333333, 23.679166666666667], [86.42583333333333, 23.67833333333333], [86.425, 23.67833333333333], [86.42416666666666, 23.67833333333333], [86.42416666666666, 23.6775], [86.425, 23.6775], [86.425, 23.676666666666666], [86.42416666666666, 23.676666666666666], [86.42416666666666, 23.675833333333333], [86.42333333333333, 23.675833333333333], [86.42333333333333, 23.676666666666666], [86.4225, 23.676666666666666], [86.42166666666667, 23.676666666666666], [86.42083333333333, 23.676666666666666], [86.42083333333333, 23.6775], [86.42166666666667, 23.6775], [86.4225, 23.6775], [86.42333333333333, 23.6775], [86.42333333333333, 23.67833333333333], [86.4225, 23.67833333333333], [86.42166666666667, 23.67833333333333], [86.42166666666667, 23.679166666666667], [86.4225, 23.679166666666667], [86.4225, 23.68], [86.42166666666667, 23.68], [86.42166666666667, 23.680833333333332], [86.4225, 23.680833333333332], [86.42333333333333, 23.680833333333332], [86.42333333333333, 23.681666666666665], [86.42416666666666, 23.681666666666665], [86.42416666666666, 23.6825], [86.42333333333333, 23.6825], [86.4225, 23.6825], [86.4225, 23.683333333333334], [86.4225, 23.684166666666666], [86.42166666666667, 23.684166666666666], [86.42083333333333, 23.684166666666666], [86.42, 23.684166666666666], [86.41916666666667, 23.684166666666666], [86.41916666666667, 23.685], [86.41833333333334, 23.685], [86.4175, 23.685], [86.4175, 23.684166666666666], [86.4175, 23.683333333333334], [86.41833333333334, 23.683333333333334], [86.41833333333334, 23.6825], [86.41916666666667, 23.6825], [86.41916666666667, 23.681666666666665], [86.42, 23.681666666666665], [86.42, 23.680833333333332], [86.41916666666667, 23.680833333333332], [86.41916666666667, 23.68], [86.41916666666667, 23.679166666666667], [86.42, 23.679166666666667], [86.42083333333333, 23.679166666666667], [86.42083333333333, 23.67833333333333], [86.42, 23.67833333333333], [86.42, 23.6775], [86.41916666666667, 23.6775], [86.41916666666667, 23.67833333333333], [86.41833333333334, 23.67833333333333], [86.41833333333334, 23.679166666666667], [86.41833333333334, 23.68], [86.4175, 23.68], [86.41666666666667, 23.68], [86.41583333333334, 23.68], [86.41583333333334, 23.679166666666667], [86.415, 23.679166666666667], [86.41416666666667, 23.679166666666667], [86.41416666666667, 23.68], [86.41333333333334, 23.68], [86.41250000000001, 23.68], [86.41250000000001, 23.680833333333332], [86.41333333333334, 23.680833333333332], [86.41333333333334, 23.681666666666665], [86.41333333333334, 23.6825], [86.41416666666667, 23.6825], [86.41416666666667, 23.683333333333334], [86.41333333333334, 23.683333333333334], [86.41333333333334, 23.684166666666666], [86.41250000000001, 23.684166666666666], [86.41166666666668, 23.684166666666666], [86.41166666666668, 23.683333333333334], [86.41083333333333, 23.683333333333334], [86.41083333333333, 23.6825], [86.41083333333333, 23.681666666666665], [86.41083333333333, 23.680833333333332], [86.41, 23.680833333333332], [86.41, 23.68], [86.40916666666666, 23.68], [86.40833333333333, 23.68], [86.40833333333333, 23.680833333333332], [86.4075, 23.680833333333332], [86.40666666666667, 23.680833333333332], [86.40666666666667, 23.681666666666665], [86.40583333333333, 23.681666666666665], [86.405, 23.681666666666665], [86.405, 23.680833333333332], [86.405, 23.68], [86.40416666666667, 23.68], [86.40416666666667, 23.680833333333332], [86.40416666666667, 23.681666666666665], [86.40333333333334, 23.681666666666665], [86.4025, 23.681666666666665], [86.4025, 23.6825], [86.4025, 23.683333333333334], [86.40166666666667, 23.683333333333334], [86.40166666666667, 23.684166666666666], [86.40083333333334, 23.684166666666666], [86.4, 23.684166666666666], [86.4, 23.683333333333334], [86.39916666666667, 23.683333333333334], [86.39916666666667, 23.6825], [86.4, 23.6825], [86.4, 23.681666666666665], [86.39916666666667, 23.681666666666665], [86.39916666666667, 23.680833333333332], [86.39833333333334, 23.680833333333332], [86.39833333333334, 23.681666666666665], [86.39750000000001, 23.681666666666665], [86.39750000000001, 23.6825], [86.39666666666668, 23.6825]], [[86.4375, 23.68], [86.43833333333333, 23.68], [86.43833333333333, 23.680833333333332], [86.4375, 23.680833333333332], [86.4375, 23.68]], [[86.43666666666667, 23.68], [86.43666666666667, 23.679166666666667], [86.4375, 23.679166666666667], [86.4375, 23.68], [86.43666666666667, 23.68]], [[86.44583333333334, 23.670833333333334], [86.44666666666667, 23.670833333333334], [86.44666666666667, 23.671666666666667], [86.44583333333334, 23.671666666666667], [86.44583333333334, 23.670833333333334]], [[86.45333333333333, 23.671666666666667], [86.4525, 23.671666666666667], [86.4525, 23.670833333333334], [86.45333333333333, 23.670833333333334], [86.45333333333333, 23.671666666666667]], [[86.43333333333334, 23.66583333333333], [86.4325, 23.66583333333333], [86.43166666666667, 23.66583333333333], [86.43166666666667, 23.665], [86.4325, 23.665], [86.43333333333334, 23.665], [86.43333333333334, 23.66583333333333]], [[86.4325, 23.668333333333333], [86.4325, 23.6675], [86.43333333333334, 23.6675], [86.43333333333334, 23.666666666666664], [86.43416666666667, 23.666666666666664], [86.43416666666667, 23.66583333333333], [86.435, 23.66583333333333], [86.43583333333333, 23.66583333333333], [86.43583333333333, 23.666666666666664], [86.43583333333333, 23.6675], [86.43666666666667, 23.6675], [86.43666666666667, 23.668333333333333], [86.43583333333333, 23.668333333333333], [86.435, 23.668333333333333], [86.435, 23.669166666666666], [86.43416666666667, 23.669166666666666], [86.43416666666667, 23.668333333333333], [86.43333333333334, 23.668333333333333], [86.43333333333334, 23.669166666666666], [86.4325, 23.669166666666666], [86.4325, 23.668333333333333]], [[86.41583333333334, 23.680833333333332], [86.415, 23.680833333333332], [86.415, 23.68], [86.41583333333334, 23.68], [86.41583333333334, 23.680833333333332]], [[86.41250000000001, 23.695], [86.41250000000001, 23.694166666666668], [86.41250000000001, 23.69333333333333], [86.41333333333334, 23.69333333333333], [86.41333333333334, 23.694166666666668], [86.41333333333334, 23.695], [86.41250000000001, 23.695]], [[86.41333333333334, 23.6925], [86.41250000000001, 23.6925], [86.41250000000001, 23.691666666666666], [86.41333333333334, 23.691666666666666], [86.41416666666667, 23.691666666666666], [86.41416666666667, 23.6925], [86.41333333333334, 23.6925]], [[86.41333333333334, 23.689999999999998], [86.41333333333334, 23.689166666666665], [86.41416666666667, 23.689166666666665], [86.41416666666667, 23.689999999999998], [86.41333333333334, 23.689999999999998]], [[86.4, 23.686666666666667], [86.4, 23.6875], [86.4, 23.688333333333333], [86.4, 23.689166666666665], [86.39916666666667, 23.689166666666665], [86.39916666666667, 23.688333333333333], [86.39833333333334, 23.688333333333333], [86.39833333333334, 23.6875], [86.39833333333334, 23.686666666666667], [86.39916666666667, 23.686666666666667], [86.4, 23.686666666666667]], [[86.40083333333334, 23.6925], [86.4, 23.6925], [86.4, 23.691666666666666], [86.40083333333334, 23.691666666666666], [86.40083333333334, 23.690833333333334], [86.40166666666667, 23.690833333333334], [86.40166666666667, 23.689999999999998], [86.4025, 23.689999999999998], [86.40333333333334, 23.689999999999998], [86.40333333333334, 23.689166666666665], [86.40416666666667, 23.689166666666665], [86.40416666666667, 23.689999999999998], [86.405, 23.689999999999998], [86.405, 23.690833333333334], [86.40416666666667, 23.690833333333334], [86.40416666666667, 23.691666666666666], [86.40333333333334, 23.691666666666666], [86.4025, 23.691666666666666], [86.4025, 23.6925], [86.4025, 23.69333333333333], [86.40166666666667, 23.69333333333333], [86.40083333333334, 23.69333333333333], [86.40083333333334, 23.6925]], [[86.40166666666667, 23.68583333333333], [86.40166666666667, 23.685], [86.4025, 23.685], [86.40333333333334, 23.685], [86.40333333333334, 23.68583333333333], [86.40416666666667, 23.68583333333333], [86.40416666666667, 23.685], [86.40416666666667, 23.684166666666666], [86.405, 23.684166666666666], [86.405, 23.683333333333334], [86.40583333333333, 23.683333333333334], [86.40666666666667, 23.683333333333334], [86.40666666666667, 23.6825], [86.4075, 23.6825], [86.40833333333333, 23.6825], [86.40833333333333, 23.683333333333334], [86.4075, 23.683333333333334], [86.4075, 23.684166666666666], [86.40833333333333, 23.684166666666666], [86.40833333333333, 23.685], [86.40833333333333, 23.68583333333333], [86.4075, 23.68583333333333], [86.40666666666667, 23.68583333333333], [86.40666666666667, 23.686666666666667], [86.40583333333333, 23.686666666666667], [86.40583333333333, 23.6875], [86.405, 23.6875], [86.40416666666667, 23.6875], [86.40333333333334, 23.6875], [86.40333333333334, 23.686666666666667], [86.4025, 23.686666666666667], [86.40166666666667, 23.686666666666667], [86.40166666666667, 23.68583333333333]], [[86.40666666666667, 23.6875], [86.40666666666667, 23.688333333333333], [86.40583333333333, 23.688333333333333], [86.40583333333333, 23.6875], [86.40666666666667, 23.6875]], [[86.41, 23.691666666666666], [86.41, 23.6925], [86.41083333333333, 23.6925], [86.41083333333333, 23.69333333333333], [86.41, 23.69333333333333], [86.40916666666666, 23.69333333333333], [86.40833333333333, 23.69333333333333], [86.40833333333333, 23.6925], [86.40833333333333, 23.691666666666666], [86.40916666666666, 23.691666666666666], [86.41, 23.691666666666666]], [[86.45083333333334, 23.671666666666667], [86.45083333333334, 23.6725], [86.45, 23.6725], [86.45, 23.671666666666667], [86.45083333333334, 23.671666666666667]], [[86.44833333333334, 23.670833333333334], [86.4475, 23.670833333333334], [86.4475, 23.669999999999998], [86.4475, 23.669166666666666], [86.44833333333334, 23.669166666666666], [86.44916666666667, 23.669166666666666], [86.44916666666667, 23.669999999999998], [86.44916666666667, 23.670833333333334], [86.44833333333334, 23.670833333333334]], [[86.44666666666667, 23.669166666666666], [86.44583333333334, 23.669166666666666], [86.44500000000001, 23.669166666666666], [86.44500000000001, 23.668333333333333], [86.44583333333334, 23.668333333333333], [86.44666666666667, 23.668333333333333], [86.4475, 23.668333333333333], [86.4475, 23.669166666666666], [86.44666666666667, 23.669166666666666]], [[86.42833333333334, 23.6875], [86.42916666666667, 23.6875], [86.43, 23.6875], [86.43, 23.688333333333333], [86.42916666666667, 23.688333333333333], [86.42833333333334, 23.688333333333333], [86.42833333333334, 23.6875]], [[86.43, 23.68], [86.43, 23.680833333333332], [86.42916666666667, 23.680833333333332], [86.42916666666667, 23.68], [86.43, 23.68]], [[86.43, 23.679166666666667], [86.43, 23.67833333333333], [86.43, 23.6775], [86.43083333333334, 23.6775], [86.43083333333334, 23.676666666666666], [86.43166666666667, 23.676666666666666], [86.43166666666667, 23.675833333333333], [86.43166666666667, 23.675], [86.4325, 23.675], [86.4325, 23.674166666666665], [86.4325, 23.673333333333332], [86.43333333333334, 23.673333333333332], [86.43333333333334, 23.674166666666665], [86.43333333333334, 23.675], [86.43333333333334, 23.675833333333333], [86.43416666666667, 23.675833333333333], [86.43416666666667, 23.675], [86.43416666666667, 23.674166666666665], [86.435, 23.674166666666665], [86.435, 23.673333333333332], [86.43583333333333, 23.673333333333332], [86.43583333333333, 23.6725], [86.43666666666667, 23.6725], [86.4375, 23.6725], [86.4375, 23.671666666666667], [86.4375, 23.670833333333334], [86.4375, 23.669999999999998], [86.43833333333333, 23.669999999999998], [86.43833333333333, 23.669166666666666], [86.4375, 23.669166666666666], [86.4375, 23.668333333333333], [86.4375, 23.6675], [86.43833333333333, 23.6675], [86.43833333333333, 23.668333333333333], [86.43916666666667, 23.668333333333333], [86.43916666666667, 23.669166666666666], [86.43916666666667, 23.669999999999998], [86.43916666666667, 23.670833333333334], [86.43916666666667, 23.671666666666667], [86.43916666666667, 23.6725], [86.43916666666667, 23.673333333333332], [86.43833333333333, 23.673333333333332], [86.43833333333333, 23.674166666666665], [86.43916666666667, 23.674166666666665], [86.44, 23.674166666666665], [86.44, 23.675], [86.43916666666667, 23.675], [86.43833333333333, 23.675], [86.43833333333333, 23.675833333333333], [86.4375, 23.675833333333333], [86.4375, 23.676666666666666], [86.43666666666667, 23.676666666666666], [86.43666666666667, 23.6775], [86.43666666666667, 23.67833333333333], [86.43583333333333, 23.67833333333333], [86.43583333333333, 23.6775], [86.43583333333333, 23.676666666666666], [86.435, 23.676666666666666], [86.435, 23.6775], [86.435, 23.67833333333333], [86.43416666666667, 23.67833333333333], [86.43416666666667, 23.679166666666667], [86.435, 23.679166666666667], [86.43583333333333, 23.679166666666667], [86.43583333333333, 23.68], [86.435, 23.68], [86.43416666666667, 23.68], [86.43416666666667, 23.680833333333332], [86.43333333333334, 23.680833333333332], [86.43333333333334, 23.681666666666665], [86.43416666666667, 23.681666666666665], [86.435, 23.681666666666665], [86.435, 23.6825], [86.43416666666667, 23.6825], [86.43416666666667, 23.683333333333334], [86.43416666666667, 23.684166666666666], [86.43333333333334, 23.684166666666666], [86.4325, 23.684166666666666], [86.4325, 23.683333333333334], [86.4325, 23.6825], [86.43166666666667, 23.6825], [86.43166666666667, 23.683333333333334], [86.43166666666667, 23.684166666666666], [86.43083333333334, 23.684166666666666], [86.43083333333334, 23.683333333333334], [86.43083333333334, 23.6825], [86.43083333333334, 23.681666666666665], [86.43166666666667, 23.681666666666665], [86.43166666666667, 23.680833333333332], [86.4325, 23.680833333333332], [86.4325, 23.68], [86.4325, 23.679166666666667], [86.4325, 23.67833333333333], [86.4325, 23.6775], [86.43166666666667, 23.6775], [86.43166666666667, 23.67833333333333], [86.43166666666667, 23.679166666666667], [86.43083333333334, 23.679166666666667], [86.43083333333334, 23.68], [86.43, 23.68], [86.43, 23.679166666666667]], [[86.435, 23.6725], [86.435, 23.671666666666667], [86.43583333333333, 23.671666666666667], [86.43583333333333, 23.6725], [86.435, 23.6725]], [[86.43583333333333, 23.670833333333334], [86.43666666666667, 23.670833333333334], [86.43666666666667, 23.671666666666667], [86.43583333333333, 23.671666666666667], [86.43583333333333, 23.670833333333334]], [[86.435, 23.670833333333334], [86.435, 23.669999999999998], [86.43583333333333, 23.669999999999998], [86.43583333333333, 23.670833333333334], [86.435, 23.670833333333334]], [[86.43916666666667, 23.6675], [86.44, 23.6675], [86.44, 23.666666666666664], [86.44, 23.66583333333333], [86.44083333333333, 23.66583333333333], [86.44083333333333, 23.666666666666664], [86.44083333333333, 23.6675], [86.44083333333333, 23.668333333333333], [86.44, 23.668333333333333], [86.43916666666667, 23.668333333333333], [86.43916666666667, 23.6675]], [[86.44083333333333, 23.665], [86.44083333333333, 23.664166666666667], [86.44, 23.664166666666667], [86.44, 23.663333333333334], [86.44083333333333, 23.663333333333334], [86.44166666666666, 23.663333333333334], [86.44166666666666, 23.664166666666667], [86.44250000000001, 23.664166666666667], [86.44250000000001, 23.665], [86.44166666666666, 23.665], [86.44166666666666, 23.66583333333333], [86.44083333333333, 23.66583333333333], [86.44083333333333, 23.665]], [[86.44250000000001, 23.66583333333333], [86.44333333333334, 23.66583333333333], [86.44416666666667, 23.66583333333333], [86.44416666666667, 23.666666666666664], [86.44416666666667, 23.6675], [86.44416666666667, 23.668333333333333], [86.44333333333334, 23.668333333333333], [86.44333333333334, 23.6675], [86.44250000000001, 23.6675], [86.44166666666666, 23.6675], [86.44166666666666, 23.666666666666664], [86.44166666666666, 23.66583333333333], [86.44250000000001, 23.66583333333333]], [[86.44083333333333, 23.675], [86.44083333333333, 23.674166666666665], [86.44083333333333, 23.673333333333332], [86.44166666666666, 23.673333333333332], [86.44166666666666, 23.6725], [86.44166666666666, 23.671666666666667], [86.44250000000001, 23.671666666666667], [86.44250000000001, 23.6725], [86.44250000000001, 23.673333333333332], [86.44250000000001, 23.674166666666665], [86.44166666666666, 23.674166666666665], [86.44166666666666, 23.675], [86.44166666666666, 23.675833333333333], [86.44166666666666, 23.676666666666666], [86.44083333333333, 23.676666666666666], [86.44083333333333, 23.6775], [86.44083333333333, 23.67833333333333], [86.44, 23.67833333333333], [86.43916666666667, 23.67833333333333], [86.43916666666667, 23.6775], [86.43916666666667, 23.676666666666666], [86.44, 23.676666666666666], [86.44, 23.675833333333333], [86.44, 23.675], [86.44083333333333, 23.675]], [[86.44083333333333, 23.671666666666667], [86.44083333333333, 23.670833333333334], [86.44, 23.670833333333334], [86.44, 23.669999999999998], [86.44083333333333, 23.669999999999998], [86.44166666666666, 23.669999999999998], [86.44166666666666, 23.670833333333334], [86.44166666666666, 23.671666666666667], [86.44083333333333, 23.671666666666667]], [[86.41833333333334, 23.689999999999998], [86.41833333333334, 23.690833333333334], [86.4175, 23.690833333333334], [86.4175, 23.689999999999998], [86.4175, 23.689166666666665], [86.41833333333334, 23.689166666666665], [86.41833333333334, 23.689999999999998]], [[86.41666666666667, 23.689166666666665], [86.41666666666667, 23.688333333333333], [86.41666666666667, 23.6875], [86.4175, 23.6875], [86.4175, 23.688333333333333], [86.4175, 23.689166666666665], [86.41666666666667, 23.689166666666665]], [[86.4175, 23.686666666666667], [86.41666666666667, 23.686666666666667], [86.41666666666667, 23.68583333333333], [86.4175, 23.68583333333333], [86.4175, 23.686666666666667]], [[86.415, 23.689166666666665], [86.415, 23.688333333333333], [86.41583333333334, 23.688333333333333], [86.41583333333334, 23.689166666666665], [86.415, 23.689166666666665]], [[86.42, 23.688333333333333], [86.42, 23.6875], [86.42083333333333, 23.6875], [86.42083333333333, 23.688333333333333], [86.42, 23.688333333333333]], [[86.4225, 23.686666666666667], [86.42166666666667, 23.686666666666667], [86.42083333333333, 23.686666666666667], [86.42083333333333, 23.68583333333333], [86.42166666666667, 23.68583333333333], [86.42166666666667, 23.685], [86.4225, 23.685], [86.4225, 23.68583333333333], [86.4225, 23.686666666666667]], [[86.42, 23.689166666666665], [86.42083333333333, 23.689166666666665], [86.42083333333333, 23.689999999999998], [86.42, 23.689999999999998], [86.42, 23.689166666666665]], [[86.42666666666668, 23.6825], [86.42666666666668, 23.683333333333334], [86.42583333333333, 23.683333333333334], [86.42583333333333, 23.6825], [86.42666666666668, 23.6825]], [[86.42833333333334, 23.683333333333334], [86.42750000000001, 23.683333333333334], [86.42750000000001, 23.6825], [86.42750000000001, 23.681666666666665], [86.42833333333334, 23.681666666666665], [86.42833333333334, 23.6825], [86.42833333333334, 23.683333333333334]], [[86.425, 23.684166666666666], [86.42416666666666, 23.684166666666666], [86.42416666666666, 23.683333333333334], [86.425, 23.683333333333334], [86.425, 23.684166666666666]], [[86.43, 23.674166666666665], [86.43, 23.675], [86.43, 23.675833333333333], [86.42916666666667, 23.675833333333333], [86.42916666666667, 23.675], [86.42916666666667, 23.674166666666665], [86.43, 23.674166666666665]], [[86.43333333333334, 23.6725], [86.43333333333334, 23.671666666666667], [86.43416666666667, 23.671666666666667], [86.43416666666667, 23.6725], [86.43333333333334, 23.6725]], [[86.43833333333333, 23.66583333333333], [86.43833333333333, 23.665], [86.43916666666667, 23.665], [86.43916666666667, 23.66583333333333], [86.43833333333333, 23.66583333333333]], [[86.44500000000001, 23.664166666666667], [86.44583333333334, 23.664166666666667], [86.44583333333334, 23.665], [86.44583333333334, 23.66583333333333], [86.44500000000001, 23.66583333333333], [86.44500000000001, 23.665], [86.44500000000001, 23.664166666666667]], [[86.43583333333333, 23.656666666666666], [86.43583333333333, 23.655833333333334], [86.43583333333333, 23.654999999999998], [86.43666666666667, 23.654999999999998], [86.43666666666667, 23.655833333333334], [86.43666666666667, 23.656666666666666], [86.43583333333333, 23.656666666666666]], [[86.43583333333333, 23.6575], [86.43666666666667, 23.6575], [86.43666666666667, 23.65833333333333], [86.43583333333333, 23.65833333333333], [86.43583333333333, 23.6575]], [[86.4575, 23.671666666666667], [86.45833333333334, 23.671666666666667], [86.45833333333334, 23.6725], [86.4575, 23.6725], [86.4575, 23.671666666666667]]]}}, {"type": "Feature", "properties": {"product": "new_water", "area_ha": 7.84}, "geometry": {"type": "Polygon", "coordinates": [[[86.395, 23.699166666666667], [86.39583333333334, 23.699166666666667], [86.39666666666668, 23.699166666666667], [86.39666666666668, 23.698333333333334], [86.39750000000001, 23.698333333333334], [86.39833333333334, 23.698333333333334], [86.39833333333334, 23.697499999999998], [86.39750000000001, 23.697499999999998], [86.39666666666668, 23.697499999999998], [86.39583333333334, 23.697499999999998], [86.395, 23.697499999999998], [86.39416666666666, 23.697499999999998], [86.39333333333333, 23.697499999999998], [86.39333333333333, 23.698333333333334], [86.39416666666666, 23.698333333333334], [86.39416666666666, 23.699166666666667], [86.39416666666666, 23.7], [86.395, 23.7], [86.395, 23.699166666666667]]]}}, {"type": "Feature", "properties": {"product": "new_water", "area_ha": 8.63}, "geometry": {"type": "Polygon", "coordinates": [[[86.395, 23.7475], [86.39416666666666, 23.7475], [86.39416666666666, 23.74833333333333], [86.395, 23.74833333333333], [86.39583333333334, 23.74833333333333], [86.39666666666668, 23.74833333333333], [86.39750000000001, 23.74833333333333], [86.39750000000001, 23.7475], [86.39666666666668, 23.7475], [86.39583333333334, 23.7475], [86.39583333333334, 23.746666666666666], [86.39583333333334, 23.745833333333334], [86.39583333333334, 23.745], [86.395, 23.745], [86.39416666666666, 23.745], [86.39416666666666, 23.745833333333334], [86.39333333333333, 23.745833333333334], [86.3925, 23.745833333333334], [86.3925, 23.746666666666666], [86.39333333333333, 23.746666666666666], [86.39416666666666, 23.746666666666666], [86.395, 23.746666666666666], [86.395, 23.7475]]]}}, {"type": "Feature", "properties": {"product": "new_water", "area_ha": 28.23}, "geometry": {"type": "Polygon", "coordinates": [[[86.39750000000001, 23.746666666666666], [86.39750000000001, 23.7475], [86.39833333333334, 23.7475], [86.39916666666667, 23.7475], [86.39916666666667, 23.74833333333333], [86.39916666666667, 23.749166666666667], [86.4, 23.749166666666667], [86.4, 23.74833333333333], [86.40083333333334, 23.74833333333333], [86.40083333333334, 23.749166666666667], [86.40083333333334, 23.75], [86.40166666666667, 23.75], [86.4025, 23.75], [86.4025, 23.749166666666667], [86.4025, 23.74833333333333], [86.4025, 23.7475], [86.4025, 23.746666666666666], [86.40166666666667, 23.746666666666666], [86.40166666666667, 23.745833333333334], [86.40166666666667, 23.745], [86.40166666666667, 23.744166666666665], [86.40083333333334, 23.744166666666665], [86.40083333333334, 23.743333333333332], [86.4, 23.743333333333332], [86.4, 23.7425], [86.40083333333334, 23.7425], [86.40083333333334, 23.741666666666667], [86.40083333333334, 23.74083333333333], [86.40083333333334, 23.74], [86.4, 23.74], [86.4, 23.74083333333333], [86.39916666666667, 23.74083333333333], [86.39916666666667, 23.741666666666667], [86.39916666666667, 23.7425], [86.39916666666667, 23.743333333333332], [86.39916666666667, 23.744166666666665], [86.39833333333334, 23.744166666666665], [86.39833333333334, 23.745], [86.39750000000001, 23.745], [86.39750000000001, 23.745833333333334], [86.39750000000001, 23.746666666666666]], [[86.40083333333334, 23.7475], [86.40166666666667, 23.7475], [86.40166666666667, 23.74833333333333], [86.40083333333334, 23.74833333333333], [86.40083333333334, 23.7475]]]}}, {"type": "Feature", "properties": {"product": "new_water", "area_ha": 24.31}, "geometry": {"type": "Polygon", "coordinates": [[[86.39916666666667, 23.75583333333333], [86.39916666666667, 23.756666666666668], [86.4, 23.756666666666668], [86.4, 23.7575], [86.4, 23.758333333333333], [86.40083333333334, 23.758333333333333], [86.40083333333334, 23.7575], [86.40166666666667, 23.7575], [86.4025, 23.7575], [86.4025, 23.756666666666668], [86.40333333333334, 23.756666666666668], [86.40416666666667, 23.756666666666668], [86.40416666666667, 23.75583333333333], [86.40416666666667, 23.755], [86.40416666666667, 23.754166666666666], [86.40333333333334, 23.754166666666666], [86.4025, 23.754166666666666], [86.4025, 23.753333333333334], [86.40166666666667, 23.753333333333334], [86.40166666666667, 23.752499999999998], [86.40083333333334, 23.752499999999998], [86.40083333333334, 23.751666666666665], [86.4, 23.751666666666665], [86.39916666666667, 23.751666666666665], [86.39916666666667, 23.752499999999998], [86.39916666666667, 23.753333333333334], [86.39916666666667, 23.754166666666666], [86.39833333333334, 23.754166666666666], [86.39750000000001, 23.754166666666666], [86.39750000000001, 23.755], [86.39833333333334, 23.755], [86.39916666666667, 23.755], [86.39916666666667, 23.75583333333333]], [[86.40166666666667, 23.756666666666668], [86.40083333333334, 23.756666666666668], [86.40083333333334, 23.75583333333333], [86.40166666666667, 23.75583333333333], [86.4025, 23.75583333333333], [86.4025, 23.756666666666668], [86.40166666666667, 23.756666666666668]]]}}, {"type": "Feature", "properties": {"product": "new_water", "area_ha": 7.06}, "geometry": {"type": "Polygon", "coordinates": [[[86.39166666666667, 23.778333333333332], [86.39166666666667, 23.7775], [86.39166666666667, 23.776666666666667], [86.39166666666667, 23.77583333333333], [86.39166666666667, 23.775], [86.39166666666667, 23.774166666666666], [86.39083333333333, 23.774166666666666], [86.39, 23.774166666666666], [86.39, 23.775], [86.39083333333333, 23.775], [86.39083333333333, 23.77583333333333], [86.39083333333333, 23.776666666666667], [86.39, 23.776666666666667], [86.39, 23.7775], [86.39, 23.778333333333332], [86.39, 23.779166666666665], [86.39083333333333, 23.779166666666665], [86.39083333333333, 23.778333333333332], [86.39166666666667, 23.778333333333332]]]}}, {"type": "Feature", "properties": {"product": "new_water", "area_ha": 7.84}, "geometry": {"type": "Polygon", "coordinates": [[[86.3925, 23.800833333333333], [86.39333333333333, 23.800833333333333], [86.39333333333333, 23.801666666666666], [86.39416666666666, 23.801666666666666], [86.395, 23.801666666666666], [86.395, 23.800833333333333], [86.395, 23.8], [86.39416666666666, 23.8], [86.39416666666666, 23.799166666666665], [86.395, 23.799166666666665], [86.395, 23.798333333333332], [86.39416666666666, 23.798333333333332], [86.39333333333333, 23.798333333333332], [86.39333333333333, 23.799166666666665], [86.39333333333333, 23.8], [86.3925, 23.8], [86.3925, 23.799166666666665], [86.39166666666667, 23.799166666666665], [86.39166666666667, 23.8], [86.39166666666667, 23.800833333333333], [86.3925, 23.800833333333333]]]}}, {"type": "Feature", "properties": {"product": "new_water", "area_ha": 81.6}, "geometry": {"type": "Polygon", "coordinates": [[[86.40083333333334, 23.668333333333333], [86.4, 23.668333333333333], [86.4, 23.669166666666666], [86.40083333333334, 23.669166666666666], [86.40083333333334, 23.669999999999998], [86.40166666666667, 23.669999999999998], [86.4025, 23.669999999999998], [86.4025, 23.670833333333334], [86.40333333333334, 23.670833333333334], [86.40416666666667, 23.670833333333334], [86.40416666666667, 23.669999999999998], [86.405, 23.669999999999998], [86.405, 23.670833333333334], [86.40583333333333, 23.670833333333334], [86.40583333333333, 23.669999999999998], [86.40666666666667, 23.669999999999998], [86.40666666666667, 23.669166666666666], [86.4075, 23.669166666666666], [86.40833333333333, 23.669166666666666], [86.40916666666666, 23.669166666666666], [86.40916666666666, 23.668333333333333], [86.41, 23.668333333333333], [86.41, 23.6675], [86.41, 23.666666666666664], [86.41083333333333, 23.666666666666664], [86.41083333333333, 23.66583333333333], [86.41166666666668, 23.66583333333333], [86.41250000000001, 23.66583333333333], [86.41333333333334, 23.66583333333333], [86.41333333333334, 23.665], [86.41416666666667, 23.665], [86.415, 23.665], [86.41583333333334, 23.665], [86.41666666666667, 23.665], [86.41666666666667, 23.664166666666667], [86.4175, 23.664166666666667], [86.4175, 23.663333333333334], [86.41833333333334, 23.663333333333334], [86.41833333333334, 23.662499999999998], [86.41833333333334, 23.661666666666665], [86.41833333333334, 23.660833333333333], [86.41833333333334, 23.66], [86.4175, 23.66], [86.4175, 23.660833333333333], [86.41666666666667, 23.660833333333333], [86.41666666666667, 23.661666666666665], [86.41583333333334, 23.661666666666665], [86.415, 23.661666666666665], [86.415, 23.662499999999998], [86.41416666666667, 23.662499999999998], [86.41333333333334, 23.662499999999998], [86.41250000000001, 23.662499999999998], [86.41250000000001, 23.663333333333334], [86.41166666666668, 23.663333333333334], [86.41083333333333, 23.663333333333334], [86.41083333333333, 23.664166666666667], [86.41, 23.664166666666667], [86.41, 23.663333333333334], [86.40916666666666, 23.663333333333334], [86.40833333333333, 23.663333333333334], [86.40833333333333, 23.662499999999998], [86.40833333333333, 23.661666666666665], [86.4075, 23.661666666666665], [86.4075, 23.662499999999998], [86.40666666666667, 23.662499999999998], [86.40666666666667, 23.661666666666665], [86.40583333333333, 23.661666666666665], [86.405, 23.661666666666665], [86.405, 23.662499999999998], [86.405, 23.663333333333334], [86.40583333333333, 23.663333333333334], [86.40666666666667, 23.663333333333334], [86.40666666666667, 23.664166666666667], [86.40583333333333, 23.664166666666667], [86.40583333333333, 23.665], [86.40583333333333, 23.66583333333333], [86.405, 23.66583333333333], [86.405, 23.666666666666664], [86.40416666666667, 23.666666666666664], [86.40333333333334, 23.666666666666664], [86.40333333333334, 23.66583333333333], [86.4025, 23.66583333333333], [86.4025, 23.666666666666664], [86.40166666666667, 23.666666666666664], [86.40083333333334, 23.666666666666664], [86.40083333333334, 23.6675], [86.40083333333334, 23.668333333333333]], [[86.41, 23.665], [86.40916666666666, 23.665], [86.40916666666666, 23.664166666666667], [86.41, 23.664166666666667], [86.41, 23.665]], [[86.4075, 23.664166666666667], [86.4075, 23.665], [86.40666666666667, 23.665], [86.40666666666667, 23.664166666666667], [86.4075, 23.664166666666667]]]}}, {"type": "Feature", "properties": {"product": "new_water", "area_ha": 46.29}, "geometry": {"type": "Polygon", "coordinates": [[[86.4, 23.680833333333332], [86.40083333333334, 23.680833333333332], [86.40166666666667, 23.680833333333332], [86.4025, 23.680833333333332], [86.40333333333334, 23.680833333333332], [86.40333333333334, 23.68], [86.40416666666667, 23.68], [86.40416666666667, 23.679166666666667], [86.40416666666667, 23.67833333333333], [86.405, 23.67833333333333], [86.405, 23.679166666666667], [86.405, 23.68], [86.40583333333333, 23.68], [86.40666666666667, 23.68], [86.4075, 23.68], [86.4075, 23.679166666666667], [86.40833333333333, 23.679166666666667], [86.40916666666666, 23.679166666666667], [86.41, 23.679166666666667], [86.41083333333333, 23.679166666666667], [86.41083333333333, 23.67833333333333], [86.41166666666668, 23.67833333333333], [86.41166666666668, 23.6775], [86.41250000000001, 23.6775], [86.41333333333334, 23.6775], [86.41333333333334, 23.676666666666666], [86.41416666666667, 23.676666666666666], [86.415, 23.676666666666666], [86.41583333333334, 23.676666666666666], [86.41666666666667, 23.676666666666666], [86.41666666666667, 23.675833333333333], [86.41666666666667, 23.675], [86.41583333333334, 23.675], [86.415, 23.675], [86.415, 23.674166666666665], [86.415, 23.673333333333332], [86.41416666666667, 23.673333333333332], [86.41333333333334, 23.673333333333332], [86.41333333333334, 23.6725], [86.41250000000001, 23.6725], [86.41250000000001, 23.671666666666667], [86.41166666666668, 23.671666666666667], [86.41166666666668, 23.670833333333334], [86.41083333333333, 23.670833333333334], [86.41083333333333, 23.669999999999998], [86.41, 23.669999999999998], [86.41, 23.670833333333334], [86.41, 23.671666666666667], [86.41083333333333, 23.671666666666667], [86.41083333333333, 23.6725], [86.41166666666668, 23.6725], [86.41166666666668, 23.673333333333332], [86.41166666666668, 23.674166666666665], [86.41166666666668, 23.675], [86.41250000000001, 23.675], [86.41250000000001, 23.675833333333333], [86.41166666666668, 23.675833333333333], [86.41166666666668, 23.676666666666666], [86.41083333333333, 23.676666666666666], [86.41, 23.676666666666666], [86.40916666666666, 23.676666666666666], [86.40916666666666, 23.6775], [86.40833333333333, 23.6775], [86.40833333333333, 23.67833333333333], [86.4075, 23.67833333333333], [86.40666666666667, 23.67833333333333], [86.40666666666667, 23.6775], [86.40583333333333, 23.6775], [86.405, 23.6775], [86.405, 23.676666666666666], [86.40416666666667, 23.676666666666666], [86.40416666666667, 23.6775], [86.40333333333334, 23.6775], [86.40333333333334, 23.67833333333333], [86.40333333333334, 23.679166666666667], [86.4025, 23.679166666666667], [86.40166666666667, 23.679166666666667], [86.40166666666667, 23.67833333333333], [86.40083333333334, 23.67833333333333], [86.40083333333334, 23.679166666666667], [86.4, 23.679166666666667], [86.4, 23.68], [86.4, 23.680833333333332]], [[86.41333333333334, 23.674166666666665], [86.41250000000001, 23.674166666666665], [86.41250000000001, 23.673333333333332], [86.41333333333334, 23.673333333333332], [86.41333333333334, 23.674166666666665]], [[86.41416666666667, 23.674166666666665], [86.41416666666667, 23.675], [86.41333333333334, 23.675], [86.41333333333334, 23.674166666666665], [86.41416666666667, 23.674166666666665]]]}}, {"type": "Feature", "properties": {"product": "new_water", "area_ha": 7.84}, "geometry": {"type": "Polygon", "coordinates": [[[86.4025, 23.74], [86.4025, 23.739166666666666], [86.40333333333334, 23.739166666666666], [86.40333333333334, 23.738333333333333], [86.4025, 23.738333333333333], [86.4025, 23.7375], [86.4025, 23.736666666666665], [86.40333333333334, 23.736666666666665], [86.40333333333334, 23.735833333333332], [86.4025, 23.735833333333332], [86.4025, 23.735], [86.40166666666667, 23.735], [86.40166666666667, 23.735833333333332], [86.40083333333334, 23.735833333333332], [86.40083333333334, 23.736666666666665], [86.40083333333334, 23.7375], [86.40166666666667, 23.7375], [86.40166666666667, 23.738333333333333], [86.40166666666667, 23.739166666666666], [86.40166666666667, 23.74], [86.4025, 23.74]]]}}, {"type": "Feature", "properties": {"product": "new_water", "area_ha": 14.11}, "geometry": {"type": "Polygon", "coordinates": [[[86.4075, 23.746666666666666], [86.4075, 23.7475], [86.4075, 23.74833333333333], [86.40666666666667, 23.74833333333333], [86.40583333333333, 23.74833333333333], [86.405, 23.74833333333333], [86.405, 23.749166666666667], [86.40583333333333, 23.749166666666667], [86.40583333333333, 23.75], [86.40666666666667, 23.75], [86.40666666666667, 23.749166666666667], [86.4075, 23.749166666666667], [86.4075, 23.75], [86.40833333333333, 23.75], [86.40833333333333, 23.749166666666667], [86.40833333333333, 23.74833333333333], [86.40916666666666, 23.74833333333333], [86.40916666666666, 23.7475], [86.41, 23.7475], [86.41, 23.746666666666666], [86.41083333333333, 23.746666666666666], [86.41083333333333, 23.745833333333334], [86.41, 23.745833333333334], [86.41, 23.745], [86.41, 23.744166666666665], [86.40916666666666, 23.744166666666665], [86.40833333333333, 23.744166666666665], [86.40833333333333, 23.745], [86.4075, 23.745], [86.4075, 23.745833333333334], [86.4075, 23.746666666666666]], [[86.40833333333333, 23.7475], [86.40833333333333, 23.746666666666666], [86.40833333333333, 23.745833333333334], [86.40916666666666, 23.745833333333334], [86.40916666666666, 23.746666666666666], [86.40916666666666, 23.7475], [86.40833333333333, 23.7475]]]}}, {"type": "Feature", "properties": {"product": "new_water", "area_ha": 54.1}, "geometry": {"type": "Polygon", "coordinates": [[[86.40666666666667, 23.756666666666668], [86.40666666666667, 23.7575], [86.40666666666667, 23.758333333333333], [86.40583333333333, 23.758333333333333], [86.405, 23.758333333333333], [86.405, 23.759166666666665], [86.405, 23.759999999999998], [86.40416666666667, 23.759999999999998], [86.40416666666667, 23.760833333333334], [86.405, 23.760833333333334], [86.40583333333333, 23.760833333333334], [86.40583333333333, 23.759999999999998], [86.40666666666667, 23.759999999999998], [86.40666666666667, 23.759166666666665], [86.4075, 23.759166666666665], [86.40833333333333, 23.759166666666665], [86.40916666666666, 23.759166666666665], [86.41, 23.759166666666665], [86.41083333333333, 23.759166666666665], [86.41083333333333, 23.759999999999998], [86.41166666666668, 23.759999999999998], [86.41250000000001, 23.759999999999998], [86.41250000000001, 23.760833333333334], [86.41333333333334, 23.760833333333334], [86.41333333333334, 23.759999999999998], [86.41416666666667, 23.759999999999998], [86.415, 23.759999999999998], [86.41583333333334, 23.759999999999998], [86.41583333333334, 23.760833333333334], [86.41666666666667, 23.760833333333334], [86.41666666666667, 23.759999999999998], [86.41666666666667, 23.759166666666665], [86.41583333333334, 23.759166666666665], [86.415, 23.759166666666665], [86.415, 23.758333333333333], [86.41416666666667, 23.758333333333333], [86.41416666666667, 23.7575], [86.41333333333334, 23.7575], [86.41333333333334, 23.756666666666668], [86.41250000000001, 23.756666666666668], [86.41166666666668, 23.756666666666668], [86.41166666666668, 23.75583333333333], [86.41166666666668, 23.755], [86.41166666666668, 23.754166666666666], [86.41166666666668, 23.753333333333334], [86.41083333333333, 23.753333333333334], [86.41083333333333, 23.752499999999998], [86.41, 23.752499999999998], [86.41, 23.751666666666665], [86.40916666666666, 23.751666666666665], [86.40916666666666, 23.752499999999998], [86.40916666666666, 23.753333333333334], [86.40916666666666, 23.754166666666666], [86.40916666666666, 23.755], [86.40833333333333, 23.755], [86.40833333333333, 23.754166666666666], [86.4075, 23.754166666666666], [86.40666666666667, 23.754166666666666], [86.40666666666667, 23.753333333333334], [86.40666666666667, 23.752499999999998], [86.40583333333333, 23.752499999999998], [86.40583333333333, 23.751666666666665], [86.405, 23.751666666666665], [86.405, 23.752499999999998], [86.405, 23.753333333333334], [86.40416666666667, 23.753333333333334], [86.40416666666667, 23.754166666666666], [86.405, 23.754166666666666], [86.405, 23.755], [86.40583333333333, 23.755], [86.40583333333333, 23.75583333333333], [86.40583333333333, 23.756666666666668], [86.40666666666667, 23.756666666666668]], [[86.41166666666668, 23.7575], [86.41250000000001, 23.7575], [86.41250000000001, 23.758333333333333], [86.41250000000001, 23.759166666666665], [86.41166666666668, 23.759166666666665], [86.41166666666668, 23.758333333333333], [86.41083333333333, 23.758333333333333], [86.41083333333333, 23.7575], [86.41083333333333, 23.756666666666668], [86.41166666666668, 23.756666666666668], [86.41166666666668, 23.7575]], [[86.40833333333333, 23.75583333333333], [86.4075, 23.75583333333333], [86.4075, 23.755], [86.40833333333333, 23.755], [86.40833333333333, 23.75583333333333]], [[86.40833333333333, 23.758333333333333], [86.40833333333333, 23.7575], [86.40916666666666, 23.7575], [86.40916666666666, 23.758333333333333], [86.40833333333333, 23.758333333333333]]]}}, {"type": "Feature", "properties": {"product": "new_water", "area_ha": 10.98}, "geometry": {"type": "Polygon", "coordinates": [[[86.41166666666668, 23.769166666666667], [86.41166666666668, 23.76833333333333], [86.41083333333333, 23.76833333333333], [86.41, 23.76833333333333], [86.40916666666666, 23.76833333333333], [86.40916666666666, 23.7675], [86.41, 23.7675], [86.41, 23.766666666666666], [86.41083333333333, 23.766666666666666], [86.41083333333333, 23.765833333333333], [86.41, 23.765833333333333], [86.40916666666666, 23.765833333333333], [86.40916666666666, 23.766666666666666], [86.40833333333333, 23.766666666666666], [86.4075, 23.766666666666666], [86.40666666666667, 23.766666666666666], [86.40666666666667, 23.765833333333333], [86.40583333333333, 23.765833333333333], [86.40583333333333, 23.766666666666666], [86.40583333333333, 23.7675], [86.40666666666667, 23.7675], [86.4075, 23.7675], [86.4075, 23.76833333333333], [86.40833333333333, 23.76833333333333], [86.40833333333333, 23.769166666666667], [86.40916666666666, 23.769166666666667], [86.41, 23.769166666666667], [86.41083333333333, 23.769166666666667], [86.41166666666668, 23.769166666666667]]]}}, {"type": "Feature", "properties": {"product": "new_water", "area_ha": 14.12}, "geometry": {"type": "Polygon", "coordinates": [[[86.41250000000001, 23.670833333333334], [86.41333333333334, 23.670833333333334], [86.41416666666667, 23.670833333333334], [86.41416666666667, 23.669999999999998], [86.41416666666667, 23.669166666666666], [86.415, 23.669166666666666], [86.415, 23.668333333333333], [86.41583333333334, 23.668333333333333], [86.41583333333334, 23.6675], [86.415, 23.6675], [86.415, 23.666666666666664], [86.41416666666667, 23.666666666666664], [86.41333333333334, 23.666666666666664], [86.41250000000001, 23.666666666666664], [86.41250000000001, 23.6675], [86.41166666666668, 23.6675], [86.41166666666668, 23.668333333333333], [86.41166666666668, 23.669166666666666], [86.41083333333333, 23.669166666666666], [86.41083333333333, 23.669999999999998], [86.41166666666668, 23.669999999999998], [86.41250000000001, 23.669999999999998], [86.41250000000001, 23.670833333333334]]]}}, {"type": "Feature", "properties": {"product": "new_water", "area_ha": 7.84}, "geometry": {"type": "Polygon", "coordinates": [[[86.41083333333333, 23.750833333333333], [86.41166666666668, 23.750833333333333], [86.41166666666668, 23.75], [86.41250000000001, 23.75], [86.41250000000001, 23.750833333333333], [86.41333333333334, 23.750833333333333], [86.41333333333334, 23.75], [86.41333333333334, 23.749166666666667], [86.41250000000001, 23.749166666666667], [86.41250000000001, 23.74833333333333], [86.41166666666668, 23.74833333333333], [86.41083333333333, 23.74833333333333], [86.41083333333333, 23.749166666666667], [86.41, 23.749166666666667], [86.40916666666666, 23.749166666666667], [86.40916666666666, 23.75], [86.40916666666666, 23.750833333333333], [86.41, 23.750833333333333], [86.41, 23.75], [86.41083333333333, 23.75], [86.41083333333333, 23.750833333333333]]]}}, {"type": "Feature", "properties": {"product": "new_water", "area_ha": 17.25}, "geometry": {"type": "Polygon", "coordinates": [[[86.41250000000001, 23.766666666666666], [86.41250000000001, 23.7675], [86.41333333333334, 23.7675], [86.41333333333334, 23.766666666666666], [86.41416666666667, 23.766666666666666], [86.41416666666667, 23.765833333333333], [86.415, 23.765833333333333], [86.415, 23.765], [86.415, 23.764166666666664], [86.41416666666667, 23.764166666666664], [86.41416666666667, 23.763333333333332], [86.41333333333334, 23.763333333333332], [86.41333333333334, 23.7625], [86.41333333333334, 23.761666666666667], [86.41250000000001, 23.761666666666667], [86.41166666666668, 23.761666666666667], [86.41083333333333, 23.761666666666667], [86.41083333333333, 23.7625], [86.41083333333333, 23.763333333333332], [86.41083333333333, 23.764166666666664], [86.41083333333333, 23.765], [86.41083333333333, 23.765833333333333], [86.41166666666668, 23.765833333333333], [86.41166666666668, 23.765], [86.41250000000001, 23.765], [86.41250000000001, 23.765833333333333], [86.41250000000001, 23.766666666666666]]]}}, {"type": "Feature", "properties": {"product": "new_water", "area_ha": 16.46}, "geometry": {"type": "Polygon", "coordinates": [[[86.41250000000001, 23.773333333333333], [86.41250000000001, 23.774166666666666], [86.41166666666668, 23.774166666666666], [86.41166666666668, 23.775], [86.41166666666668, 23.77583333333333], [86.41250000000001, 23.77583333333333], [86.41250000000001, 23.775], [86.41333333333334, 23.775], [86.41333333333334, 23.774166666666666], [86.41416666666667, 23.774166666666666], [86.41416666666667, 23.775], [86.41416666666667, 23.77583333333333], [86.415, 23.77583333333333], [86.415, 23.776666666666667], [86.415, 23.7775], [86.41583333333334, 23.7775], [86.41666666666667, 23.7775], [86.41666666666667, 23.776666666666667], [86.41666666666667, 23.77583333333333], [86.4175, 23.77583333333333], [86.4175, 23.775], [86.4175, 23.774166666666666], [86.41666666666667, 23.774166666666666], [86.41666666666667, 23.773333333333333], [86.41583333333334, 23.773333333333333], [86.415, 23.773333333333333], [86.41416666666667, 23.773333333333333], [86.41416666666667, 23.7725], [86.41333333333334, 23.7725], [86.41333333333334, 23.773333333333333], [86.41250000000001, 23.773333333333333]]]}}, {"type": "Feature", "properties": {"product": "new_water", "area_ha": 7.85}, "geometry": {"type": "Polygon", "coordinates": [[[86.41833333333334, 23.669166666666666], [86.4175, 23.669166666666666], [86.41666666666667, 23.669166666666666], [86.41583333333334, 23.669166666666666], [86.415, 23.669166666666666], [86.415, 23.669999999999998], [86.415, 23.670833333333334], [86.41416666666667, 23.670833333333334], [86.41416666666667, 23.671666666666667], [86.415, 23.671666666666667], [86.41583333333334, 23.671666666666667], [86.41583333333334, 23.670833333333334], [86.41666666666667, 23.670833333333334], [86.4175, 23.670833333333334], [86.41833333333334, 23.670833333333334], [86.41833333333334, 23.669999999999998], [86.41833333333334, 23.669166666666666]]]}}, {"type": "Feature", "properties": {"product": "new_water", "area_ha": 6.27}, "geometry": {"type": "Polygon", "coordinates": [[[86.41916666666667, 23.7425], [86.41916666666667, 23.741666666666667], [86.41833333333334, 23.741666666666667], [86.41833333333334, 23.74083333333333], [86.4175, 23.74083333333333], [86.4175, 23.741666666666667], [86.41666666666667, 23.741666666666667], [86.41666666666667, 23.7425], [86.4175, 23.7425], [86.4175, 23.743333333333332], [86.4175, 23.744166666666665], [86.41833333333334, 23.744166666666665], [86.41916666666667, 23.744166666666665], [86.41916666666667, 23.743333333333332], [86.41916666666667, 23.7425]]]}}, {"type": "Feature", "properties": {"product": "new_water", "area_ha": 26.66}, "geometry": {"type": "Polygon", "coordinates": [[[86.41833333333334, 23.750833333333333], [86.41833333333334, 23.751666666666665], [86.41916666666667, 23.751666666666665], [86.42, 23.751666666666665], [86.42, 23.752499999999998], [86.42083333333333, 23.752499999999998], [86.42166666666667, 23.752499999999998], [86.42166666666667, 23.753333333333334], [86.4225, 23.753333333333334], [86.4225, 23.752499999999998], [86.4225, 23.751666666666665], [86.4225, 23.750833333333333], [86.4225, 23.75], [86.42333333333333, 23.75], [86.42333333333333, 23.750833333333333], [86.42416666666666, 23.750833333333333], [86.425, 23.750833333333333], [86.42583333333333, 23.750833333333333], [86.42583333333333, 23.75], [86.42583333333333, 23.749166666666667], [86.425, 23.749166666666667], [86.425, 23.74833333333333], [86.42416666666666, 23.74833333333333], [86.42416666666666, 23.7475], [86.42333333333333, 23.7475], [86.4225, 23.7475], [86.42166666666667, 23.7475], [86.42083333333333, 23.7475], [86.42083333333333, 23.74833333333333], [86.42, 23.74833333333333], [86.42, 23.749166666666667], [86.41916666666667, 23.749166666666667], [86.41833333333334, 23.749166666666667], [86.41833333333334, 23.75], [86.4175, 23.75], [86.4175, 23.750833333333333], [86.41833333333334, 23.750833333333333]], [[86.42166666666667, 23.75], [86.42166666666667, 23.749166666666667], [86.4225, 23.749166666666667], [86.4225, 23.75], [86.42166666666667, 23.75]], [[86.425, 23.75], [86.42416666666666, 23.75], [86.42416666666666, 23.749166666666667], [86.425, 23.749166666666667], [86.425, 23.75]], [[86.42083333333333, 23.751666666666665], [86.42083333333333, 23.750833333333333], [86.42166666666667, 23.750833333333333], [86.42166666666667, 23.751666666666665], [86.42083333333333, 23.751666666666665]]]}}, {"type": "Feature", "properties": {"product": "new_water", "area_ha": 46.26}, "geometry": {"type": "Polygon", "coordinates": [[[86.4175, 23.7725], [86.4175, 23.771666666666665], [86.41833333333334, 23.771666666666665], [86.41833333333334, 23.770833333333332], [86.41916666666667, 23.770833333333332], [86.41916666666667, 23.771666666666665], [86.42, 23.771666666666665], [86.42, 23.770833333333332], [86.42083333333333, 23.770833333333332], [86.42166666666667, 23.770833333333332], [86.4225, 23.770833333333332], [86.42333333333333, 23.770833333333332], [86.42333333333333, 23.77], [86.42416666666666, 23.77], [86.42416666666666, 23.769166666666667], [86.425, 23.769166666666667], [86.425, 23.76833333333333], [86.425, 23.7675], [86.425, 23.766666666666666], [86.42416666666666, 23.766666666666666], [86.42416666666666, 23.765833333333333], [86.42416666666666, 23.765], [86.42333333333333, 23.765], [86.42333333333333, 23.764166666666664], [86.4225, 23.764166666666664], [86.42166666666667, 23.764166666666664], [86.42083333333333, 23.764166666666664], [86.42083333333333, 23.765], [86.42, 23.765], [86.42, 23.764166666666664], [86.41916666666667, 23.764166666666664], [86.41916666666667, 23.765], [86.41916666666667, 23.765833333333333], [86.41916666666667, 23.766666666666666], [86.41916666666667, 23.7675], [86.41833333333334, 23.7675], [86.41833333333334, 23.76833333333333], [86.4175, 23.76833333333333], [86.4175, 23.769166666666667], [86.41666666666667, 23.769166666666667], [86.41666666666667, 23.77], [86.41666666666667, 23.770833333333332], [86.41666666666667, 23.771666666666665], [86.41583333333334, 23.771666666666665], [86.41583333333334, 23.7725], [86.41666666666667, 23.7725], [86.4175, 23.7725]], [[86.42333333333333, 23.76833333333333], [86.4225, 23.76833333333333], [86.4225, 23.7675], [86.4225, 23.766666666666666], [86.42333333333333, 23.766666666666666], [86.42333333333333, 23.7675], [86.42333333333333, 23.76833333333333]], [[86.41916666666667, 23.769166666666667], [86.41916666666667, 23.76833333333333], [86.42, 23.76833333333333], [86.42, 23.769166666666667], [86.41916666666667, 23.769166666666667]]]}}, {"type": "Feature", "properties": {"product": "new_water", "area_ha": 35.31}, "geometry": {"type": "Polygon", "coordinates": [[[86.41916666666667, 23.660833333333333], [86.41916666666667, 23.661666666666665], [86.42, 23.661666666666665], [86.42, 23.662499999999998], [86.41916666666667, 23.662499999999998], [86.41916666666667, 23.663333333333334], [86.42, 23.663333333333334], [86.42083333333333, 23.663333333333334], [86.42083333333333, 23.662499999999998], [86.42166666666667, 23.662499999999998], [86.42166666666667, 23.661666666666665], [86.42166666666667, 23.660833333333333], [86.4225, 23.660833333333333], [86.42333333333333, 23.660833333333333], [86.42416666666666, 23.660833333333333], [86.425, 23.660833333333333], [86.42583333333333, 23.660833333333333], [86.42583333333333, 23.66], [86.42583333333333, 23.659166666666668], [86.425, 23.659166666666668], [86.425, 23.65833333333333], [86.42583333333333, 23.65833333333333], [86.42666666666668, 23.65833333333333], [86.42750000000001, 23.65833333333333], [86.42833333333334, 23.65833333333333], [86.42833333333334, 23.6575], [86.42833333333334, 23.656666666666666], [86.42750000000001, 23.656666666666666], [86.42666666666668, 23.656666666666666], [86.42666666666668, 23.655833333333334], [86.42583333333333, 23.655833333333334], [86.42583333333333, 23.656666666666666], [86.425, 23.656666666666666], [86.425, 23.6575], [86.42416666666666, 23.6575], [86.42416666666666, 23.65833333333333], [86.42333333333333, 23.65833333333333], [86.42333333333333, 23.6575], [86.42333333333333, 23.656666666666666], [86.42333333333333, 23.655833333333334], [86.42416666666666, 23.655833333333334], [86.42416666666666, 23.654999999999998], [86.42416666666666, 23.654166666666665], [86.42333333333333, 23.654166666666665], [86.42333333333333, 23.654999999999998], [86.4225, 23.654999999999998], [86.4225, 23.655833333333334], [86.4225, 23.656666666666666], [86.42166666666667, 23.656666666666666], [86.42166666666667, 23.6575], [86.42083333333333, 23.6575], [86.42083333333333, 23.65833333333333], [86.42083333333333, 23.659166666666668], [86.42, 23.659166666666668], [86.42, 23.66], [86.41916666666667, 23.66], [86.41916666666667, 23.660833333333333]], [[86.4225, 23.65833333333333], [86.4225, 23.659166666666668], [86.42166666666667, 23.659166666666668], [86.42166666666667, 23.65833333333333], [86.4225, 23.65833333333333]]]}}, {"type": "Feature", "properties": {"product": "new_water", "area_ha": 15.69}, "geometry": {"type": "Polygon", "coordinates": [[[86.42, 23.670833333333334], [86.42, 23.671666666666667], [86.42083333333333, 23.671666666666667], [86.42166666666667, 23.671666666666667], [86.4225, 23.671666666666667], [86.4225, 23.670833333333334], [86.42333333333333, 23.670833333333334], [86.42333333333333, 23.669999999999998], [86.4225, 23.669999999999998], [86.42166666666667, 23.669999999999998], [86.42166666666667, 23.669166666666666], [86.4225, 23.669166666666666], [86.42333333333333, 23.669166666666666], [86.42333333333333, 23.668333333333333], [86.4225, 23.668333333333333], [86.4225, 23.6675], [86.4225, 23.666666666666664], [86.42333333333333, 23.666666666666664], [86.42333333333333, 23.66583333333333], [86.4225, 23.66583333333333], [86.4225, 23.665], [86.42166666666667, 23.665], [86.42166666666667, 23.66583333333333], [86.42083333333333, 23.66583333333333], [86.42083333333333, 23.666666666666664], [86.42, 23.666666666666664], [86.42, 23.6675], [86.42083333333333, 23.6675], [86.42083333333333, 23.668333333333333], [86.42083333333333, 23.669166666666666], [86.42083333333333, 23.669999999999998], [86.42, 23.669999999999998], [86.42, 23.670833333333334]]]}}, {"type": "Feature", "properties": {"product": "new_water", "area_ha": 14.9}, "geometry": {"type": "Polygon", "coordinates": [[[86.42333333333333, 23.72833333333333], [86.42416666666666, 23.72833333333333], [86.42416666666666, 23.7275], [86.425, 23.7275], [86.42583333333333, 23.7275], [86.42583333333333, 23.72833333333333], [86.42666666666668, 23.72833333333333], [86.42666666666668, 23.7275], [86.42666666666668, 23.726666666666667], [86.42750000000001, 23.726666666666667], [86.42750000000001, 23.725833333333334], [86.42666666666668, 23.725833333333334], [86.42666666666668, 23.724999999999998], [86.42583333333333, 23.724999999999998], [86.42583333333333, 23.724166666666665], [86.42583333333333, 23.723333333333333], [86.42583333333333, 23.7225], [86.42583333333333, 23.721666666666668], [86.425, 23.721666666666668], [86.42416666666666, 23.721666666666668], [86.42416666666666, 23.7225], [86.425, 23.7225], [86.425, 23.723333333333333], [86.425, 23.724166666666665], [86.425, 23.724999999999998], [86.42416666666666, 23.724999999999998], [86.42416666666666, 23.725833333333334], [86.42333333333333, 23.725833333333334], [86.42333333333333, 23.726666666666667], [86.42333333333333, 23.7275], [86.42333333333333, 23.72833333333333]]]}}, {"type": "Feature", "properties": {"product": "new_water", "area_ha": 11.77}, "geometry": {"type": "Polygon", "coordinates": [[[86.42916666666667, 23.656666666666666], [86.42916666666667, 23.655833333333334], [86.43, 23.655833333333334], [86.43083333333334, 23.655833333333334], [86.43083333333334, 23.654999999999998], [86.43166666666667, 23.654999999999998], [86.43166666666667, 23.655833333333334], [86.4325, 23.655833333333334], [86.4325, 23.654999999999998], [86.43333333333334, 23.654999999999998], [86.43416666666667, 23.654999999999998], [86.43416666666667, 23.654166666666665], [86.43333333333334, 23.654166666666665], [86.4325, 23.654166666666665], [86.43166666666667, 23.654166666666665], [86.43083333333334, 23.654166666666665], [86.43, 23.654166666666665], [86.42916666666667, 23.654166666666665], [86.42833333333334, 23.654166666666665], [86.42750000000001, 23.654166666666665], [86.42750000000001, 23.654999999999998], [86.42666666666668, 23.654999999999998], [86.42666666666668, 23.655833333333334], [86.42750000000001, 23.655833333333334], [86.42833333333334, 23.655833333333334], [86.42833333333334, 23.656666666666666], [86.42916666666667, 23.656666666666666]]]}}, {"type": "Feature", "properties": {"product": "new_water", "area_ha": 6.28}, "geometry": {"type": "Polygon", "coordinates": [[[86.42916666666667, 23.704166666666666], [86.42916666666667, 23.705], [86.42916666666667, 23.70583333333333], [86.43, 23.70583333333333], [86.43, 23.705], [86.43083333333334, 23.705], [86.43083333333334, 23.704166666666666], [86.43083333333334, 23.703333333333333], [86.43166666666667, 23.703333333333333], [86.43166666666667, 23.7025], [86.43083333333334, 23.7025], [86.43, 23.7025], [86.42916666666667, 23.7025], [86.42916666666667, 23.703333333333333], [86.42916666666667, 23.704166666666666]]]}}, {"type": "Feature", "properties": {"product": "new_water", "area_ha": 17.26}, "geometry": {"type": "Polygon", "coordinates": [[[86.42916666666667, 23.71333333333333], [86.42916666666667, 23.714166666666667], [86.43, 23.714166666666667], [86.43083333333334, 23.714166666666667], [86.43166666666667, 23.714166666666667], [86.43166666666667, 23.71333333333333], [86.43166666666667, 23.7125], [86.43083333333334, 23.7125], [86.43083333333334, 23.711666666666666], [86.43083333333334, 23.710833333333333], [86.43083333333334, 23.71], [86.43083333333334, 23.709166666666665], [86.43166666666667, 23.709166666666665], [86.43166666666667, 23.708333333333332], [86.4325, 23.708333333333332], [86.4325, 23.7075], [86.43166666666667, 23.7075], [86.43166666666667, 23.706666666666667], [86.43083333333334, 23.706666666666667], [86.43083333333334, 23.7075], [86.43083333333334, 23.708333333333332], [86.43, 23.708333333333332], [86.43, 23.709166666666665], [86.42916666666667, 23.709166666666665], [86.42833333333334, 23.709166666666665], [86.42833333333334, 23.71], [86.42833333333334, 23.710833333333333], [86.42833333333334, 23.711666666666666], [86.42833333333334, 23.7125], [86.42833333333334, 23.71333333333333], [86.42916666666667, 23.71333333333333]], [[86.43, 23.71], [86.43, 23.710833333333333], [86.43, 23.711666666666666], [86.42916666666667, 23.711666666666666], [86.42916666666667, 23.710833333333333], [86.42916666666667, 23.71], [86.43, 23.71]]]}}, {"type": "Feature", "properties": {"product": "new_water", "area_ha": 6.27}, "geometry": {"type": "Polygon", "coordinates": [[[86.42916666666667, 23.743333333333332], [86.42833333333334, 23.743333333333332], [86.42750000000001, 23.743333333333332], [86.42750000000001, 23.7425], [86.42666666666668, 23.7425], [86.42583333333333, 23.7425], [86.42583333333333, 23.741666666666667], [86.425, 23.741666666666667], [86.425, 23.7425], [86.425, 23.743333333333332], [86.42583333333333, 23.743333333333332], [86.42583333333333, 23.744166666666665], [86.42666666666668, 23.744166666666665], [86.42750000000001, 23.744166666666665], [86.42833333333334, 23.744166666666665], [86.42916666666667, 23.744166666666665], [86.42916666666667, 23.743333333333332]]]}}, {"type": "Feature", "properties": {"product": "new_water", "area_ha": 15.68}, "geometry": {"type": "Polygon", "coordinates": [[[86.42750000000001, 23.77], [86.42833333333334, 23.77], [86.42916666666667, 23.77], [86.42916666666667, 23.770833333333332], [86.43, 23.770833333333332], [86.43, 23.77], [86.43, 23.769166666666667], [86.43083333333334, 23.769166666666667], [86.43083333333334, 23.76833333333333], [86.43083333333334, 23.7675], [86.43083333333334, 23.766666666666666], [86.43, 23.766666666666666], [86.42916666666667, 23.766666666666666], [86.42916666666667, 23.7675], [86.42833333333334, 23.7675], [86.42750000000001, 23.7675], [86.42666666666668, 23.7675], [86.42666666666668, 23.76833333333333], [86.42583333333333, 23.76833333333333], [86.42583333333333, 23.769166666666667], [86.42583333333333, 23.77], [86.42666666666668, 23.77], [86.42666666666668, 23.770833333333332], [86.42750000000001, 23.770833333333332], [86.42750000000001, 23.77]]]}}, {"type": "Feature", "properties": {"product": "new_water", "area_ha": 15.69}, "geometry": {"type": "Polygon", "coordinates": [[[86.4325, 23.691666666666666], [86.4325, 23.690833333333334], [86.43333333333334, 23.690833333333334], [86.43416666666667, 23.690833333333334], [86.43416666666667, 23.689999999999998], [86.435, 23.689999999999998], [86.435, 23.689166666666665], [86.43583333333333, 23.689166666666665], [86.43583333333333, 23.689999999999998], [86.43666666666667, 23.689999999999998], [86.43666666666667, 23.690833333333334], [86.4375, 23.690833333333334], [86.4375, 23.689999999999998], [86.43833333333333, 23.689999999999998], [86.43833333333333, 23.689166666666665], [86.43833333333333, 23.688333333333333], [86.4375, 23.688333333333333], [86.43666666666667, 23.688333333333333], [86.43583333333333, 23.688333333333333], [86.435, 23.688333333333333], [86.43416666666667, 23.688333333333333], [86.43333333333334, 23.688333333333333], [86.4325, 23.688333333333333], [86.4325, 23.689166666666665], [86.43166666666667, 23.689166666666665], [86.43083333333334, 23.689166666666665], [86.43083333333334, 23.689999999999998], [86.43166666666667, 23.689999999999998], [86.43166666666667, 23.690833333333334], [86.43166666666667, 23.691666666666666], [86.4325, 23.691666666666666]]]}}, {"type": "Feature", "properties": {"product": "new_water", "area_ha": 23.53}, "geometry": {"type": "Polygon", "coordinates": [[[86.43416666666667, 23.700833333333332], [86.43416666666667, 23.701666666666664], [86.43333333333334, 23.701666666666664], [86.43333333333334, 23.7025], [86.43333333333334, 23.703333333333333], [86.43333333333334, 23.704166666666666], [86.43333333333334, 23.705], [86.43416666666667, 23.705], [86.43416666666667, 23.704166666666666], [86.435, 23.704166666666666], [86.43583333333333, 23.704166666666666], [86.43583333333333, 23.703333333333333], [86.43583333333333, 23.7025], [86.43583333333333, 23.701666666666664], [86.43583333333333, 23.700833333333332], [86.43583333333333, 23.7], [86.43583333333333, 23.699166666666667], [86.43583333333333, 23.698333333333334], [86.43583333333333, 23.697499999999998], [86.435, 23.697499999999998], [86.435, 23.696666666666665], [86.435, 23.695833333333333], [86.43583333333333, 23.695833333333333], [86.43583333333333, 23.695], [86.435, 23.695], [86.435, 23.694166666666668], [86.43416666666667, 23.694166666666668], [86.43416666666667, 23.69333333333333], [86.43333333333334, 23.69333333333333], [86.43333333333334, 23.694166666666668], [86.43333333333334, 23.695], [86.43333333333334, 23.695833333333333], [86.43333333333334, 23.696666666666665], [86.43333333333334, 23.697499999999998], [86.43416666666667, 23.697499999999998], [86.43416666666667, 23.698333333333334], [86.43416666666667, 23.699166666666667], [86.43416666666667, 23.7], [86.43416666666667, 23.700833333333332]]]}}, {"type": "Feature", "properties": {"product": "new_water", "area_ha": 20.39}, "geometry": {"type": "Polygon", "coordinates": [[[86.43, 23.7275], [86.43, 23.72833333333333], [86.43083333333334, 23.72833333333333], [86.43166666666667, 23.72833333333333], [86.4325, 23.72833333333333], [86.43333333333334, 23.72833333333333], [86.43416666666667, 23.72833333333333], [86.435, 23.72833333333333], [86.435, 23.7275], [86.43416666666667, 23.7275], [86.43416666666667, 23.726666666666667], [86.43416666666667, 23.725833333333334], [86.435, 23.725833333333334], [86.435, 23.724999999999998], [86.435, 23.724166666666665], [86.435, 23.723333333333333], [86.43416666666667, 23.723333333333333], [86.43416666666667, 23.7225], [86.435, 23.7225], [86.435, 23.721666666666668], [86.43583333333333, 23.721666666666668], [86.43583333333333, 23.72083333333333], [86.435, 23.72083333333333], [86.43416666666667, 23.72083333333333], [86.43333333333334, 23.72083333333333], [86.4325, 23.72083333333333], [86.4325, 23.721666666666668], [86.4325, 23.7225], [86.4325, 23.723333333333333], [86.4325, 23.724166666666665], [86.4325, 23.724999999999998], [86.4325, 23.725833333333334], [86.4325, 23.726666666666667], [86.4325, 23.7275], [86.43166666666667, 23.7275], [86.43083333333334, 23.7275], [86.43, 23.7275]], [[86.43333333333334, 23.725833333333334], [86.43333333333334, 23.724999999999998], [86.43333333333334, 23.724166666666665], [86.43416666666667, 23.724166666666665], [86.43416666666667, 23.724999999999998], [86.43416666666667, 23.725833333333334], [86.43333333333334, 23.725833333333334]]]}}, {"type": "Feature", "properties": {"product": "new_water", "area_ha": 13.33}, "geometry": {"type": "Polygon", "coordinates": [[[86.43083333333334, 23.736666666666665], [86.43166666666667, 23.736666666666665], [86.4325, 23.736666666666665], [86.4325, 23.735833333333332], [86.43333333333334, 23.735833333333332], [86.43416666666667, 23.735833333333332], [86.43416666666667, 23.736666666666665], [86.43416666666667, 23.7375], [86.435, 23.7375], [86.435, 23.736666666666665], [86.435, 23.735833333333332], [86.435, 23.735], [86.435, 23.734166666666667], [86.43416666666667, 23.734166666666667], [86.43416666666667, 23.733333333333334], [86.43333333333334, 23.733333333333334], [86.4325, 23.733333333333334], [86.43166666666667, 23.733333333333334], [86.43083333333334, 23.733333333333334], [86.43083333333334, 23.734166666666667], [86.43083333333334, 23.735], [86.43166666666667, 23.735], [86.43166666666667, 23.735833333333332], [86.43083333333334, 23.735833333333332], [86.43083333333334, 23.736666666666665]]]}}, {"type": "Feature", "properties": {"product": "new_water", "area_ha": 41.56}, "geometry": {"type": "Polygon", "coordinates": [[[86.435, 23.743333333333332], [86.43416666666667, 23.743333333333332], [86.43333333333334, 23.743333333333332], [86.43333333333334, 23.744166666666665], [86.4325, 23.744166666666665], [86.4325, 23.745], [86.4325, 23.745833333333334], [86.4325, 23.746666666666666], [86.43333333333334, 23.746666666666666], [86.43333333333334, 23.7475], [86.43416666666667, 23.7475], [86.435, 23.7475], [86.435, 23.74833333333333], [86.43416666666667, 23.74833333333333], [86.43333333333334, 23.74833333333333], [86.43333333333334, 23.749166666666667], [86.43416666666667, 23.749166666666667], [86.435, 23.749166666666667], [86.435, 23.75], [86.43583333333333, 23.75], [86.43583333333333, 23.749166666666667], [86.43583333333333, 23.74833333333333], [86.43583333333333, 23.7475], [86.43666666666667, 23.7475], [86.43666666666667, 23.746666666666666], [86.4375, 23.746666666666666], [86.4375, 23.745833333333334], [86.4375, 23.745], [86.43833333333333, 23.745], [86.43833333333333, 23.744166666666665], [86.43916666666667, 23.744166666666665], [86.43916666666667, 23.743333333333332], [86.43916666666667, 23.7425], [86.44, 23.7425], [86.44, 23.741666666666667], [86.44083333333333, 23.741666666666667], [86.44083333333333, 23.74083333333333], [86.44, 23.74083333333333], [86.43916666666667, 23.74083333333333], [86.43916666666667, 23.741666666666667], [86.43833333333333, 23.741666666666667], [86.43833333333333, 23.7425], [86.4375, 23.7425], [86.4375, 23.741666666666667], [86.4375, 23.74083333333333], [86.43666666666667, 23.74083333333333], [86.43583333333333, 23.74083333333333], [86.43583333333333, 23.741666666666667], [86.435, 23.741666666666667], [86.435, 23.74083333333333], [86.43416666666667, 23.74083333333333], [86.43333333333334, 23.74083333333333], [86.4325, 23.74083333333333], [86.4325, 23.741666666666667], [86.43333333333334, 23.741666666666667], [86.43416666666667, 23.741666666666667], [86.43416666666667, 23.7425], [86.435, 23.7425], [86.435, 23.743333333333332]]]}}, {"type": "Feature", "properties": {"product": "new_water", "area_ha": 17.26}, "geometry": {"type": "Polygon", "coordinates": [[[86.43666666666667, 23.706666666666667], [86.43666666666667, 23.7075], [86.43666666666667, 23.708333333333332], [86.43666666666667, 23.709166666666665], [86.43666666666667, 23.71], [86.4375, 23.71], [86.43833333333333, 23.71], [86.43833333333333, 23.710833333333333], [86.43833333333333, 23.711666666666666], [86.4375, 23.711666666666666], [86.4375, 23.7125], [86.43833333333333, 23.7125], [86.43916666666667, 23.7125], [86.43916666666667, 23.711666666666666], [86.43916666666667, 23.710833333333333], [86.43916666666667, 23.71], [86.43916666666667, 23.709166666666665], [86.43833333333333, 23.709166666666665], [86.43833333333333, 23.708333333333332], [86.43833333333333, 23.7075], [86.43916666666667, 23.7075], [86.43916666666667, 23.708333333333332], [86.44, 23.708333333333332], [86.44, 23.7075], [86.44, 23.706666666666667], [86.44083333333333, 23.706666666666667], [86.44083333333333, 23.70583333333333], [86.44083333333333, 23.705], [86.44, 23.705], [86.44, 23.70583333333333], [86.43916666666667, 23.70583333333333], [86.43916666666667, 23.705], [86.43833333333333, 23.705], [86.43833333333333, 23.70583333333333], [86.4375, 23.70583333333333], [86.4375, 23.706666666666667], [86.43666666666667, 23.706666666666667]]]}}, {"type": "Feature", "properties": {"product": "new_water", "area_ha": 9.41}, "geometry": {"type": "Polygon", "coordinates": [[[86.44166666666666, 23.686666666666667], [86.44250000000001, 23.686666666666667], [86.44250000000001, 23.68583333333333], [86.44333333333334, 23.68583333333333], [86.44333333333334, 23.685], [86.44333333333334, 23.684166666666666], [86.44416666666667, 23.684166666666666], [86.44416666666667, 23.683333333333334], [86.44333333333334, 23.683333333333334], [86.44250000000001, 23.683333333333334], [86.44166666666666, 23.683333333333334], [86.44083333333333, 23.683333333333334], [86.44083333333333, 23.684166666666666], [86.44, 23.684166666666666], [86.44, 23.685], [86.44083333333333, 23.685], [86.44083333333333, 23.68583333333333], [86.44166666666666, 23.68583333333333], [86.44166666666666, 23.686666666666667]]]}}, {"type": "Feature", "properties": {"product": "new_water", "area_ha": 10.98}, "geometry": {"type": "Polygon", "coordinates": [[[86.44083333333333, 23.691666666666666], [86.44166666666666, 23.691666666666666], [86.44166666666666, 23.6925], [86.44250000000001, 23.6925], [86.44250000000001, 23.69333333333333], [86.44333333333334, 23.69333333333333], [86.44416666666667, 23.69333333333333], [86.44416666666667, 23.6925], [86.44416666666667, 23.691666666666666], [86.44416666666667, 23.690833333333334], [86.44333333333334, 23.690833333333334], [86.44250000000001, 23.690833333333334], [86.44250000000001, 23.689999999999998], [86.44250000000001, 23.689166666666665], [86.44166666666666, 23.689166666666665], [86.44166666666666, 23.688333333333333], [86.44083333333333, 23.688333333333333], [86.44083333333333, 23.689166666666665], [86.44083333333333, 23.689999999999998], [86.44083333333333, 23.690833333333334], [86.44083333333333, 23.691666666666666]]]}}, {"type": "Feature", "properties": {"product": "new_water", "area_ha": 7.06}, "geometry": {"type": "Polygon", "coordinates": [[[86.44166666666666, 23.695833333333333], [86.44166666666666, 23.695], [86.44083333333333, 23.695], [86.44083333333333, 23.694166666666668], [86.44166666666666, 23.694166666666668], [86.44166666666666, 23.69333333333333], [86.44166666666666, 23.6925], [86.44083333333333, 23.6925], [86.44083333333333, 23.69333333333333], [86.44, 23.69333333333333], [86.43916666666667, 23.69333333333333], [86.43916666666667, 23.694166666666668], [86.43916666666667, 23.695], [86.43916666666667, 23.695833333333333], [86.44, 23.695833333333333], [86.44083333333333, 23.695833333333333], [86.44166666666666, 23.695833333333333]]]}}, {"type": "Feature", "properties": {"product": "new_water", "area_ha": 58.05}, "geometry": {"type": "Polygon", "coordinates": [[[86.44, 23.7], [86.44, 23.699166666666667], [86.44, 23.698333333333334], [86.44, 23.697499999999998], [86.44, 23.696666666666665], [86.43916666666667, 23.696666666666665], [86.43916666666667, 23.697499999999998], [86.43833333333333, 23.697499999999998], [86.43833333333333, 23.698333333333334], [86.43916666666667, 23.698333333333334], [86.43916666666667, 23.699166666666667], [86.43833333333333, 23.699166666666667], [86.43833333333333, 23.7], [86.43916666666667, 23.7], [86.43916666666667, 23.700833333333332], [86.43916666666667, 23.701666666666664], [86.43916666666667, 23.7025], [86.43916666666667, 23.703333333333333], [86.43916666666667, 23.704166666666666], [86.44, 23.704166666666666], [86.44, 23.703333333333333], [86.44083333333333, 23.703333333333333], [86.44083333333333, 23.704166666666666], [86.44166666666666, 23.704166666666666], [86.44166666666666, 23.703333333333333], [86.44250000000001, 23.703333333333333], [86.44250000000001, 23.704166666666666], [86.44333333333334, 23.704166666666666], [86.44333333333334, 23.705], [86.44333333333334, 23.70583333333333], [86.44333333333334, 23.706666666666667], [86.44333333333334, 23.7075], [86.44333333333334, 23.708333333333332], [86.44333333333334, 23.709166666666665], [86.44333333333334, 23.71], [86.44333333333334, 23.710833333333333], [86.44333333333334, 23.711666666666666], [86.44416666666667, 23.711666666666666], [86.44416666666667, 23.710833333333333], [86.44416666666667, 23.71], [86.44416666666667, 23.709166666666665], [86.44416666666667, 23.708333333333332], [86.44500000000001, 23.708333333333332], [86.44500000000001, 23.7075], [86.44583333333334, 23.7075], [86.44666666666667, 23.7075], [86.44666666666667, 23.706666666666667], [86.44583333333334, 23.706666666666667], [86.44500000000001, 23.706666666666667], [86.44500000000001, 23.70583333333333], [86.44583333333334, 23.70583333333333], [86.44583333333334, 23.705], [86.44500000000001, 23.705], [86.44416666666667, 23.705], [86.44416666666667, 23.704166666666666], [86.44500000000001, 23.704166666666666], [86.44500000000001, 23.703333333333333], [86.44416666666667, 23.703333333333333], [86.44416666666667, 23.7025], [86.44416666666667, 23.701666666666664], [86.44416666666667, 23.700833333333332], [86.44416666666667, 23.7], [86.44416666666667, 23.699166666666667], [86.44333333333334, 23.699166666666667], [86.44333333333334, 23.698333333333334], [86.44333333333334, 23.697499999999998], [86.44416666666667, 23.697499999999998], [86.44500000000001, 23.697499999999998], [86.44500000000001, 23.698333333333334], [86.44583333333334, 23.698333333333334], [86.44583333333334, 23.697499999999998], [86.44583333333334, 23.696666666666665], [86.44583333333334, 23.695833333333333], [86.44583333333334, 23.695], [86.44666666666667, 23.695], [86.44666666666667, 23.694166666666668], [86.44583333333334, 23.694166666666668], [86.44500000000001, 23.694166666666668], [86.44416666666667, 23.694166666666668], [86.44333333333334, 23.694166666666668], [86.44333333333334, 23.695], [86.44416666666667, 23.695], [86.44416666666667, 23.695833333333333], [86.44333333333334, 23.695833333333333], [86.44333333333334, 23.696666666666665], [86.44250000000001, 23.696666666666665], [86.44250000000001, 23.695833333333333], [86.44166666666666, 23.695833333333333], [86.44166666666666, 23.696666666666665], [86.44083333333333, 23.696666666666665], [86.44083333333333, 23.697499999999998], [86.44083333333333, 23.698333333333334], [86.44083333333333, 23.699166666666667], [86.44166666666666, 23.699166666666667], [86.44166666666666, 23.7], [86.44083333333333, 23.7], [86.44, 23.7]], [[86.44250000000001, 23.701666666666664], [86.44333333333334, 23.701666666666664], [86.44333333333334, 23.7025], [86.44250000000001, 23.7025], [86.44250000000001, 23.701666666666664]], [[86.44166666666666, 23.701666666666664], [86.44083333333333, 23.701666666666664], [86.44083333333333, 23.700833333333332], [86.44166666666666, 23.700833333333332], [86.44250000000001, 23.700833333333332], [86.44250000000001, 23.701666666666664], [86.44166666666666, 23.701666666666664]]]}}, {"type": "Feature", "properties": {"product": "new_water", "area_ha": 16.47}, "geometry": {"type": "Polygon", "coordinates": [[[86.43916666666667, 23.72083333333333], [86.43916666666667, 23.721666666666668], [86.43916666666667, 23.7225], [86.44, 23.7225], [86.44083333333333, 23.7225], [86.44083333333333, 23.723333333333333], [86.44083333333333, 23.724166666666665], [86.44166666666666, 23.724166666666665], [86.44166666666666, 23.723333333333333], [86.44166666666666, 23.7225], [86.44166666666666, 23.721666666666668], [86.44250000000001, 23.721666666666668], [86.44250000000001, 23.7225], [86.44333333333334, 23.7225], [86.44333333333334, 23.721666666666668], [86.44333333333334, 23.72083333333333], [86.44333333333334, 23.72], [86.44333333333334, 23.719166666666666], [86.44333333333334, 23.718333333333334], [86.44250000000001, 23.718333333333334], [86.44166666666666, 23.718333333333334], [86.44166666666666, 23.719166666666666], [86.44083333333333, 23.719166666666666], [86.44083333333333, 23.72], [86.44, 23.72], [86.43916666666667, 23.72], [86.43916666666667, 23.72083333333333]]]}}, {"type": "Feature", "properties": {"product": "new_water", "area_ha": 7.84}, "geometry": {"type": "Polygon", "coordinates": [[[86.44416666666667, 23.74083333333333], [86.44500000000001, 23.74083333333333], [86.44583333333334, 23.74083333333333], [86.44583333333334, 23.74], [86.44583333333334, 23.739166666666666], [86.44500000000001, 23.739166666666666], [86.44416666666667, 23.739166666666666], [86.44416666666667, 23.74], [86.44333333333334, 23.74], [86.44250000000001, 23.74], [86.44250000000001, 23.739166666666666], [86.44166666666666, 23.739166666666666], [86.44166666666666, 23.738333333333333], [86.44083333333333, 23.738333333333333], [86.44083333333333, 23.739166666666666], [86.44083333333333, 23.74], [86.44166666666666, 23.74], [86.44166666666666, 23.74083333333333], [86.44250000000001, 23.74083333333333], [86.44333333333334, 23.74083333333333], [86.44416666666667, 23.74083333333333]]]}}, {"type": "Feature", "properties": {"product": "new_water", "area_ha": 10.98}, "geometry": {"type": "Polygon", "coordinates": [[[86.44416666666667, 23.6875], [86.44500000000001, 23.6875], [86.44583333333334, 23.6875], [86.44583333333334, 23.686666666666667], [86.44666666666667, 23.686666666666667], [86.44666666666667, 23.68583333333333], [86.4475, 23.68583333333333], [86.44833333333334, 23.68583333333333], [86.44833333333334, 23.685], [86.44916666666667, 23.685], [86.44916666666667, 23.684166666666666], [86.44833333333334, 23.684166666666666], [86.44833333333334, 23.683333333333334], [86.4475, 23.683333333333334], [86.44666666666667, 23.683333333333334], [86.44666666666667, 23.684166666666666], [86.44583333333334, 23.684166666666666], [86.44583333333334, 23.685], [86.44500000000001, 23.685], [86.44500000000001, 23.68583333333333], [86.44500000000001, 23.686666666666667], [86.44416666666667, 23.686666666666667], [86.44416666666667, 23.6875]]]}}, {"type": "Feature", "properties": {"product": "new_water", "area_ha": 6.28}, "geometry": {"type": "Polygon", "coordinates": [[[86.44583333333334, 23.688333333333333], [86.44583333333334, 23.689166666666665], [86.44500000000001, 23.689166666666665], [86.44500000000001, 23.689999999999998], [86.44500000000001, 23.690833333333334], [86.44583333333334, 23.690833333333334], [86.44666666666667, 23.690833333333334], [86.44666666666667, 23.689999999999998], [86.44666666666667, 23.689166666666665], [86.4475, 23.689166666666665], [86.4475, 23.688333333333333], [86.4475, 23.6875], [86.44666666666667, 23.6875], [86.44583333333334, 23.6875], [86.44583333333334, 23.688333333333333]]]}}, {"type": "Feature", "properties": {"product": "new_water", "area_ha": 40.79}, "geometry": {"type": "Polygon", "coordinates": [[[86.45166666666667, 23.690833333333334], [86.45166666666667, 23.691666666666666], [86.4525, 23.691666666666666], [86.4525, 23.6925], [86.45166666666667, 23.6925], [86.45083333333334, 23.6925], [86.45, 23.6925], [86.45, 23.69333333333333], [86.45083333333334, 23.69333333333333], [86.45083333333334, 23.694166666666668], [86.45166666666667, 23.694166666666668], [86.45166666666667, 23.695], [86.4525, 23.695], [86.45333333333333, 23.695], [86.45333333333333, 23.695833333333333], [86.45416666666667, 23.695833333333333], [86.455, 23.695833333333333], [86.45583333333333, 23.695833333333333], [86.45583333333333, 23.695], [86.45666666666666, 23.695], [86.45666666666666, 23.695833333333333], [86.4575, 23.695833333333333], [86.4575, 23.696666666666665], [86.4575, 23.697499999999998], [86.45833333333334, 23.697499999999998], [86.45833333333334, 23.696666666666665], [86.45916666666668, 23.696666666666665], [86.45916666666668, 23.695833333333333], [86.45916666666668, 23.695], [86.45833333333334, 23.695], [86.4575, 23.695], [86.4575, 23.694166666666668], [86.45833333333334, 23.694166666666668], [86.45833333333334, 23.69333333333333], [86.4575, 23.69333333333333], [86.4575, 23.6925], [86.45666666666666, 23.6925], [86.45666666666666, 23.691666666666666], [86.45583333333333, 23.691666666666666], [86.45583333333333, 23.690833333333334], [86.455, 23.690833333333334], [86.45416666666667, 23.690833333333334], [86.45416666666667, 23.691666666666666], [86.45333333333333, 23.691666666666666], [86.45333333333333, 23.690833333333334], [86.4525, 23.690833333333334], [86.4525, 23.689999999999998], [86.45166666666667, 23.689999999999998], [86.45166666666667, 23.689166666666665], [86.4525, 23.689166666666665], [86.4525, 23.688333333333333], [86.45166666666667, 23.688333333333333], [86.45166666666667, 23.6875], [86.45166666666667, 23.686666666666667], [86.45083333333334, 23.686666666666667], [86.45083333333334, 23.6875], [86.45083333333334, 23.688333333333333], [86.45, 23.688333333333333], [86.45, 23.689166666666665], [86.45083333333334, 23.689166666666665], [86.45083333333334, 23.689999999999998], [86.45, 23.689999999999998], [86.44916666666667, 23.689999999999998], [86.44916666666667, 23.690833333333334], [86.45, 23.690833333333334], [86.45083333333334, 23.690833333333334], [86.45166666666667, 23.690833333333334]], [[86.45583333333333, 23.694166666666668], [86.455, 23.694166666666668], [86.455, 23.69333333333333], [86.45583333333333, 23.69333333333333], [86.45583333333333, 23.694166666666668]]]}}, {"type": "Feature", "properties": {"product": "new_water", "area_ha": 26.67}, "geometry": {"type": "Polygon", "coordinates": [[[86.45, 23.7], [86.45, 23.700833333333332], [86.45083333333334, 23.700833333333332], [86.45166666666667, 23.700833333333332], [86.4525, 23.700833333333332], [86.45333333333333, 23.700833333333332], [86.45333333333333, 23.7], [86.45416666666667, 23.7], [86.45416666666667, 23.700833333333332], [86.455, 23.700833333333332], [86.45583333333333, 23.700833333333332], [86.45583333333333, 23.7], [86.45666666666666, 23.7], [86.4575, 23.7], [86.4575, 23.699166666666667], [86.45833333333334, 23.699166666666667], [86.45833333333334, 23.698333333333334], [86.4575, 23.698333333333334], [86.45666666666666, 23.698333333333334], [86.45583333333333, 23.698333333333334], [86.455, 23.698333333333334], [86.45416666666667, 23.698333333333334], [86.45416666666667, 23.697499999999998], [86.45416666666667, 23.696666666666665], [86.45333333333333, 23.696666666666665], [86.4525, 23.696666666666665], [86.4525, 23.697499999999998], [86.4525, 23.698333333333334], [86.45166666666667, 23.698333333333334], [86.45166666666667, 23.697499999999998], [86.45083333333334, 23.697499999999998], [86.45083333333334, 23.696666666666665], [86.45, 23.696666666666665], [86.45, 23.697499999999998], [86.44916666666667, 23.697499999999998], [86.44916666666667, 23.698333333333334], [86.44916666666667, 23.699166666666667], [86.45, 23.699166666666667], [86.45, 23.7]]]}}, {"type": "Feature", "properties": {"product": "new_water", "area_ha": 10.2}, "geometry": {"type": "Polygon", "coordinates": [[[86.44916666666667, 23.717499999999998], [86.44916666666667, 23.718333333333334], [86.44916666666667, 23.719166666666666], [86.44916666666667, 23.72], [86.44833333333334, 23.72], [86.44833333333334, 23.72083333333333], [86.44916666666667, 23.72083333333333], [86.44916666666667, 23.721666666666668], [86.44916666666667, 23.7225], [86.45, 23.7225], [86.45, 23.721666666666668], [86.45083333333334, 23.721666666666668], [86.45083333333334, 23.72083333333333], [86.45166666666667, 23.72083333333333], [86.45166666666667, 23.72], [86.45166666666667, 23.719166666666666], [86.45083333333334, 23.719166666666666], [86.45, 23.719166666666666], [86.45, 23.718333333333334], [86.45, 23.717499999999998], [86.45, 23.716666666666665], [86.44916666666667, 23.716666666666665], [86.44916666666667, 23.717499999999998]]]}}, {"type": "Feature", "properties": {"product": "new_water", "area_ha": 24.31}, "geometry": {"type": "Polygon", "coordinates": [[[86.4475, 23.738333333333333], [86.44666666666667, 23.738333333333333], [86.44666666666667, 23.739166666666666], [86.4475, 23.739166666666666], [86.4475, 23.74], [86.4475, 23.74083333333333], [86.44666666666667, 23.74083333333333], [86.44666666666667, 23.741666666666667], [86.44583333333334, 23.741666666666667], [86.44583333333334, 23.7425], [86.44666666666667, 23.7425], [86.44666666666667, 23.743333333333332], [86.4475, 23.743333333333332], [86.4475, 23.7425], [86.44833333333334, 23.7425], [86.44833333333334, 23.741666666666667], [86.44916666666667, 23.741666666666667], [86.44916666666667, 23.74083333333333], [86.44916666666667, 23.74], [86.44833333333334, 23.74], [86.44833333333334, 23.739166666666666], [86.44833333333334, 23.738333333333333], [86.44916666666667, 23.738333333333333], [86.44916666666667, 23.7375], [86.44916666666667, 23.736666666666665], [86.45, 23.736666666666665], [86.45083333333334, 23.736666666666665], [86.45166666666667, 23.736666666666665], [86.4525, 23.736666666666665], [86.45333333333333, 23.736666666666665], [86.45333333333333, 23.735833333333332], [86.45333333333333, 23.735], [86.4525, 23.735], [86.4525, 23.735833333333332], [86.45166666666667, 23.735833333333332], [86.45083333333334, 23.735833333333332], [86.45083333333334, 23.735], [86.45, 23.735], [86.44916666666667, 23.735], [86.44833333333334, 23.735], [86.4475, 23.735], [86.44666666666667, 23.735], [86.44666666666667, 23.735833333333332], [86.44666666666667, 23.736666666666665], [86.44666666666667, 23.7375], [86.4475, 23.7375], [86.4475, 23.738333333333333]]]}}, {"type": "Feature", "properties": {"product": "new_water", "area_ha": 291.1}, "geometry": {"type": "Polygon", "coordinates": [[[86.45083333333334, 23.66], [86.45083333333334, 23.660833333333333], [86.45166666666667, 23.660833333333333], [86.4525, 23.660833333333333], [86.4525, 23.661666666666665], [86.45166666666667, 23.661666666666665], [86.45166666666667, 23.662499999999998], [86.45083333333334, 23.662499999999998], [86.45083333333334, 23.663333333333334], [86.45083333333334, 23.664166666666667], [86.45166666666667, 23.664166666666667], [86.45166666666667, 23.663333333333334], [86.4525, 23.663333333333334], [86.45333333333333, 23.663333333333334], [86.45333333333333, 23.662499999999998], [86.45333333333333, 23.661666666666665], [86.45416666666667, 23.661666666666665], [86.455, 23.661666666666665], [86.45583333333333, 23.661666666666665], [86.45583333333333, 23.662499999999998], [86.45666666666666, 23.662499999999998], [86.45666666666666, 23.663333333333334], [86.45583333333333, 23.663333333333334], [86.455, 23.663333333333334], [86.455, 23.664166666666667], [86.455, 23.665], [86.45583333333333, 23.665], [86.45583333333333, 23.66583333333333], [86.45666666666666, 23.66583333333333], [86.45666666666666, 23.666666666666664], [86.4575, 23.666666666666664], [86.45833333333334, 23.666666666666664], [86.45833333333334, 23.6675], [86.45916666666668, 23.6675], [86.46000000000001, 23.6675], [86.46083333333334, 23.6675], [86.46083333333334, 23.668333333333333], [86.46000000000001, 23.668333333333333], [86.46000000000001, 23.669166666666666], [86.46083333333334, 23.669166666666666], [86.46166666666667, 23.669166666666666], [86.4625, 23.669166666666666], [86.4625, 23.669999999999998], [86.4625, 23.670833333333334], [86.4625, 23.671666666666667], [86.46333333333334, 23.671666666666667], [86.46333333333334, 23.670833333333334], [86.46333333333334, 23.669999999999998], [86.46416666666667, 23.669999999999998], [86.46416666666667, 23.669166666666666], [86.465, 23.669166666666666], [86.465, 23.669999999999998], [86.465, 23.670833333333334], [86.46583333333334, 23.670833333333334], [86.46666666666667, 23.670833333333334], [86.46666666666667, 23.669999999999998], [86.4675, 23.669999999999998], [86.4675, 23.669166666666666], [86.4675, 23.668333333333333], [86.46666666666667, 23.668333333333333], [86.46583333333334, 23.668333333333333], [86.46583333333334, 23.6675], [86.46583333333334, 23.666666666666664], [86.465, 23.666666666666664], [86.465, 23.6675], [86.465, 23.668333333333333], [86.46416666666667, 23.668333333333333], [86.46333333333334, 23.668333333333333], [86.4625, 23.668333333333333], [86.4625, 23.6675], [86.4625, 23.666666666666664], [86.46166666666667, 23.666666666666664], [86.46166666666667, 23.66583333333333], [86.46166666666667, 23.665], [86.46083333333334, 23.665], [86.46000000000001, 23.665], [86.46000000000001, 23.664166666666667], [86.45916666666668, 23.664166666666667], [86.45833333333334, 23.664166666666667], [86.45833333333334, 23.663333333333334], [86.45833333333334, 23.662499999999998], [86.45916666666668, 23.662499999999998], [86.46000000000001, 23.662499999999998], [86.46083333333334, 23.662499999999998], [86.46166666666667, 23.662499999999998], [86.46166666666667, 23.661666666666665], [86.46083333333334, 23.661666666666665], [86.46083333333334, 23.660833333333333], [86.46083333333334, 23.66], [86.46166666666667, 23.66], [86.4625, 23.66], [86.4625, 23.659166666666668], [86.4625, 23.65833333333333], [86.46333333333334, 23.65833333333333], [86.46333333333334, 23.659166666666668], [86.46416666666667, 23.659166666666668], [86.465, 23.659166666666668], [86.465, 23.66], [86.465, 23.660833333333333], [86.465, 23.661666666666665], [86.46583333333334, 23.661666666666665], [86.46583333333334, 23.662499999999998], [86.46583333333334, 23.663333333333334], [86.46666666666667, 23.663333333333334], [86.46666666666667, 23.662499999999998], [86.4675, 23.662499999999998], [86.46833333333333, 23.662499999999998], [86.46833333333333, 23.663333333333334], [86.46833333333333, 23.664166666666667], [86.4675, 23.664166666666667], [86.4675, 23.665], [86.46666666666667, 23.665], [86.46583333333334, 23.665], [86.46583333333334, 23.66583333333333], [86.46666666666667, 23.66583333333333], [86.46666666666667, 23.666666666666664], [86.4675, 23.666666666666664], [86.46833333333333, 23.666666666666664], [86.46916666666667, 23.666666666666664], [86.46916666666667, 23.66583333333333], [86.47, 23.66583333333333], [86.47, 23.666666666666664], [86.47083333333333, 23.666666666666664], [86.47166666666666, 23.666666666666664], [86.47166666666666, 23.6675], [86.47166666666666, 23.668333333333333], [86.4725, 23.668333333333333], [86.4725, 23.669166666666666], [86.4725, 23.669999999999998], [86.47166666666666, 23.669999999999998], [86.47166666666666, 23.670833333333334], [86.47166666666666, 23.671666666666667], [86.47083333333333, 23.671666666666667], [86.47083333333333, 23.6725], [86.47, 23.6725], [86.47, 23.673333333333332], [86.47083333333333, 23.673333333333332], [86.47083333333333, 23.674166666666665], [86.47166666666666, 23.674166666666665], [86.47166666666666, 23.673333333333332], [86.47166666666666, 23.6725], [86.4725, 23.6725], [86.4725, 23.671666666666667], [86.4725, 23.670833333333334], [86.47333333333333, 23.670833333333334], [86.47333333333333, 23.669999999999998], [86.47416666666668, 23.669999999999998], [86.47500000000001, 23.669999999999998], [86.47583333333334, 23.669999999999998], [86.47583333333334, 23.670833333333334], [86.47583333333334, 23.671666666666667], [86.47666666666667, 23.671666666666667], [86.47666666666667, 23.670833333333334], [86.47666666666667, 23.669999999999998], [86.4775, 23.669999999999998], [86.4775, 23.669166666666666], [86.4775, 23.668333333333333], [86.47833333333334, 23.668333333333333], [86.47833333333334, 23.669166666666666], [86.47916666666667, 23.669166666666666], [86.47916666666667, 23.669999999999998], [86.47833333333334, 23.669999999999998], [86.47833333333334, 23.670833333333334], [86.47833333333334, 23.671666666666667], [86.47916666666667, 23.671666666666667], [86.47916666666667, 23.670833333333334], [86.48, 23.670833333333334], [86.48083333333334, 23.670833333333334], [86.48083333333334, 23.669999999999998], [86.48083333333334, 23.669166666666666], [86.48083333333334, 23.668333333333333], [86.48, 23.668333333333333], [86.47916666666667, 23.668333333333333], [86.47916666666667, 23.6675], [86.47916666666667, 23.666666666666664], [86.48, 23.666666666666664], [86.48083333333334, 23.666666666666664], [86.48083333333334, 23.6675], [86.48166666666667, 23.6675], [86.48166666666667, 23.666666666666664], [86.4825, 23.666666666666664], [86.4825, 23.66583333333333], [86.4825, 23.665], [86.48166666666667, 23.665], [86.48166666666667, 23.664166666666667], [86.48166666666667, 23.663333333333334], [86.48166666666667, 23.662499999999998], [86.48083333333334, 23.662499999999998], [86.48083333333334, 23.661666666666665], [86.48, 23.661666666666665], [86.48, 23.662499999999998], [86.47916666666667, 23.662499999999998], [86.47833333333334, 23.662499999999998], [86.47833333333334, 23.663333333333334], [86.4775, 23.663333333333334], [86.47666666666667, 23.663333333333334], [86.47583333333334, 23.663333333333334], [86.47583333333334, 23.664166666666667], [86.47500000000001, 23.664166666666667], [86.47500000000001, 23.665], [86.47416666666668, 23.665], [86.47416666666668, 23.664166666666667], [86.47416666666668, 23.663333333333334], [86.47500000000001, 23.663333333333334], [86.47500000000001, 23.662499999999998], [86.47416666666668, 23.662499999999998], [86.47333333333333, 23.662499999999998], [86.4725, 23.662499999999998], [86.4725, 23.663333333333334], [86.47166666666666, 23.663333333333334], [86.47166666666666, 23.662499999999998], [86.47166666666666, 23.661666666666665], [86.47083333333333, 23.661666666666665], [86.47083333333333, 23.660833333333333], [86.47166666666666, 23.660833333333333], [86.4725, 23.660833333333333], [86.4725, 23.661666666666665], [86.47333333333333, 23.661666666666665], [86.47416666666668, 23.661666666666665], [86.47416666666668, 23.660833333333333], [86.47500000000001, 23.660833333333333], [86.47500000000001, 23.66], [86.47416666666668, 23.66], [86.47416666666668, 23.659166666666668], [86.47416666666668, 23.65833333333333], [86.47416666666668, 23.6575], [86.47333333333333, 23.6575], [86.47333333333333, 23.656666666666666], [86.47416666666668, 23.656666666666666], [86.47500000000001, 23.656666666666666], [86.47500000000001, 23.6575], [86.47583333333334, 23.6575], [86.47583333333334, 23.65833333333333], [86.47666666666667, 23.65833333333333], [86.47666666666667, 23.6575], [86.47666666666667, 23.656666666666666], [86.47666666666667, 23.655833333333334], [86.47666666666667, 23.654999999999998], [86.47583333333334, 23.654999999999998], [86.47500000000001, 23.654999999999998], [86.47500000000001, 23.655833333333334], [86.47416666666668, 23.655833333333334], [86.47333333333333, 23.655833333333334], [86.4725, 23.655833333333334], [86.4725, 23.656666666666666], [86.47166666666666, 23.656666666666666], [86.47083333333333, 23.656666666666666], [86.47083333333333, 23.6575], [86.47083333333333, 23.65833333333333], [86.47, 23.65833333333333], [86.47, 23.6575], [86.47, 23.656666666666666], [86.46916666666667, 23.656666666666666], [86.46916666666667, 23.6575], [86.46916666666667, 23.65833333333333], [86.46833333333333, 23.65833333333333], [86.4675, 23.65833333333333], [86.4675, 23.6575], [86.46666666666667, 23.6575], [86.46666666666667, 23.656666666666666], [86.4675, 23.656666666666666], [86.4675, 23.655833333333334], [86.46666666666667, 23.655833333333334], [86.46666666666667, 23.654999999999998], [86.46583333333334, 23.654999999999998], [86.46583333333334, 23.654166666666665], [86.46666666666667, 23.654166666666665], [86.46666666666667, 23.653333333333332], [86.46666666666667, 23.6525], [86.46583333333334, 23.6525], [86.46583333333334, 23.653333333333332], [86.465, 23.653333333333332], [86.465, 23.6525], [86.46416666666667, 23.6525], [86.46416666666667, 23.651666666666667], [86.46416666666667, 23.65083333333333], [86.46333333333334, 23.65083333333333], [86.46333333333334, 23.65], [86.4625, 23.65], [86.46166666666667, 23.65], [86.46083333333334, 23.65], [86.46083333333334, 23.65083333333333], [86.46083333333334, 23.651666666666667], [86.46000000000001, 23.651666666666667], [86.46000000000001, 23.6525], [86.45916666666668, 23.6525], [86.45916666666668, 23.651666666666667], [86.45833333333334, 23.651666666666667], [86.45833333333334, 23.6525], [86.45833333333334, 23.653333333333332], [86.45916666666668, 23.653333333333332], [86.45916666666668, 23.654166666666665], [86.45833333333334, 23.654166666666665], [86.45833333333334, 23.654999999999998], [86.45833333333334, 23.655833333333334], [86.4575, 23.655833333333334], [86.4575, 23.654999999999998], [86.45666666666666, 23.654999999999998], [86.45583333333333, 23.654999999999998], [86.45583333333333, 23.655833333333334], [86.455, 23.655833333333334], [86.45416666666667, 23.655833333333334], [86.45416666666667, 23.656666666666666], [86.45333333333333, 23.656666666666666], [86.4525, 23.656666666666666], [86.4525, 23.6575], [86.45166666666667, 23.6575], [86.45166666666667, 23.65833333333333], [86.45166666666667, 23.659166666666668], [86.45166666666667, 23.66], [86.45083333333334, 23.66]], [[86.46583333333334, 23.660833333333333], [86.46666666666667, 23.660833333333333], [86.46666666666667, 23.661666666666665], [86.46583333333334, 23.661666666666665], [86.46583333333334, 23.660833333333333]], [[86.46666666666667, 23.66], [86.4675, 23.66], [86.4675, 23.660833333333333], [86.46666666666667, 23.660833333333333], [86.46666666666667, 23.66]], [[86.47666666666667, 23.668333333333333], [86.47666666666667, 23.6675], [86.47666666666667, 23.666666666666664], [86.4775, 23.666666666666664], [86.4775, 23.6675], [86.4775, 23.668333333333333], [86.47666666666667, 23.668333333333333]], [[86.45583333333333, 23.65833333333333], [86.45666666666666, 23.65833333333333], [86.4575, 23.65833333333333], [86.4575, 23.6575], [86.45833333333334, 23.6575], [86.45833333333334, 23.656666666666666], [86.45916666666668, 23.656666666666666], [86.45916666666668, 23.655833333333334], [86.46000000000001, 23.655833333333334], [86.46083333333334, 23.655833333333334], [86.46166666666667, 23.655833333333334], [86.46166666666667, 23.656666666666666], [86.46166666666667, 23.6575], [86.46166666666667, 23.65833333333333], [86.46166666666667, 23.659166666666668], [86.46083333333334, 23.659166666666668], [86.46000000000001, 23.659166666666668], [86.45916666666668, 23.659166666666668], [86.45833333333334, 23.659166666666668], [86.4575, 23.659166666666668], [86.4575, 23.66], [86.45666666666666, 23.66], [86.45583333333333, 23.66], [86.455, 23.66], [86.455, 23.659166666666668], [86.45583333333333, 23.659166666666668], [86.45583333333333, 23.65833333333333]], [[86.46083333333334, 23.653333333333332], [86.46083333333334, 23.654166666666665], [86.46083333333334, 23.654999999999998], [86.46000000000001, 23.654999999999998], [86.46000000000001, 23.654166666666665], [86.46000000000001, 23.653333333333332], [86.46083333333334, 23.653333333333332]], [[86.45416666666667, 23.65833333333333], [86.45416666666667, 23.6575], [86.455, 23.6575], [86.455, 23.65833333333333], [86.45416666666667, 23.65833333333333]], [[86.45416666666667, 23.659166666666668], [86.45333333333333, 23.659166666666668], [86.45333333333333, 23.65833333333333], [86.45416666666667, 23.65833333333333], [86.45416666666667, 23.659166666666668]], [[86.46000000000001, 23.666666666666664], [86.46000000000001, 23.66583333333333], [86.46083333333334, 23.66583333333333], [86.46083333333334, 23.666666666666664], [86.46000000000001, 23.666666666666664]], [[86.46416666666667, 23.656666666666666], [86.46333333333334, 23.656666666666666], [86.4625, 23.656666666666666], [86.4625, 23.655833333333334], [86.4625, 23.654999999999998], [86.4625, 23.654166666666665], [86.46333333333334, 23.654166666666665], [86.46416666666667, 23.654166666666665], [86.46416666666667, 23.654999999999998], [86.46416666666667, 23.655833333333334], [86.46416666666667, 23.656666666666666]], [[86.46166666666667, 23.6525], [86.46166666666667, 23.651666666666667], [86.4625, 23.651666666666667], [86.46333333333334, 23.651666666666667], [86.46333333333334, 23.6525], [86.4625, 23.6525], [86.46166666666667, 23.6525]], [[86.46583333333334, 23.659166666666668], [86.46583333333334, 23.65833333333333], [86.46666666666667, 23.65833333333333], [86.46666666666667, 23.659166666666668], [86.46583333333334, 23.659166666666668]], [[86.47333333333333, 23.666666666666664], [86.47416666666668, 23.666666666666664], [86.47500000000001, 23.666666666666664], [86.47500000000001, 23.6675], [86.47500000000001, 23.668333333333333], [86.47416666666668, 23.668333333333333], [86.47333333333333, 23.668333333333333], [86.47333333333333, 23.6675], [86.47333333333333, 23.666666666666664]], [[86.4725, 23.666666666666664], [86.4725, 23.66583333333333], [86.47333333333333, 23.66583333333333], [86.47333333333333, 23.666666666666664], [86.4725, 23.666666666666664]], [[86.47916666666667, 23.663333333333334], [86.48, 23.663333333333334], [86.48, 23.664166666666667], [86.48, 23.665], [86.47916666666667, 23.665], [86.47833333333334, 23.665], [86.47833333333334, 23.664166666666667], [86.47916666666667, 23.664166666666667], [86.47916666666667, 23.663333333333334]]]}}, {"type": "Feature", "properties": {"product": "new_water", "area_ha": 14.12}, "geometry": {"type": "Polygon", "coordinates": [[[86.45166666666667, 23.706666666666667], [86.45083333333334, 23.706666666666667], [86.45, 23.706666666666667], [86.45, 23.7075], [86.45, 23.708333333333332], [86.45, 23.709166666666665], [86.45, 23.71], [86.45083333333334, 23.71], [86.45083333333334, 23.709166666666665], [86.45166666666667, 23.709166666666665], [86.4525, 23.709166666666665], [86.45333333333333, 23.709166666666665], [86.45333333333333, 23.708333333333332], [86.45416666666667, 23.708333333333332], [86.45416666666667, 23.7075], [86.45416666666667, 23.706666666666667], [86.45416666666667, 23.70583333333333], [86.45416666666667, 23.705], [86.45333333333333, 23.705], [86.4525, 23.705], [86.4525, 23.70583333333333], [86.4525, 23.706666666666667], [86.45166666666667, 23.706666666666667]], [[86.4525, 23.708333333333332], [86.4525, 23.7075], [86.45333333333333, 23.7075], [86.45333333333333, 23.708333333333332], [86.4525, 23.708333333333332]]]}}, {"type": "Feature", "properties": {"product": "new_water", "area_ha": 94.12}, "geometry": {"type": "Polygon", "coordinates": [[[86.45916666666668, 23.705], [86.45916666666668, 23.70583333333333], [86.45833333333334, 23.70583333333333], [86.45833333333334, 23.706666666666667], [86.45833333333334, 23.7075], [86.45916666666668, 23.7075], [86.46000000000001, 23.7075], [86.46000000000001, 23.708333333333332], [86.46000000000001, 23.709166666666665], [86.45916666666668, 23.709166666666665], [86.45916666666668, 23.71], [86.45916666666668, 23.710833333333333], [86.46000000000001, 23.710833333333333], [86.46000000000001, 23.711666666666666], [86.45916666666668, 23.711666666666666], [86.45833333333334, 23.711666666666666], [86.45833333333334, 23.7125], [86.45916666666668, 23.7125], [86.45916666666668, 23.71333333333333], [86.45916666666668, 23.714166666666667], [86.45916666666668, 23.715], [86.45916666666668, 23.715833333333332], [86.45916666666668, 23.716666666666665], [86.45916666666668, 23.717499999999998], [86.45916666666668, 23.718333333333334], [86.45916666666668, 23.719166666666666], [86.45833333333334, 23.719166666666666], [86.45833333333334, 23.72], [86.45916666666668, 23.72], [86.46000000000001, 23.72], [86.46000000000001, 23.72083333333333], [86.46000000000001, 23.721666666666668], [86.45916666666668, 23.721666666666668], [86.45916666666668, 23.72083333333333], [86.45833333333334, 23.72083333333333], [86.4575, 23.72083333333333], [86.4575, 23.721666666666668], [86.45666666666666, 23.721666666666668], [86.45666666666666, 23.7225], [86.4575, 23.7225], [86.45833333333334, 23.7225], [86.45916666666668, 23.7225], [86.46000000000001, 23.7225], [86.46083333333334, 23.7225], [86.46083333333334, 23.721666666666668], [86.46083333333334, 23.72083333333333], [86.46166666666667, 23.72083333333333], [86.46166666666667, 23.72], [86.46166666666667, 23.719166666666666], [86.4625, 23.719166666666666], [86.4625, 23.718333333333334], [86.4625, 23.717499999999998], [86.46333333333334, 23.717499999999998], [86.46333333333334, 23.718333333333334], [86.46416666666667, 23.718333333333334], [86.465, 23.718333333333334], [86.465, 23.717499999999998], [86.46416666666667, 23.717499999999998], [86.46416666666667, 23.716666666666665], [86.46416666666667, 23.715833333333332], [86.465, 23.715833333333332], [86.46583333333334, 23.715833333333332], [86.46583333333334, 23.715], [86.46583333333334, 23.714166666666667], [86.465, 23.714166666666667], [86.465, 23.71333333333333], [86.46416666666667, 23.71333333333333], [86.46416666666667, 23.7125], [86.465, 23.7125], [86.46583333333334, 23.7125], [86.46583333333334, 23.71333333333333], [86.46666666666667, 23.71333333333333], [86.4675, 23.71333333333333], [86.4675, 23.7125], [86.4675, 23.711666666666666], [86.46666666666667, 23.711666666666666], [86.46583333333334, 23.711666666666666], [86.46583333333334, 23.710833333333333], [86.465, 23.710833333333333], [86.465, 23.71], [86.46416666666667, 23.71], [86.46416666666667, 23.709166666666665], [86.46333333333334, 23.709166666666665], [86.46333333333334, 23.708333333333332], [86.4625, 23.708333333333332], [86.46166666666667, 23.708333333333332], [86.46166666666667, 23.7075], [86.46166666666667, 23.706666666666667], [86.46166666666667, 23.70583333333333], [86.46166666666667, 23.705], [86.4625, 23.705], [86.4625, 23.704166666666666], [86.4625, 23.703333333333333], [86.46166666666667, 23.703333333333333], [86.46166666666667, 23.7025], [86.46166666666667, 23.701666666666664], [86.46083333333334, 23.701666666666664], [86.46000000000001, 23.701666666666664], [86.46000000000001, 23.7025], [86.45916666666668, 23.7025], [86.45916666666668, 23.703333333333333], [86.45833333333334, 23.703333333333333], [86.45833333333334, 23.704166666666666], [86.45916666666668, 23.704166666666666], [86.45916666666668, 23.705]], [[86.465, 23.715], [86.46416666666667, 23.715], [86.46333333333334, 23.715], [86.46333333333334, 23.714166666666667], [86.46416666666667, 23.714166666666667], [86.465, 23.714166666666667], [86.465, 23.715]], [[86.46333333333334, 23.7125], [86.4625, 23.7125], [86.46166666666667, 23.7125], [86.46166666666667, 23.711666666666666], [86.46166666666667, 23.710833333333333], [86.4625, 23.710833333333333], [86.46333333333334, 23.710833333333333], [86.46333333333334, 23.711666666666666], [86.46416666666667, 23.711666666666666], [86.46416666666667, 23.7125], [86.46333333333334, 23.7125]], [[86.46166666666667, 23.718333333333334], [86.46083333333334, 23.718333333333334], [86.46083333333334, 23.717499999999998], [86.46166666666667, 23.717499999999998], [86.46166666666667, 23.718333333333334]], [[86.46000000000001, 23.714166666666667], [86.46000000000001, 23.71333333333333], [86.46083333333334, 23.71333333333333], [86.46083333333334, 23.714166666666667], [86.46000000000001, 23.714166666666667]]]}}, {"type": "Feature", "properties": {"product": "new_water", "area_ha": 14.9}, "geometry": {"type": "Polygon", "coordinates": [[[86.4575, 23.74], [86.45833333333334, 23.74], [86.45833333333334, 23.74083333333333], [86.45916666666668, 23.74083333333333], [86.46000000000001, 23.74083333333333], [86.46083333333334, 23.74083333333333], [86.46083333333334, 23.74], [86.46166666666667, 23.74], [86.4625, 23.74], [86.4625, 23.739166666666666], [86.4625, 23.738333333333333], [86.46166666666667, 23.738333333333333], [86.46166666666667, 23.739166666666666], [86.46083333333334, 23.739166666666666], [86.46000000000001, 23.739166666666666], [86.46000000000001, 23.738333333333333], [86.46000000000001, 23.7375], [86.46083333333334, 23.7375], [86.46083333333334, 23.736666666666665], [86.46000000000001, 23.736666666666665], [86.45916666666668, 23.736666666666665], [86.45833333333334, 23.736666666666665], [86.45833333333334, 23.7375], [86.45833333333334, 23.738333333333333], [86.4575, 23.738333333333333], [86.4575, 23.739166666666666], [86.45666666666666, 23.739166666666666], [86.45666666666666, 23.74], [86.4575, 23.74]]]}}, {"type": "Feature", "properties": {"product": "new_water", "area_ha": 7.06}, "geometry": {"type": "Polygon", "coordinates": [[[86.46000000000001, 23.743333333333332], [86.46083333333334, 23.743333333333332], [86.46083333333334, 23.7425], [86.46166666666667, 23.7425], [86.46166666666667, 23.743333333333332], [86.46166666666667, 23.744166666666665], [86.4625, 23.744166666666665], [86.4625, 23.743333333333332], [86.4625, 23.7425], [86.46333333333334, 23.7425], [86.46333333333334, 23.741666666666667], [86.46333333333334, 23.74083333333333], [86.4625, 23.74083333333333], [86.46166666666667, 23.74083333333333], [86.46166666666667, 23.741666666666667], [86.46083333333334, 23.741666666666667], [86.46000000000001, 23.741666666666667], [86.46000000000001, 23.7425], [86.46000000000001, 23.743333333333332]]]}}, {"type": "Feature", "properties": {"product": "new_water", "area_ha": 6.28}, "geometry": {"type": "Polygon", "coordinates": [[[86.46666666666667, 23.675], [86.46666666666667, 23.674166666666665], [86.46583333333334, 23.674166666666665], [86.465, 23.674166666666665], [86.465, 23.673333333333332], [86.46416666666667, 23.673333333333332], [86.46416666666667, 23.674166666666665], [86.46416666666667, 23.675], [86.46416666666667, 23.675833333333333], [86.465, 23.675833333333333], [86.465, 23.676666666666666], [86.46583333333334, 23.676666666666666], [86.46583333333334, 23.675833333333333], [86.46666666666667, 23.675833333333333], [86.46666666666667, 23.675]]]}}, {"type": "Feature", "properties": {"product": "new_water", "area_ha": 7.84}, "geometry": {"type": "Polygon", "coordinates": [[[86.46916666666667, 23.696666666666665], [86.47, 23.696666666666665], [86.47083333333333, 23.696666666666665], [86.47083333333333, 23.695833333333333], [86.47166666666666, 23.695833333333333], [86.47166666666666, 23.695], [86.47083333333333, 23.695], [86.47, 23.695], [86.46916666666667, 23.695], [86.46833333333333, 23.695], [86.46833333333333, 23.695833333333333], [86.4675, 23.695833333333333], [86.4675, 23.696666666666665], [86.4675, 23.697499999999998], [86.46833333333333, 23.697499999999998], [86.46916666666667, 23.697499999999998], [86.46916666666667, 23.696666666666665]]]}}, {"type": "Feature", "properties": {"product": "new_water", "area_ha": 7.84}, "geometry": {"type": "Polygon", "coordinates": [[[86.46833333333333, 23.718333333333334], [86.46916666666667, 23.718333333333334], [86.46916666666667, 23.717499999999998], [86.47, 23.717499999999998], [86.47083333333333, 23.717499999999998], [86.47083333333333, 23.716666666666665], [86.47, 23.716666666666665], [86.47, 23.715833333333332], [86.47, 23.715], [86.46916666666667, 23.715], [86.46916666666667, 23.715833333333332], [86.46916666666667, 23.716666666666665], [86.46833333333333, 23.716666666666665], [86.46833333333333, 23.717499999999998], [86.4675, 23.717499999999998], [86.46666666666667, 23.717499999999998], [86.46583333333334, 23.717499999999998], [86.46583333333334, 23.718333333333334], [86.46583333333334, 23.719166666666666], [86.46666666666667, 23.719166666666666], [86.46666666666667, 23.718333333333334], [86.4675, 23.718333333333334], [86.46833333333333, 23.718333333333334]]]}}, {"type": "Feature", "properties": {"product": "new_water", "area_ha": 49.43}, "geometry": {"type": "Polygon", "coordinates": [[[86.46916666666667, 23.653333333333332], [86.46833333333333, 23.653333333333332], [86.4675, 23.653333333333332], [86.4675, 23.654166666666665], [86.4675, 23.654999999999998], [86.46833333333333, 23.654999999999998], [86.46916666666667, 23.654999999999998], [86.46916666666667, 23.654166666666665], [86.47, 23.654166666666665], [86.47, 23.653333333333332], [86.47083333333333, 23.653333333333332], [86.47166666666666, 23.653333333333332], [86.47166666666666, 23.6525], [86.4725, 23.6525], [86.47333333333333, 23.6525], [86.47416666666668, 23.6525], [86.47500000000001, 23.6525], [86.47500000000001, 23.653333333333332], [86.47500000000001, 23.654166666666665], [86.47583333333334, 23.654166666666665], [86.47666666666667, 23.654166666666665], [86.4775, 23.654166666666665], [86.4775, 23.653333333333332], [86.4775, 23.6525], [86.47833333333334, 23.6525], [86.47916666666667, 23.6525], [86.47916666666667, 23.653333333333332], [86.47916666666667, 23.654166666666665], [86.48, 23.654166666666665], [86.48, 23.654999999999998], [86.48083333333334, 23.654999999999998], [86.48083333333334, 23.655833333333334], [86.48083333333334, 23.656666666666666], [86.48166666666667, 23.656666666666666], [86.48166666666667, 23.6575], [86.4825, 23.6575], [86.4825, 23.656666666666666], [86.4825, 23.655833333333334], [86.4825, 23.654999999999998], [86.48166666666667, 23.654999999999998], [86.48166666666667, 23.654166666666665], [86.48166666666667, 23.653333333333332], [86.48166666666667, 23.6525], [86.4825, 23.6525], [86.48333333333333, 23.6525], [86.48333333333333, 23.651666666666667], [86.48333333333333, 23.65083333333333], [86.48416666666667, 23.65083333333333], [86.48416666666667, 23.65], [86.48333333333333, 23.65], [86.4825, 23.65], [86.4825, 23.65083333333333], [86.48166666666667, 23.65083333333333], [86.48083333333334, 23.65083333333333], [86.48083333333334, 23.65], [86.48, 23.65], [86.47916666666667, 23.65], [86.47833333333334, 23.65], [86.4775, 23.65], [86.47666666666667, 23.65], [86.47583333333334, 23.65], [86.47500000000001, 23.65], [86.47500000000001, 23.65083333333333], [86.47416666666668, 23.65083333333333], [86.47333333333333, 23.65083333333333], [86.47333333333333, 23.65], [86.4725, 23.65], [86.4725, 23.65083333333333], [86.4725, 23.651666666666667], [86.47166666666666, 23.651666666666667], [86.47083333333333, 23.651666666666667], [86.47, 23.651666666666667], [86.47, 23.6525], [86.46916666666667, 23.6525], [86.46916666666667, 23.653333333333332]], [[86.48083333333334, 23.6525], [86.48, 23.6525], [86.48, 23.651666666666667], [86.48083333333334, 23.651666666666667], [86.48166666666667, 23.651666666666667], [86.48166666666667, 23.6525], [86.48083333333334, 23.6525]], [[86.47666666666667, 23.65083333333333], [86.4775, 23.65083333333333], [86.4775, 23.651666666666667], [86.47666666666667, 23.651666666666667], [86.47666666666667, 23.65083333333333]]]}}, {"type": "Feature", "properties": {"product": "new_water", "area_ha": 7.06}, "geometry": {"type": "Polygon", "coordinates": [[[86.47666666666667, 23.70583333333333], [86.47666666666667, 23.705], [86.47666666666667, 23.704166666666666], [86.4775, 23.704166666666666], [86.4775, 23.703333333333333], [86.47666666666667, 23.703333333333333], [86.47583333333334, 23.703333333333333], [86.47583333333334, 23.7025], [86.47500000000001, 23.7025], [86.47500000000001, 23.703333333333333], [86.47416666666668, 23.703333333333333], [86.47416666666668, 23.704166666666666], [86.47500000000001, 23.704166666666666], [86.47500000000001, 23.705], [86.47500000000001, 23.70583333333333], [86.47583333333334, 23.70583333333333], [86.47666666666667, 23.70583333333333]]]}}, {"type": "Feature", "properties": {"product": "new_water", "area_ha": 9.41}, "geometry": {"type": "Polygon", "coordinates": [[[86.47166666666666, 23.750833333333333], [86.47166666666666, 23.751666666666665], [86.47083333333333, 23.751666666666665], [86.47083333333333, 23.752499999999998], [86.47166666666666, 23.752499999999998], [86.4725, 23.752499999999998], [86.4725, 23.751666666666665], [86.47333333333333, 23.751666666666665], [86.47333333333333, 23.750833333333333], [86.47416666666668, 23.750833333333333], [86.47416666666668, 23.751666666666665], [86.47500000000001, 23.751666666666665], [86.47500000000001, 23.750833333333333], [86.47500000000001, 23.75], [86.47500000000001, 23.749166666666667], [86.47500000000001, 23.74833333333333], [86.47416666666668, 23.74833333333333], [86.47416666666668, 23.749166666666667], [86.47333333333333, 23.749166666666667], [86.4725, 23.749166666666667], [86.4725, 23.75], [86.4725, 23.750833333333333], [86.47166666666666, 23.750833333333333]]]}}, {"type": "Feature", "properties": {"product": "new_water", "area_ha": 25.86}, "geometry": {"type": "Polygon", "coordinates": [[[86.47583333333334, 23.84583333333333], [86.47583333333334, 23.846666666666668], [86.47583333333334, 23.8475], [86.47500000000001, 23.8475], [86.47500000000001, 23.848333333333333], [86.47583333333334, 23.848333333333333], [86.47583333333334, 23.849166666666665], [86.47666666666667, 23.849166666666665], [86.47666666666667, 23.849999999999998], [86.47583333333334, 23.849999999999998], [86.47583333333334, 23.850833333333334], [86.47666666666667, 23.850833333333334], [86.4775, 23.850833333333334], [86.47833333333334, 23.850833333333334], [86.47833333333334, 23.849999999999998], [86.47833333333334, 23.849166666666665], [86.47833333333334, 23.848333333333333], [86.47833333333334, 23.8475], [86.47916666666667, 23.8475], [86.47916666666667, 23.846666666666668], [86.48, 23.846666666666668], [86.48, 23.84583333333333], [86.48, 23.845], [86.47916666666667, 23.845], [86.47916666666667, 23.844166666666666], [86.47833333333334, 23.844166666666666], [86.4775, 23.844166666666666], [86.47666666666667, 23.844166666666666], [86.47583333333334, 23.844166666666666], [86.47583333333334, 23.845], [86.47500000000001, 23.845], [86.47416666666668, 23.845], [86.47333333333333, 23.845], [86.47333333333333, 23.84583333333333], [86.47416666666668, 23.84583333333333], [86.47500000000001, 23.84583333333333], [86.47583333333334, 23.84583333333333]]]}}, {"type": "Feature", "properties": {"product": "new_water", "area_ha": 10.97}, "geometry": {"type": "Polygon", "coordinates": [[[86.47083333333333, 23.848333333333333], [86.47, 23.848333333333333], [86.47, 23.849166666666665], [86.47, 23.849999999999998], [86.47083333333333, 23.849999999999998], [86.47083333333333, 23.850833333333334], [86.47166666666666, 23.850833333333334], [86.47166666666666, 23.849999999999998], [86.4725, 23.849999999999998], [86.4725, 23.849166666666665], [86.4725, 23.848333333333333], [86.47333333333333, 23.848333333333333], [86.47333333333333, 23.8475], [86.47333333333333, 23.846666666666668], [86.4725, 23.846666666666668], [86.4725, 23.84583333333333], [86.4725, 23.845], [86.47166666666666, 23.845], [86.47083333333333, 23.845], [86.47, 23.845], [86.47, 23.84583333333333], [86.47083333333333, 23.84583333333333], [86.47166666666666, 23.84583333333333], [86.47166666666666, 23.846666666666668], [86.47166666666666, 23.8475], [86.47166666666666, 23.848333333333333], [86.47166666666666, 23.849166666666665], [86.47083333333333, 23.849166666666665], [86.47083333333333, 23.848333333333333]]]}}, {"type": "Feature", "properties": {"product": "new_water", "area_ha": 14.91}, "geometry": {"type": "Polygon", "coordinates": [[[86.48416666666667, 23.654166666666665], [86.48416666666667, 23.654999999999998], [86.48416666666667, 23.655833333333334], [86.485, 23.655833333333334], [86.485, 23.654999999999998], [86.485, 23.654166666666665], [86.48583333333333, 23.654166666666665], [86.48583333333333, 23.653333333333332], [86.48666666666666, 23.653333333333332], [86.4875, 23.653333333333332], [86.48833333333333, 23.653333333333332], [86.48833333333333, 23.6525], [86.4875, 23.6525], [86.4875, 23.651666666666667], [86.4875, 23.65083333333333], [86.48666666666666, 23.65083333333333], [86.48666666666666, 23.65], [86.48583333333333, 23.65], [86.485, 23.65], [86.485, 23.65083333333333], [86.485, 23.651666666666667], [86.485, 23.6525], [86.48416666666667, 23.6525], [86.48333333333333, 23.6525], [86.48333333333333, 23.653333333333332], [86.48333333333333, 23.654166666666665], [86.48416666666667, 23.654166666666665]]]}}, {"type": "Feature", "properties": {"product": "new_water", "area_ha": 7.85}, "geometry": {"type": "Polygon", "coordinates": [[[86.48, 23.676666666666666], [86.48, 23.6775], [86.48083333333334, 23.6775], [86.48083333333334, 23.67833333333333], [86.48166666666667, 23.67833333333333], [86.4825, 23.67833333333333], [86.4825, 23.6775], [86.48333333333333, 23.6775], [86.48333333333333, 23.676666666666666], [86.48333333333333, 23.675833333333333], [86.48333333333333, 23.675], [86.48333333333333, 23.674166666666665], [86.4825, 23.674166666666665], [86.4825, 23.675], [86.4825, 23.675833333333333], [86.48166666666667, 23.675833333333333], [86.48166666666667, 23.676666666666666], [86.48083333333334, 23.676666666666666], [86.48, 23.676666666666666]]]}}, {"type": "Feature", "properties": {"product": "new_water", "area_ha": 7.06}, "geometry": {"type": "Polygon", "coordinates": [[[86.48416666666667, 23.726666666666667], [86.48416666666667, 23.7275], [86.485, 23.7275], [86.485, 23.726666666666667], [86.485, 23.725833333333334], [86.485, 23.724999999999998], [86.48416666666667, 23.724999999999998], [86.48333333333333, 23.724999999999998], [86.48333333333333, 23.725833333333334], [86.4825, 23.725833333333334], [86.4825, 23.724999999999998], [86.48166666666667, 23.724999999999998], [86.48166666666667, 23.725833333333334], [86.48166666666667, 23.726666666666667], [86.4825, 23.726666666666667], [86.4825, 23.7275], [86.48333333333333, 23.7275], [86.48333333333333, 23.726666666666667], [86.48416666666667, 23.726666666666667]]]}}, {"type": "Feature", "properties": {"product": "new_water", "area_ha": 10.97}, "geometry": {"type": "Polygon", "coordinates": [[[86.4825, 23.845], [86.4825, 23.84583333333333], [86.48333333333333, 23.84583333333333], [86.48333333333333, 23.845], [86.48416666666667, 23.845], [86.485, 23.845], [86.48583333333333, 23.845], [86.48583333333333, 23.844166666666666], [86.48666666666666, 23.844166666666666], [86.48666666666666, 23.843333333333334], [86.48583333333333, 23.843333333333334], [86.485, 23.843333333333334], [86.48416666666667, 23.843333333333334], [86.48333333333333, 23.843333333333334], [86.4825, 23.843333333333334], [86.4825, 23.844166666666666], [86.48166666666667, 23.844166666666666], [86.48166666666667, 23.843333333333334], [86.48166666666667, 23.842499999999998], [86.48083333333334, 23.842499999999998], [86.48083333333334, 23.843333333333334], [86.48083333333334, 23.844166666666666], [86.48083333333334, 23.845], [86.48166666666667, 23.845], [86.4825, 23.845]]]}}, {"type": "Feature", "properties": {"product": "new_water", "area_ha": 6.28}, "geometry": {"type": "Polygon", "coordinates": [[[86.5, 23.66], [86.5, 23.659166666666668], [86.5, 23.65833333333333], [86.5, 23.6575], [86.5, 23.656666666666666], [86.49916666666667, 23.656666666666666], [86.49916666666667, 23.6575], [86.49833333333333, 23.6575], [86.49833333333333, 23.65833333333333], [86.49833333333333, 23.659166666666668], [86.49833333333333, 23.66], [86.49916666666667, 23.66], [86.49916666666667, 23.660833333333333], [86.5, 23.660833333333333], [86.5, 23.66]]]}}, {"type": "Feature", "properties": {"product": "new_water", "area_ha": 7.85}, "geometry": {"type": "Polygon", "coordinates": [[[86.48833333333333, 23.664166666666667], [86.48833333333333, 23.665], [86.48916666666668, 23.665], [86.49000000000001, 23.665], [86.49083333333334, 23.665], [86.49166666666667, 23.665], [86.4925, 23.665], [86.49333333333334, 23.665], [86.49333333333334, 23.664166666666667], [86.4925, 23.664166666666667], [86.49166666666667, 23.664166666666667], [86.49083333333334, 23.664166666666667], [86.49083333333334, 23.663333333333334], [86.49083333333334, 23.662499999999998], [86.49000000000001, 23.662499999999998], [86.49000000000001, 23.663333333333334], [86.48916666666668, 23.663333333333334], [86.48833333333333, 23.663333333333334], [86.48833333333333, 23.664166666666667]]]}}, {"type": "Feature", "properties": {"product": "new_water", "area_ha": 7.06}, "geometry": {"type": "Polygon", "coordinates": [[[86.48583333333333, 23.668333333333333], [86.48583333333333, 23.6675], [86.48666666666666, 23.6675], [86.4875, 23.6675], [86.4875, 23.666666666666664], [86.48666666666666, 23.666666666666664], [86.48583333333333, 23.666666666666664], [86.48583333333333, 23.66583333333333], [86.485, 23.66583333333333], [86.485, 23.665], [86.48416666666667, 23.665], [86.48416666666667, 23.66583333333333], [86.48416666666667, 23.666666666666664], [86.48416666666667, 23.6675], [86.485, 23.6675], [86.485, 23.668333333333333], [86.485, 23.669166666666666], [86.48583333333333, 23.669166666666666], [86.48583333333333, 23.668333333333333]]]}}, {"type": "Feature", "properties": {"product": "new_water", "area_ha": 11.77}, "geometry": {"type": "Polygon", "coordinates": [[[86.49833333333333, 23.703333333333333], [86.4975, 23.703333333333333], [86.4975, 23.704166666666666], [86.49666666666667, 23.704166666666666], [86.49666666666667, 23.705], [86.4975, 23.705], [86.4975, 23.70583333333333], [86.49833333333333, 23.70583333333333], [86.49916666666667, 23.70583333333333], [86.49916666666667, 23.705], [86.49916666666667, 23.704166666666666], [86.49916666666667, 23.703333333333333], [86.49916666666667, 23.7025], [86.49916666666667, 23.701666666666664], [86.5, 23.701666666666664], [86.5, 23.700833333333332], [86.5, 23.7], [86.5, 23.699166666666667], [86.49916666666667, 23.699166666666667], [86.49916666666667, 23.7], [86.49833333333333, 23.7], [86.4975, 23.7], [86.4975, 23.700833333333332], [86.49833333333333, 23.700833333333332], [86.49833333333333, 23.701666666666664], [86.49833333333333, 23.7025], [86.49833333333333, 23.703333333333333]]]}}, {"type": "Feature", "properties": {"product": "new_water", "area_ha": 6.27}, "geometry": {"type": "Polygon", "coordinates": [[[86.49333333333334, 23.708333333333332], [86.49416666666667, 23.708333333333332], [86.49416666666667, 23.7075], [86.49416666666667, 23.706666666666667], [86.49416666666667, 23.70583333333333], [86.49333333333334, 23.70583333333333], [86.49333333333334, 23.706666666666667], [86.4925, 23.706666666666667], [86.49166666666667, 23.706666666666667], [86.49166666666667, 23.7075], [86.49166666666667, 23.708333333333332], [86.4925, 23.708333333333332], [86.4925, 23.709166666666665], [86.49333333333334, 23.709166666666665], [86.49333333333334, 23.708333333333332]]]}}, {"type": "Feature", "properties": {"product": "new_water", "area_ha": 8.62}, "geometry": {"type": "Polygon", "coordinates": [[[86.5, 23.839166666666667], [86.5, 23.83833333333333], [86.5, 23.8375], [86.49916666666667, 23.8375], [86.49833333333333, 23.8375], [86.49833333333333, 23.836666666666666], [86.4975, 23.836666666666666], [86.4975, 23.8375], [86.4975, 23.83833333333333], [86.4975, 23.839166666666667], [86.4975, 23.84], [86.4975, 23.840833333333332], [86.49833333333333, 23.840833333333332], [86.49833333333333, 23.84], [86.49916666666667, 23.84], [86.5, 23.84], [86.5, 23.839166666666667]]]}}, {"type": "Feature", "properties": {"product": "new_water", "area_ha": 6.27}, "geometry": {"type": "Polygon", "coordinates": [[[86.4925, 23.8475], [86.49333333333334, 23.8475], [86.49333333333334, 23.846666666666668], [86.49333333333334, 23.84583333333333], [86.49333333333334, 23.845], [86.4925, 23.845], [86.49166666666667, 23.845], [86.49083333333334, 23.845], [86.49083333333334, 23.84583333333333], [86.49000000000001, 23.84583333333333], [86.49000000000001, 23.846666666666668], [86.49083333333334, 23.846666666666668], [86.49166666666667, 23.846666666666668], [86.4925, 23.846666666666668], [86.4925, 23.8475]]]}}, {"type": "Feature", "properties": {"product": "new_water", "area_ha": 6.27}, "geometry": {"type": "Polygon", "coordinates": [[[86.49416666666667, 23.868333333333332], [86.49416666666667, 23.8675], [86.49416666666667, 23.866666666666667], [86.49333333333334, 23.866666666666667], [86.49333333333334, 23.86583333333333], [86.4925, 23.86583333333333], [86.4925, 23.866666666666667], [86.49166666666667, 23.866666666666667], [86.49166666666667, 23.8675], [86.49166666666667, 23.868333333333332], [86.49166666666667, 23.869166666666665], [86.4925, 23.869166666666665], [86.4925, 23.868333333333332], [86.49333333333334, 23.868333333333332], [86.49416666666667, 23.868333333333332]]]}}], "properties": {"aoi": "jharia", "product": "new_water", "total_ha": 3384.2, "n_patches": 123}}