{"type": "FeatureCollection", "features": [{"type": "Feature", "properties": {"product": "forest_loss", "area_ha": 17.59}, "geometry": {"type": "Polygon", "coordinates": [[[93.60083333333333, 26.865], [93.60083333333333, 26.865833333333335], [93.60083333333333, 26.866666666666667], [93.60083333333333, 26.8675], [93.60083333333333, 26.868333333333332], [93.60083333333333, 26.869166666666665], [93.60166666666666, 26.869166666666665], [93.60166666666666, 26.868333333333332], [93.60166666666666, 26.8675], [93.60166666666666, 26.866666666666667], [93.60249999999999, 26.866666666666667], [93.60333333333332, 26.866666666666667], [93.60333333333332, 26.865833333333335], [93.60416666666666, 26.865833333333335], [93.60499999999999, 26.865833333333335], [93.60499999999999, 26.865], [93.60583333333332, 26.865], [93.60666666666665, 26.865], [93.60666666666665, 26.864166666666666], [93.60749999999999, 26.864166666666666], [93.60749999999999, 26.863333333333333], [93.60749999999999, 26.8625], [93.60666666666665, 26.8625], [93.60666666666665, 26.863333333333333], [93.60583333333332, 26.863333333333333], [93.60499999999999, 26.863333333333333], [93.60416666666666, 26.863333333333333], [93.60416666666666, 26.864166666666666], [93.60333333333332, 26.864166666666666], [93.60333333333332, 26.863333333333333], [93.60249999999999, 26.863333333333333], [93.60249999999999, 26.864166666666666], [93.60166666666666, 26.864166666666666], [93.60083333333333, 26.864166666666666], [93.60083333333333, 26.865]], [[93.60166666666666, 26.865833333333335], [93.60166666666666, 26.865], [93.60249999999999, 26.865], [93.60249999999999, 26.865833333333335], [93.60166666666666, 26.865833333333335]]]}}, {"type": "Feature", "properties": {"product": "forest_loss", "area_ha": 6.11}, "geometry": {"type": "Polygon", "coordinates": [[[93.60166666666666, 26.965], [93.60083333333333, 26.965], [93.60083333333333, 26.964166666666667], [93.6, 26.964166666666667], [93.6, 26.965], [93.6, 26.965833333333332], [93.60083333333333, 26.965833333333332], [93.60083333333333, 26.966666666666665], [93.60166666666666, 26.966666666666665], [93.60166666666666, 26.9675], [93.60249999999999, 26.9675], [93.60249999999999, 26.966666666666665], [93.60249999999999, 26.965833333333332], [93.60249999999999, 26.965], [93.60249999999999, 26.964166666666667], [93.60166666666666, 26.964166666666667], [93.60166666666666, 26.965]]]}}, {"type": "Feature", "properties": {"product": "forest_loss", "area_ha": 48.89}, "geometry": {"type": "Polygon", "coordinates": [[[93.60666666666665, 26.970833333333335], [93.60749999999999, 26.970833333333335], [93.60749999999999, 26.971666666666668], [93.60833333333333, 26.971666666666668], [93.60833333333333, 26.9725], [93.60749999999999, 26.9725], [93.60666666666665, 26.9725], [93.60666666666665, 26.973333333333333], [93.60583333333332, 26.973333333333333], [93.60583333333332, 26.9725], [93.60499999999999, 26.9725], [93.60416666666666, 26.9725], [93.60416666666666, 26.973333333333333], [93.60416666666666, 26.974166666666665], [93.60333333333332, 26.974166666666665], [93.60249999999999, 26.974166666666665], [93.60166666666666, 26.974166666666665], [93.60166666666666, 26.975], [93.60249999999999, 26.975], [93.60333333333332, 26.975], [93.60333333333332, 26.975833333333334], [93.60416666666666, 26.975833333333334], [93.60416666666666, 26.975], [93.60499999999999, 26.975], [93.60583333333332, 26.975], [93.60583333333332, 26.974166666666665], [93.60666666666665, 26.974166666666665], [93.60749999999999, 26.974166666666665], [93.60749999999999, 26.975], [93.60833333333333, 26.975], [93.60833333333333, 26.975833333333334], [93.60916666666667, 26.975833333333334], [93.61, 26.975833333333334], [93.61083333333333, 26.975833333333334], [93.61166666666666, 26.975833333333334], [93.61166666666666, 26.975], [93.61083333333333, 26.975], [93.61, 26.975], [93.61, 26.974166666666665], [93.60916666666667, 26.974166666666665], [93.60833333333333, 26.974166666666665], [93.60833333333333, 26.973333333333333], [93.60916666666667, 26.973333333333333], [93.61, 26.973333333333333], [93.61083333333333, 26.973333333333333], [93.61083333333333, 26.9725], [93.61166666666666, 26.9725], [93.61166666666666, 26.973333333333333], [93.6125, 26.973333333333333], [93.61333333333333, 26.973333333333333], [93.61416666666666, 26.973333333333333], [93.615, 26.973333333333333], [93.615, 26.9725], [93.61583333333333, 26.9725], [93.61583333333333, 26.971666666666668], [93.61583333333333, 26.970833333333335], [93.615, 26.970833333333335], [93.61416666666666, 26.970833333333335], [93.61333333333333, 26.970833333333335], [93.6125, 26.970833333333335], [93.61166666666666, 26.970833333333335], [93.61166666666666, 26.971666666666668], [93.61083333333333, 26.971666666666668], [93.61083333333333, 26.970833333333335], [93.61083333333333, 26.97], [93.61166666666666, 26.97], [93.6125, 26.97], [93.6125, 26.969166666666666], [93.6125, 26.968333333333334], [93.61166666666666, 26.968333333333334], [93.61166666666666, 26.969166666666666], [93.61083333333333, 26.969166666666666], [93.61, 26.969166666666666], [93.61, 26.97], [93.61, 26.970833333333335], [93.60916666666667, 26.970833333333335], [93.60916666666667, 26.97], [93.60833333333333, 26.97], [93.60833333333333, 26.969166666666666], [93.60833333333333, 26.968333333333334], [93.60749999999999, 26.968333333333334], [93.60666666666665, 26.968333333333334], [93.60666666666665, 26.969166666666666], [93.60583333333332, 26.969166666666666], [93.60583333333332, 26.968333333333334], [93.60583333333332, 26.9675], [93.60499999999999, 26.9675], [93.60416666666666, 26.9675], [93.60416666666666, 26.968333333333334], [93.60499999999999, 26.968333333333334], [93.60499999999999, 26.969166666666666], [93.60499999999999, 26.97], [93.60583333333332, 26.97], [93.60666666666665, 26.97], [93.60666666666665, 26.970833333333335]]]}}, {"type": "Feature", "properties": {"product": "forest_loss", "area_ha": 6.11}, "geometry": {"type": "Polygon", "coordinates": [[[93.60666666666665, 26.985833333333332], [93.60666666666665, 26.985], [93.60749999999999, 26.985], [93.60749999999999, 26.984166666666667], [93.60833333333333, 26.984166666666667], [93.60833333333333, 26.983333333333334], [93.60749999999999, 26.983333333333334], [93.60666666666665, 26.983333333333334], [93.60583333333332, 26.983333333333334], [93.60583333333332, 26.984166666666667], [93.60499999999999, 26.984166666666667], [93.60416666666666, 26.984166666666667], [93.60416666666666, 26.985], [93.60499999999999, 26.985], [93.60583333333332, 26.985], [93.60583333333332, 26.985833333333332], [93.60666666666665, 26.985833333333332]]]}}, {"type": "Feature", "properties": {"product": "forest_loss", "area_ha": 6.87}, "geometry": {"type": "Polygon", "coordinates": [[[93.60083333333333, 27.00583333333333], [93.60166666666666, 27.00583333333333], [93.60249999999999, 27.00583333333333], [93.60249999999999, 27.005], [93.60333333333332, 27.005], [93.60333333333332, 27.004166666666666], [93.60416666666666, 27.004166666666666], [93.60416666666666, 27.003333333333334], [93.60333333333332, 27.003333333333334], [93.60249999999999, 27.003333333333334], [93.60166666666666, 27.003333333333334], [93.60166666666666, 27.004166666666666], [93.60166666666666, 27.005], [93.60083333333333, 27.005], [93.60083333333333, 27.004166666666666], [93.6, 27.004166666666666], [93.6, 27.005], [93.6, 27.00583333333333], [93.60083333333333, 27.00583333333333]]]}}, {"type": "Feature", "properties": {"product": "forest_loss", "area_ha": 7.64}, "geometry": {"type": "Polygon", "coordinates": [[[93.60333333333332, 27.008333333333333], [93.60333333333332, 27.0075], [93.60249999999999, 27.0075], [93.60249999999999, 27.006666666666668], [93.60166666666666, 27.006666666666668], [93.60083333333333, 27.006666666666668], [93.6, 27.006666666666668], [93.6, 27.0075], [93.6, 27.008333333333333], [93.60083333333333, 27.008333333333333], [93.60166666666666, 27.008333333333333], [93.60166666666666, 27.009166666666665], [93.60249999999999, 27.009166666666665], [93.60333333333332, 27.009166666666665], [93.60416666666666, 27.009166666666665], [93.60416666666666, 27.008333333333333], [93.60333333333332, 27.008333333333333]]]}}, {"type": "Feature", "properties": {"product": "forest_loss", "area_ha": 9.92}, "geometry": {"type": "Polygon", "coordinates": [[[93.60583333333332, 27.048333333333332], [93.60583333333332, 27.049166666666668], [93.60666666666665, 27.049166666666668], [93.60749999999999, 27.049166666666668], [93.60749999999999, 27.05], [93.60833333333333, 27.05], [93.60833333333333, 27.049166666666668], [93.60833333333333, 27.048333333333332], [93.60833333333333, 27.0475], [93.60749999999999, 27.0475], [93.60749999999999, 27.048333333333332], [93.60666666666665, 27.048333333333332], [93.60666666666665, 27.0475], [93.60583333333332, 27.0475], [93.60583333333332, 27.046666666666667], [93.60499999999999, 27.046666666666667], [93.60416666666666, 27.046666666666667], [93.60416666666666, 27.045833333333334], [93.60333333333332, 27.045833333333334], [93.60249999999999, 27.045833333333334], [93.60166666666666, 27.045833333333334], [93.60166666666666, 27.046666666666667], [93.60249999999999, 27.046666666666667], [93.60333333333332, 27.046666666666667], [93.60333333333332, 27.0475], [93.60416666666666, 27.0475], [93.60499999999999, 27.0475], [93.60499999999999, 27.048333333333332], [93.60583333333332, 27.048333333333332]]]}}, {"type": "Feature", "properties": {"product": "forest_loss", "area_ha": 31.3}, "geometry": {"type": "Polygon", "coordinates": [[[93.60499999999999, 27.056666666666665], [93.60499999999999, 27.0575], [93.60499999999999, 27.058333333333334], [93.60499999999999, 27.059166666666666], [93.60499999999999, 27.06], [93.60499999999999, 27.060833333333335], [93.60499999999999, 27.061666666666667], [93.60583333333332, 27.061666666666667], [93.60583333333332, 27.060833333333335], [93.60666666666665, 27.060833333333335], [93.60749999999999, 27.060833333333335], [93.60749999999999, 27.06], [93.60666666666665, 27.06], [93.60666666666665, 27.059166666666666], [93.60666666666665, 27.058333333333334], [93.60749999999999, 27.058333333333334], [93.60749999999999, 27.059166666666666], [93.60833333333333, 27.059166666666666], [93.60916666666667, 27.059166666666666], [93.60916666666667, 27.058333333333334], [93.60916666666667, 27.0575], [93.61, 27.0575], [93.61, 27.056666666666665], [93.61, 27.055833333333332], [93.61083333333333, 27.055833333333332], [93.61083333333333, 27.055], [93.61, 27.055], [93.61, 27.054166666666667], [93.60916666666667, 27.054166666666667], [93.60916666666667, 27.055], [93.60833333333333, 27.055], [93.60833333333333, 27.054166666666667], [93.60749999999999, 27.054166666666667], [93.60666666666665, 27.054166666666667], [93.60583333333332, 27.054166666666667], [93.60583333333332, 27.053333333333335], [93.60499999999999, 27.053333333333335], [93.60499999999999, 27.054166666666667], [93.60416666666666, 27.054166666666667], [93.60333333333332, 27.054166666666667], [93.60333333333332, 27.055], [93.60416666666666, 27.055], [93.60416666666666, 27.055833333333332], [93.60499999999999, 27.055833333333332], [93.60583333333332, 27.055833333333332], [93.60583333333332, 27.056666666666665], [93.60499999999999, 27.056666666666665]], [[93.60749999999999, 27.0575], [93.60833333333333, 27.0575], [93.60833333333333, 27.058333333333334], [93.60749999999999, 27.058333333333334], [93.60749999999999, 27.0575]]]}}, {"type": "Feature", "properties": {"product": "forest_loss", "area_ha": 6.87}, "geometry": {"type": "Polygon", "coordinates": [[[93.60583333333332, 27.109166666666667], [93.60583333333332, 27.11], [93.60499999999999, 27.11], [93.60499999999999, 27.110833333333332], [93.60583333333332, 27.110833333333332], [93.60583333333332, 27.111666666666668], [93.60583333333332, 27.1125], [93.60666666666665, 27.1125], [93.60749999999999, 27.1125], [93.60833333333333, 27.1125], [93.60833333333333, 27.111666666666668], [93.60749999999999, 27.111666666666668], [93.60749999999999, 27.110833333333332], [93.60666666666665, 27.110833333333332], [93.60666666666665, 27.11], [93.60749999999999, 27.11], [93.60749999999999, 27.109166666666667], [93.60666666666665, 27.109166666666667], [93.60583333333332, 27.109166666666667]]]}}, {"type": "Feature", "properties": {"product": "forest_loss", "area_ha": 10.68}, "geometry": {"type": "Polygon", "coordinates": [[[93.60749999999999, 27.121666666666666], [93.60833333333333, 27.121666666666666], [93.60916666666667, 27.121666666666666], [93.61, 27.121666666666666], [93.61083333333333, 27.121666666666666], [93.61166666666666, 27.121666666666666], [93.61166666666666, 27.120833333333334], [93.61083333333333, 27.120833333333334], [93.61, 27.120833333333334], [93.60916666666667, 27.120833333333334], [93.60833333333333, 27.120833333333334], [93.60749999999999, 27.120833333333334], [93.60666666666665, 27.120833333333334], [93.60583333333332, 27.120833333333334], [93.60583333333332, 27.121666666666666], [93.60499999999999, 27.121666666666666], [93.60499999999999, 27.120833333333334], [93.60499999999999, 27.12], [93.60416666666666, 27.12], [93.60416666666666, 27.120833333333334], [93.60333333333332, 27.120833333333334], [93.60333333333332, 27.121666666666666], [93.60416666666666, 27.121666666666666], [93.60416666666666, 27.1225], [93.60499999999999, 27.1225], [93.60583333333332, 27.1225], [93.60666666666665, 27.1225], [93.60749999999999, 27.1225], [93.60749999999999, 27.121666666666666]]]}}, {"type": "Feature", "properties": {"product": "forest_loss", "area_ha": 8.39}, "geometry": {"type": "Polygon", "coordinates": [[[93.60499999999999, 27.149166666666666], [93.60583333333332, 27.149166666666666], [93.60666666666665, 27.149166666666666], [93.60666666666665, 27.15], [93.60666666666665, 27.150833333333335], [93.60749999999999, 27.150833333333335], [93.60749999999999, 27.15], [93.60749999999999, 27.149166666666666], [93.60833333333333, 27.149166666666666], [93.60833333333333, 27.15], [93.60916666666667, 27.15], [93.60916666666667, 27.149166666666666], [93.60916666666667, 27.148333333333333], [93.60833333333333, 27.148333333333333], [93.60749999999999, 27.148333333333333], [93.60666666666665, 27.148333333333333], [93.60583333333332, 27.148333333333333], [93.60499999999999, 27.148333333333333], [93.60416666666666, 27.148333333333333], [93.60333333333332, 27.148333333333333], [93.60249999999999, 27.148333333333333], [93.60249999999999, 27.149166666666666], [93.60333333333332, 27.149166666666666], [93.60416666666666, 27.149166666666666], [93.60499999999999, 27.149166666666666]]]}}, {"type": "Feature", "properties": {"product": "forest_loss", "area_ha": 6.86}, "geometry": {"type": "Polygon", "coordinates": [[[93.60333333333332, 27.153333333333332], [93.60249999999999, 27.153333333333332], [93.60249999999999, 27.1525], [93.60166666666666, 27.1525], [93.60166666666666, 27.153333333333332], [93.60083333333333, 27.153333333333332], [93.6, 27.153333333333332], [93.6, 27.154166666666665], [93.6, 27.155], [93.6, 27.155833333333334], [93.60083333333333, 27.155833333333334], [93.60166666666666, 27.155833333333334], [93.60166666666666, 27.155], [93.60166666666666, 27.154166666666665], [93.60249999999999, 27.154166666666665], [93.60333333333332, 27.154166666666665], [93.60333333333332, 27.153333333333332]]]}}, {"type": "Feature", "properties": {"product": "forest_loss", "area_ha": 44.23}, "geometry": {"type": "Polygon", "coordinates": [[[93.60249999999999, 27.180833333333332], [93.60249999999999, 27.18], [93.60249999999999, 27.179166666666667], [93.60249999999999, 27.178333333333335], [93.60249999999999, 27.1775], [93.60333333333332, 27.1775], [93.60416666666666, 27.1775], [93.60416666666666, 27.178333333333335], [93.60499999999999, 27.178333333333335], [93.60499999999999, 27.179166666666667], [93.60499999999999, 27.18], [93.60583333333332, 27.18], [93.60583333333332, 27.180833333333332], [93.60666666666665, 27.180833333333332], [93.60666666666665, 27.18], [93.60749999999999, 27.18], [93.60833333333333, 27.18], [93.60833333333333, 27.179166666666667], [93.60749999999999, 27.179166666666667], [93.60749999999999, 27.178333333333335], [93.60833333333333, 27.178333333333335], [93.60916666666667, 27.178333333333335], [93.60916666666667, 27.179166666666667], [93.60916666666667, 27.18], [93.60916666666667, 27.180833333333332], [93.61, 27.180833333333332], [93.61083333333333, 27.180833333333332], [93.61083333333333, 27.18166666666667], [93.61083333333333, 27.1825], [93.61166666666666, 27.1825], [93.61166666666666, 27.183333333333334], [93.61166666666666, 27.184166666666666], [93.6125, 27.184166666666666], [93.6125, 27.185], [93.61333333333333, 27.185], [93.61416666666666, 27.185], [93.61416666666666, 27.184166666666666], [93.615, 27.184166666666666], [93.615, 27.183333333333334], [93.615, 27.1825], [93.61416666666666, 27.1825], [93.61416666666666, 27.18166666666667], [93.61416666666666, 27.180833333333332], [93.61333333333333, 27.180833333333332], [93.6125, 27.180833333333332], [93.6125, 27.18], [93.61166666666666, 27.18], [93.61166666666666, 27.179166666666667], [93.61166666666666, 27.178333333333335], [93.6125, 27.178333333333335], [93.6125, 27.1775], [93.61166666666666, 27.1775], [93.61083333333333, 27.1775], [93.61, 27.1775], [93.60916666666667, 27.1775], [93.60833333333333, 27.1775], [93.60749999999999, 27.1775], [93.60666666666665, 27.1775], [93.60666666666665, 27.176666666666666], [93.60583333333332, 27.176666666666666], [93.60499999999999, 27.176666666666666], [93.60416666666666, 27.176666666666666], [93.60333333333332, 27.176666666666666], [93.60333333333332, 27.175833333333333], [93.60249999999999, 27.175833333333333], [93.60166666666666, 27.175833333333333], [93.60166666666666, 27.176666666666666], [93.60083333333333, 27.176666666666666], [93.60083333333333, 27.1775], [93.60166666666666, 27.1775], [93.60166666666666, 27.178333333333335], [93.60166666666666, 27.179166666666667], [93.60166666666666, 27.18], [93.60166666666666, 27.180833333333332], [93.60249999999999, 27.180833333333332]], [[93.61333333333333, 27.184166666666666], [93.61333333333333, 27.183333333333334], [93.61416666666666, 27.183333333333334], [93.61416666666666, 27.184166666666666], [93.61333333333333, 27.184166666666666]]]}}, {"type": "Feature", "properties": {"product": "forest_loss", "area_ha": 13.73}, "geometry": {"type": "Polygon", "coordinates": [[[93.60333333333332, 27.18166666666667], [93.60249999999999, 27.18166666666667], [93.60249999999999, 27.1825], [93.60166666666666, 27.1825], [93.60083333333333, 27.1825], [93.60083333333333, 27.183333333333334], [93.60083333333333, 27.184166666666666], [93.6, 27.184166666666666], [93.6, 27.185], [93.60083333333333, 27.185], [93.60166666666666, 27.185], [93.60166666666666, 27.185833333333335], [93.60249999999999, 27.185833333333335], [93.60333333333332, 27.185833333333335], [93.60333333333332, 27.185], [93.60249999999999, 27.185], [93.60249999999999, 27.184166666666666], [93.60333333333332, 27.184166666666666], [93.60333333333332, 27.183333333333334], [93.60416666666666, 27.183333333333334], [93.60416666666666, 27.1825], [93.60499999999999, 27.1825], [93.60499999999999, 27.18166666666667], [93.60499999999999, 27.180833333333332], [93.60416666666666, 27.180833333333332], [93.60416666666666, 27.18], [93.60333333333332, 27.18], [93.60333333333332, 27.180833333333332], [93.60333333333332, 27.18166666666667]]]}}, {"type": "Feature", "properties": {"product": "forest_loss", "area_ha": 11.44}, "geometry": {"type": "Polygon", "coordinates": [[[93.60166666666666, 27.188333333333333], [93.60249999999999, 27.188333333333333], [93.60333333333332, 27.188333333333333], [93.60416666666666, 27.188333333333333], [93.60416666666666, 27.189166666666665], [93.60499999999999, 27.189166666666665], [93.60499999999999, 27.188333333333333], [93.60583333333332, 27.188333333333333], [93.60666666666665, 27.188333333333333], [93.60666666666665, 27.1875], [93.60749999999999, 27.1875], [93.60833333333333, 27.1875], [93.60833333333333, 27.186666666666667], [93.60749999999999, 27.186666666666667], [93.60666666666665, 27.186666666666667], [93.60583333333332, 27.186666666666667], [93.60583333333332, 27.185833333333335], [93.60583333333332, 27.185], [93.60499999999999, 27.185], [93.60416666666666, 27.185], [93.60416666666666, 27.185833333333335], [93.60416666666666, 27.186666666666667], [93.60499999999999, 27.186666666666667], [93.60499999999999, 27.1875], [93.60416666666666, 27.1875], [93.60333333333332, 27.1875], [93.60249999999999, 27.1875], [93.60166666666666, 27.1875], [93.60166666666666, 27.188333333333333]]]}}, {"type": "Feature", "properties": {"product": "forest_loss", "area_ha": 6.12}, "geometry": {"type": "Polygon", "coordinates": [[[93.60666666666665, 26.883333333333333], [93.60666666666665, 26.884166666666665], [93.60749999999999, 26.884166666666665], [93.60749999999999, 26.883333333333333], [93.60749999999999, 26.8825], [93.60833333333333, 26.8825], [93.60916666666667, 26.8825], [93.60916666666667, 26.881666666666668], [93.60833333333333, 26.881666666666668], [93.60833333333333, 26.88083333333333], [93.60749999999999, 26.88083333333333], [93.60666666666665, 26.88083333333333], [93.60666666666665, 26.881666666666668], [93.60583333333332, 26.881666666666668], [93.60583333333332, 26.8825], [93.60666666666665, 26.8825], [93.60666666666665, 26.883333333333333]]]}}, {"type": "Feature", "properties": {"product": "forest_loss", "area_ha": 6.88}, "geometry": {"type": "Polygon", "coordinates": [[[93.60916666666667, 26.886666666666667], [93.60916666666667, 26.885833333333334], [93.60833333333333, 26.885833333333334], [93.60749999999999, 26.885833333333334], [93.60749999999999, 26.885], [93.60666666666665, 26.885], [93.60583333333332, 26.885], [93.60583333333332, 26.885833333333334], [93.60583333333332, 26.886666666666667], [93.60583333333332, 26.8875], [93.60666666666665, 26.8875], [93.60666666666665, 26.886666666666667], [93.60749999999999, 26.886666666666667], [93.60749999999999, 26.8875], [93.60833333333333, 26.8875], [93.60916666666667, 26.8875], [93.60916666666667, 26.886666666666667]]]}}, {"type": "Feature", "properties": {"product": "forest_loss", "area_ha": 39.72}, "geometry": {"type": "Polygon", "coordinates": [[[93.60666666666665, 26.986666666666668], [93.60749999999999, 26.986666666666668], [93.60833333333333, 26.986666666666668], [93.60916666666667, 26.986666666666668], [93.60916666666667, 26.9875], [93.60916666666667, 26.988333333333333], [93.60833333333333, 26.988333333333333], [93.60833333333333, 26.989166666666666], [93.60833333333333, 26.99], [93.60916666666667, 26.99], [93.61, 26.99], [93.61083333333333, 26.99], [93.61083333333333, 26.989166666666666], [93.61083333333333, 26.988333333333333], [93.61, 26.988333333333333], [93.61, 26.9875], [93.61083333333333, 26.9875], [93.61083333333333, 26.986666666666668], [93.61083333333333, 26.985833333333332], [93.61166666666666, 26.985833333333332], [93.6125, 26.985833333333332], [93.61333333333333, 26.985833333333332], [93.61416666666666, 26.985833333333332], [93.615, 26.985833333333332], [93.615, 26.986666666666668], [93.61583333333333, 26.986666666666668], [93.61583333333333, 26.985833333333332], [93.61666666666666, 26.985833333333332], [93.61749999999999, 26.985833333333332], [93.61833333333333, 26.985833333333332], [93.61916666666666, 26.985833333333332], [93.61999999999999, 26.985833333333332], [93.61999999999999, 26.985], [93.61999999999999, 26.984166666666667], [93.61916666666666, 26.984166666666667], [93.61916666666666, 26.985], [93.61833333333333, 26.985], [93.61833333333333, 26.984166666666667], [93.61749999999999, 26.984166666666667], [93.61749999999999, 26.983333333333334], [93.61666666666666, 26.983333333333334], [93.61583333333333, 26.983333333333334], [93.61583333333333, 26.9825], [93.615, 26.9825], [93.615, 26.983333333333334], [93.61416666666666, 26.983333333333334], [93.61333333333333, 26.983333333333334], [93.61333333333333, 26.9825], [93.6125, 26.9825], [93.6125, 26.983333333333334], [93.61166666666666, 26.983333333333334], [93.61166666666666, 26.984166666666667], [93.61083333333333, 26.984166666666667], [93.61083333333333, 26.983333333333334], [93.61, 26.983333333333334], [93.60916666666667, 26.983333333333334], [93.60916666666667, 26.984166666666667], [93.60916666666667, 26.985], [93.60916666666667, 26.985833333333332], [93.60833333333333, 26.985833333333332], [93.60833333333333, 26.985], [93.60749999999999, 26.985], [93.60749999999999, 26.985833333333332], [93.60666666666665, 26.985833333333332], [93.60666666666665, 26.986666666666668]]]}}, {"type": "Feature", "properties": {"product": "forest_loss", "area_ha": 6.11}, "geometry": {"type": "Polygon", "coordinates": [[[93.60833333333333, 27.02], [93.60916666666667, 27.02], [93.61, 27.02], [93.61, 27.019166666666667], [93.60916666666667, 27.019166666666667], [93.60916666666667, 27.018333333333334], [93.60833333333333, 27.018333333333334], [93.60749999999999, 27.018333333333334], [93.60749999999999, 27.019166666666667], [93.60749999999999, 27.02], [93.60666666666665, 27.02], [93.60666666666665, 27.020833333333332], [93.60666666666665, 27.02166666666667], [93.60749999999999, 27.02166666666667], [93.60749999999999, 27.020833333333332], [93.60833333333333, 27.020833333333332], [93.60833333333333, 27.02]]]}}, {"type": "Feature", "properties": {"product": "forest_loss", "area_ha": 6.87}, "geometry": {"type": "Polygon", "coordinates": [[[93.60916666666667, 27.0475], [93.60916666666667, 27.048333333333332], [93.61, 27.048333333333332], [93.61083333333333, 27.048333333333332], [93.61166666666666, 27.048333333333332], [93.6125, 27.048333333333332], [93.6125, 27.0475], [93.61333333333333, 27.0475], [93.61333333333333, 27.046666666666667], [93.6125, 27.046666666666667], [93.61166666666666, 27.046666666666667], [93.61083333333333, 27.046666666666667], [93.61083333333333, 27.045833333333334], [93.61, 27.045833333333334], [93.61, 27.046666666666667], [93.61, 27.0475], [93.60916666666667, 27.0475]]]}}, {"type": "Feature", "properties": {"product": "forest_loss", "area_ha": 26.72}, "geometry": {"type": "Polygon", "coordinates": [[[93.6125, 27.0525], [93.6125, 27.053333333333335], [93.61333333333333, 27.053333333333335], [93.61333333333333, 27.0525], [93.61416666666666, 27.0525], [93.61416666666666, 27.053333333333335], [93.615, 27.053333333333335], [93.61583333333333, 27.053333333333335], [93.61583333333333, 27.0525], [93.61666666666666, 27.0525], [93.61666666666666, 27.051666666666666], [93.61583333333333, 27.051666666666666], [93.61583333333333, 27.050833333333333], [93.61583333333333, 27.05], [93.61666666666666, 27.05], [93.61749999999999, 27.05], [93.61833333333333, 27.05], [93.61833333333333, 27.049166666666668], [93.61833333333333, 27.048333333333332], [93.61749999999999, 27.048333333333332], [93.61749999999999, 27.0475], [93.61666666666666, 27.0475], [93.61666666666666, 27.048333333333332], [93.61583333333333, 27.048333333333332], [93.615, 27.048333333333332], [93.615, 27.0475], [93.61416666666666, 27.0475], [93.61333333333333, 27.0475], [93.61333333333333, 27.048333333333332], [93.61333333333333, 27.049166666666668], [93.6125, 27.049166666666668], [93.6125, 27.05], [93.61166666666666, 27.05], [93.61083333333333, 27.05], [93.61083333333333, 27.050833333333333], [93.61083333333333, 27.051666666666666], [93.61166666666666, 27.051666666666666], [93.6125, 27.051666666666666], [93.6125, 27.0525]], [[93.615, 27.050833333333333], [93.61416666666666, 27.050833333333333], [93.61416666666666, 27.05], [93.615, 27.05], [93.615, 27.050833333333333]]]}}, {"type": "Feature", "properties": {"product": "forest_loss", "area_ha": 6.11}, "geometry": {"type": "Polygon", "coordinates": [[[93.61333333333333, 27.056666666666665], [93.61333333333333, 27.055833333333332], [93.61333333333333, 27.055], [93.6125, 27.055], [93.61166666666666, 27.055], [93.61166666666666, 27.055833333333332], [93.6125, 27.055833333333332], [93.6125, 27.056666666666665], [93.61166666666666, 27.056666666666665], [93.61166666666666, 27.0575], [93.61083333333333, 27.0575], [93.61, 27.0575], [93.61, 27.058333333333334], [93.61083333333333, 27.058333333333334], [93.61166666666666, 27.058333333333334], [93.6125, 27.058333333333334], [93.6125, 27.0575], [93.61333333333333, 27.0575], [93.61333333333333, 27.056666666666665]]]}}, {"type": "Feature", "properties": {"product": "forest_loss", "area_ha": 6.87}, "geometry": {"type": "Polygon", "coordinates": [[[93.61333333333333, 27.063333333333333], [93.61333333333333, 27.0625], [93.61416666666666, 27.0625], [93.61416666666666, 27.061666666666667], [93.61416666666666, 27.060833333333335], [93.61416666666666, 27.06], [93.61333333333333, 27.06], [93.6125, 27.06], [93.6125, 27.060833333333335], [93.6125, 27.061666666666667], [93.61166666666666, 27.061666666666667], [93.61083333333333, 27.061666666666667], [93.61083333333333, 27.0625], [93.61166666666666, 27.0625], [93.6125, 27.0625], [93.6125, 27.063333333333333], [93.61333333333333, 27.063333333333333]]]}}, {"type": "Feature", "properties": {"product": "forest_loss", "area_ha": 10.68}, "geometry": {"type": "Polygon", "coordinates": [[[93.60833333333333, 27.095833333333335], [93.60916666666667, 27.095833333333335], [93.61, 27.095833333333335], [93.61, 27.096666666666668], [93.61083333333333, 27.096666666666668], [93.61166666666666, 27.096666666666668], [93.61166666666666, 27.0975], [93.6125, 27.0975], [93.6125, 27.096666666666668], [93.6125, 27.095833333333335], [93.61166666666666, 27.095833333333335], [93.61166666666666, 27.095], [93.61166666666666, 27.094166666666666], [93.61083333333333, 27.094166666666666], [93.61083333333333, 27.093333333333334], [93.61, 27.093333333333334], [93.61, 27.094166666666666], [93.60916666666667, 27.094166666666666], [93.60916666666667, 27.095], [93.60833333333333, 27.095], [93.60749999999999, 27.095], [93.60666666666665, 27.095], [93.60666666666665, 27.095833333333335], [93.60749999999999, 27.095833333333335], [93.60833333333333, 27.095833333333335]]]}}, {"type": "Feature", "properties": {"product": "forest_loss", "area_ha": 19.07}, "geometry": {"type": "Polygon", "coordinates": [[[93.61, 27.13], [93.60916666666667, 27.13], [93.60833333333333, 27.13], [93.60833333333333, 27.13083333333333], [93.60833333333333, 27.131666666666668], [93.60916666666667, 27.131666666666668], [93.61, 27.131666666666668], [93.61, 27.13083333333333], [93.61083333333333, 27.13083333333333], [93.61166666666666, 27.13083333333333], [93.6125, 27.13083333333333], [93.6125, 27.131666666666668], [93.61333333333333, 27.131666666666668], [93.61416666666666, 27.131666666666668], [93.615, 27.131666666666668], [93.615, 27.13083333333333], [93.61583333333333, 27.13083333333333], [93.61583333333333, 27.13], [93.615, 27.13], [93.61416666666666, 27.13], [93.61416666666666, 27.129166666666666], [93.61333333333333, 27.129166666666666], [93.6125, 27.129166666666666], [93.6125, 27.128333333333334], [93.61166666666666, 27.128333333333334], [93.61166666666666, 27.1275], [93.61083333333333, 27.1275], [93.61, 27.1275], [93.60916666666667, 27.1275], [93.60833333333333, 27.1275], [93.60833333333333, 27.128333333333334], [93.60833333333333, 27.129166666666666], [93.60916666666667, 27.129166666666666], [93.61, 27.129166666666666], [93.61083333333333, 27.129166666666666], [93.61166666666666, 27.129166666666666], [93.61166666666666, 27.13], [93.61083333333333, 27.13], [93.61, 27.13]], [[93.61416666666666, 27.13083333333333], [93.61333333333333, 27.13083333333333], [93.61333333333333, 27.13], [93.61416666666666, 27.13], [93.61416666666666, 27.13083333333333]]]}}, {"type": "Feature", "properties": {"product": "forest_loss", "area_ha": 9.92}, "geometry": {"type": "Polygon", "coordinates": [[[93.6125, 27.156666666666666], [93.61333333333333, 27.156666666666666], [93.61416666666666, 27.156666666666666], [93.615, 27.156666666666666], [93.61583333333333, 27.156666666666666], [93.61583333333333, 27.155833333333334], [93.615, 27.155833333333334], [93.61416666666666, 27.155833333333334], [93.61333333333333, 27.155833333333334], [93.6125, 27.155833333333334], [93.61166666666666, 27.155833333333334], [93.61083333333333, 27.155833333333334], [93.61083333333333, 27.155], [93.61, 27.155], [93.60916666666667, 27.155], [93.60916666666667, 27.155833333333334], [93.61, 27.155833333333334], [93.61, 27.156666666666666], [93.60916666666667, 27.156666666666666], [93.60916666666667, 27.1575], [93.61, 27.1575], [93.61083333333333, 27.1575], [93.61166666666666, 27.1575], [93.6125, 27.1575], [93.6125, 27.156666666666666]]]}}, {"type": "Feature", "properties": {"product": "forest_loss", "area_ha": 6.1}, "geometry": {"type": "Polygon", "coordinates": [[[93.60916666666667, 27.224166666666665], [93.60916666666667, 27.223333333333333], [93.61, 27.223333333333333], [93.61083333333333, 27.223333333333333], [93.61083333333333, 27.2225], [93.61, 27.2225], [93.60916666666667, 27.2225], [93.60916666666667, 27.221666666666668], [93.60833333333333, 27.221666666666668], [93.60749999999999, 27.221666666666668], [93.60749999999999, 27.2225], [93.60833333333333, 27.2225], [93.60833333333333, 27.223333333333333], [93.60749999999999, 27.223333333333333], [93.60749999999999, 27.224166666666665], [93.60833333333333, 27.224166666666665], [93.60833333333333, 27.225], [93.60916666666667, 27.225], [93.60916666666667, 27.224166666666665]]]}}, {"type": "Feature", "properties": {"product": "forest_loss", "area_ha": 6.88}, "geometry": {"type": "Polygon", "coordinates": [[[93.61416666666666, 26.868333333333332], [93.615, 26.868333333333332], [93.615, 26.8675], [93.615, 26.866666666666667], [93.615, 26.865833333333335], [93.615, 26.865], [93.615, 26.864166666666666], [93.61416666666666, 26.864166666666666], [93.61416666666666, 26.865], [93.61333333333333, 26.865], [93.6125, 26.865], [93.6125, 26.865833333333335], [93.61333333333333, 26.865833333333335], [93.61333333333333, 26.866666666666667], [93.61333333333333, 26.8675], [93.61416666666666, 26.8675], [93.61416666666666, 26.868333333333332]]]}}, {"type": "Feature", "properties": {"product": "forest_loss", "area_ha": 10.69}, "geometry": {"type": "Polygon", "coordinates": [[[93.61583333333333, 26.9975], [93.61666666666666, 26.9975], [93.61749999999999, 26.9975], [93.61749999999999, 26.996666666666666], [93.61749999999999, 26.995833333333334], [93.61666666666666, 26.995833333333334], [93.61666666666666, 26.995], [93.61583333333333, 26.995], [93.61583333333333, 26.994166666666665], [93.61583333333333, 26.993333333333332], [93.615, 26.993333333333332], [93.615, 26.9925], [93.61416666666666, 26.9925], [93.61333333333333, 26.9925], [93.61333333333333, 26.993333333333332], [93.61416666666666, 26.993333333333332], [93.61416666666666, 26.994166666666665], [93.61416666666666, 26.995], [93.615, 26.995], [93.615, 26.995833333333334], [93.61416666666666, 26.995833333333334], [93.61416666666666, 26.996666666666666], [93.615, 26.996666666666666], [93.61583333333333, 26.996666666666666], [93.61583333333333, 26.9975]]]}}, {"type": "Feature", "properties": {"product": "forest_loss", "area_ha": 6.11}, "geometry": {"type": "Polygon", "coordinates": [[[93.61583333333333, 27.065833333333334], [93.61583333333333, 27.065], [93.615, 27.065], [93.61416666666666, 27.065], [93.61333333333333, 27.065], [93.61333333333333, 27.064166666666665], [93.6125, 27.064166666666665], [93.6125, 27.063333333333333], [93.61166666666666, 27.063333333333333], [93.61166666666666, 27.064166666666665], [93.61083333333333, 27.064166666666665], [93.61083333333333, 27.065], [93.61166666666666, 27.065], [93.6125, 27.065], [93.6125, 27.065833333333334], [93.61333333333333, 27.065833333333334], [93.61416666666666, 27.065833333333334], [93.615, 27.065833333333334], [93.61583333333333, 27.065833333333334]]]}}, {"type": "Feature", "properties": {"product": "forest_loss", "area_ha": 6.11}, "geometry": {"type": "Polygon", "coordinates": [[[93.61416666666666, 27.076666666666668], [93.61416666666666, 27.075833333333332], [93.61416666666666, 27.075], [93.61333333333333, 27.075], [93.6125, 27.075], [93.6125, 27.075833333333332], [93.61166666666666, 27.075833333333332], [93.61166666666666, 27.076666666666668], [93.61083333333333, 27.076666666666668], [93.61083333333333, 27.0775], [93.61166666666666, 27.0775], [93.6125, 27.0775], [93.61333333333333, 27.0775], [93.61333333333333, 27.076666666666668], [93.61416666666666, 27.076666666666668]]]}}, {"type": "Feature", "properties": {"product": "forest_loss", "area_ha": 9.16}, "geometry": {"type": "Polygon", "coordinates": [[[93.61166666666666, 27.11], [93.61166666666666, 27.110833333333332], [93.6125, 27.110833333333332], [93.6125, 27.111666666666668], [93.61333333333333, 27.111666666666668], [93.61416666666666, 27.111666666666668], [93.61416666666666, 27.110833333333332], [93.61416666666666, 27.11], [93.61333333333333, 27.11], [93.61333333333333, 27.109166666666667], [93.61416666666666, 27.109166666666667], [93.61416666666666, 27.108333333333334], [93.615, 27.108333333333334], [93.615, 27.1075], [93.615, 27.106666666666666], [93.61416666666666, 27.106666666666666], [93.61416666666666, 27.1075], [93.61333333333333, 27.1075], [93.6125, 27.1075], [93.6125, 27.108333333333334], [93.6125, 27.109166666666667], [93.6125, 27.11], [93.61166666666666, 27.11]]]}}, {"type": "Feature", "properties": {"product": "forest_loss", "area_ha": 6.1}, "geometry": {"type": "Polygon", "coordinates": [[[93.615, 27.151666666666667], [93.61416666666666, 27.151666666666667], [93.61416666666666, 27.150833333333335], [93.61416666666666, 27.15], [93.615, 27.15], [93.615, 27.149166666666666], [93.61416666666666, 27.149166666666666], [93.61333333333333, 27.149166666666666], [93.61333333333333, 27.15], [93.61333333333333, 27.150833333333335], [93.6125, 27.150833333333335], [93.6125, 27.151666666666667], [93.61333333333333, 27.151666666666667], [93.61333333333333, 27.1525], [93.61416666666666, 27.1525], [93.615, 27.1525], [93.61583333333333, 27.1525], [93.61583333333333, 27.151666666666667], [93.615, 27.151666666666667]]]}}, {"type": "Feature", "properties": {"product": "forest_loss", "area_ha": 9.15}, "geometry": {"type": "Polygon", "coordinates": [[[93.61583333333333, 27.151666666666667], [93.61666666666666, 27.151666666666667], [93.61666666666666, 27.1525], [93.61749999999999, 27.1525], [93.61749999999999, 27.153333333333332], [93.61749999999999, 27.154166666666665], [93.61833333333333, 27.154166666666665], [93.61916666666666, 27.154166666666665], [93.61999999999999, 27.154166666666665], [93.61999999999999, 27.153333333333332], [93.61916666666666, 27.153333333333332], [93.61916666666666, 27.1525], [93.61833333333333, 27.1525], [93.61833333333333, 27.151666666666667], [93.61833333333333, 27.150833333333335], [93.61749999999999, 27.150833333333335], [93.61666666666666, 27.150833333333335], [93.61666666666666, 27.15], [93.61583333333333, 27.15], [93.615, 27.15], [93.615, 27.150833333333335], [93.61583333333333, 27.150833333333335], [93.61583333333333, 27.151666666666667]]]}}, {"type": "Feature", "properties": {"product": "forest_loss", "area_ha": 6.1}, "geometry": {"type": "Polygon", "coordinates": [[[93.61416666666666, 27.161666666666665], [93.61416666666666, 27.1625], [93.61333333333333, 27.1625], [93.6125, 27.1625], [93.61166666666666, 27.1625], [93.61166666666666, 27.163333333333334], [93.6125, 27.163333333333334], [93.61333333333333, 27.163333333333334], [93.61416666666666, 27.163333333333334], [93.615, 27.163333333333334], [93.61583333333333, 27.163333333333334], [93.61583333333333, 27.1625], [93.61666666666666, 27.1625], [93.61666666666666, 27.161666666666665], [93.61583333333333, 27.161666666666665], [93.615, 27.161666666666665], [93.61416666666666, 27.161666666666665]]]}}, {"type": "Feature", "properties": {"product": "forest_loss", "area_ha": 22.11}, "geometry": {"type": "Polygon", "coordinates": [[[93.61583333333333, 27.1825], [93.61583333333333, 27.183333333333334], [93.61666666666666, 27.183333333333334], [93.61666666666666, 27.184166666666666], [93.61749999999999, 27.184166666666666], [93.61833333333333, 27.184166666666666], [93.61916666666666, 27.184166666666666], [93.61999999999999, 27.184166666666666], [93.61999999999999, 27.183333333333334], [93.62083333333332, 27.183333333333334], [93.62083333333332, 27.184166666666666], [93.62166666666666, 27.184166666666666], [93.62166666666666, 27.183333333333334], [93.62166666666666, 27.1825], [93.62083333333332, 27.1825], [93.61999999999999, 27.1825], [93.61999999999999, 27.18166666666667], [93.61916666666666, 27.18166666666667], [93.61916666666666, 27.180833333333332], [93.61833333333333, 27.180833333333332], [93.61833333333333, 27.18], [93.61749999999999, 27.18], [93.61666666666666, 27.18], [93.61666666666666, 27.179166666666667], [93.61583333333333, 27.179166666666667], [93.615, 27.179166666666667], [93.61416666666666, 27.179166666666667], [93.61416666666666, 27.178333333333335], [93.61333333333333, 27.178333333333335], [93.6125, 27.178333333333335], [93.6125, 27.179166666666667], [93.61333333333333, 27.179166666666667], [93.61333333333333, 27.18], [93.61416666666666, 27.18], [93.615, 27.18], [93.61583333333333, 27.18], [93.61583333333333, 27.180833333333332], [93.61583333333333, 27.18166666666667], [93.61583333333333, 27.1825]], [[93.61833333333333, 27.183333333333334], [93.61749999999999, 27.183333333333334], [93.61749999999999, 27.1825], [93.61833333333333, 27.1825], [93.61833333333333, 27.183333333333334]]]}}, {"type": "Feature", "properties": {"product": "forest_loss", "area_ha": 9.15}, "geometry": {"type": "Polygon", "coordinates": [[[93.615, 27.2275], [93.61583333333333, 27.2275], [93.61583333333333, 27.226666666666667], [93.61666666666666, 27.226666666666667], [93.61666666666666, 27.2275], [93.61749999999999, 27.2275], [93.61833333333333, 27.2275], [93.61833333333333, 27.226666666666667], [93.61749999999999, 27.226666666666667], [93.61749999999999, 27.225833333333334], [93.61666666666666, 27.225833333333334], [93.61666666666666, 27.225], [93.61749999999999, 27.225], [93.61749999999999, 27.224166666666665], [93.61666666666666, 27.224166666666665], [93.61583333333333, 27.224166666666665], [93.615, 27.224166666666665], [93.61416666666666, 27.224166666666665], [93.61333333333333, 27.224166666666665], [93.61333333333333, 27.225], [93.61416666666666, 27.225], [93.615, 27.225], [93.61583333333333, 27.225], [93.61583333333333, 27.225833333333334], [93.615, 27.225833333333334], [93.615, 27.226666666666667], [93.615, 27.2275]]]}}, {"type": "Feature", "properties": {"product": "forest_loss", "area_ha": 9.94}, "geometry": {"type": "Polygon", "coordinates": [[[93.61833333333333, 26.855], [93.61833333333333, 26.855833333333333], [93.61916666666666, 26.855833333333333], [93.61999999999999, 26.855833333333333], [93.61999999999999, 26.855], [93.61999999999999, 26.854166666666668], [93.62083333333332, 26.854166666666668], [93.62083333333332, 26.85333333333333], [93.62083333333332, 26.8525], [93.62083333333332, 26.851666666666667], [93.62083333333332, 26.850833333333334], [93.62083333333332, 26.85], [93.61999999999999, 26.85], [93.61999999999999, 26.850833333333334], [93.61999999999999, 26.851666666666667], [93.61916666666666, 26.851666666666667], [93.61833333333333, 26.851666666666667], [93.61833333333333, 26.8525], [93.61833333333333, 26.85333333333333], [93.61833333333333, 26.854166666666668], [93.61916666666666, 26.854166666666668], [93.61916666666666, 26.855], [93.61833333333333, 26.855]], [[93.61916666666666, 26.8525], [93.61999999999999, 26.8525], [93.61999999999999, 26.85333333333333], [93.61916666666666, 26.85333333333333], [93.61916666666666, 26.8525]]]}}, {"type": "Feature", "properties": {"product": "forest_loss", "area_ha": 6.12}, "geometry": {"type": "Polygon", "coordinates": [[[93.61833333333333, 26.865833333333335], [93.61833333333333, 26.865], [93.61749999999999, 26.865], [93.61749999999999, 26.865833333333335], [93.61749999999999, 26.866666666666667], [93.61666666666666, 26.866666666666667], [93.61666666666666, 26.8675], [93.61666666666666, 26.868333333333332], [93.61666666666666, 26.869166666666665], [93.61749999999999, 26.869166666666665], [93.61833333333333, 26.869166666666665], [93.61833333333333, 26.868333333333332], [93.61833333333333, 26.8675], [93.61833333333333, 26.866666666666667], [93.61833333333333, 26.865833333333335]]]}}, {"type": "Feature", "properties": {"product": "forest_loss", "area_ha": 6.12}, "geometry": {"type": "Polygon", "coordinates": [[[93.61833333333333, 26.8725], [93.61916666666666, 26.8725], [93.61999999999999, 26.8725], [93.62083333333332, 26.8725], [93.62083333333332, 26.871666666666666], [93.61999999999999, 26.871666666666666], [93.61999999999999, 26.870833333333334], [93.61999999999999, 26.87], [93.61916666666666, 26.87], [93.61833333333333, 26.87], [93.61833333333333, 26.870833333333334], [93.61749999999999, 26.870833333333334], [93.61749999999999, 26.871666666666666], [93.61833333333333, 26.871666666666666], [93.61833333333333, 26.8725]]]}}, {"type": "Feature", "properties": {"product": "forest_loss", "area_ha": 6.11}, "geometry": {"type": "Polygon", "coordinates": [[[93.62416666666667, 26.96], [93.62416666666667, 26.95916666666667], [93.62333333333332, 26.95916666666667], [93.62249999999999, 26.95916666666667], [93.62249999999999, 26.958333333333332], [93.62166666666666, 26.958333333333332], [93.62083333333332, 26.958333333333332], [93.62083333333332, 26.95916666666667], [93.62166666666666, 26.95916666666667], [93.62166666666666, 26.96], [93.62166666666666, 26.960833333333333], [93.62166666666666, 26.961666666666666], [93.62249999999999, 26.961666666666666], [93.62249999999999, 26.960833333333333], [93.62333333333332, 26.960833333333333], [93.62333333333332, 26.96], [93.62416666666667, 26.96]]]}}, {"type": "Feature", "properties": {"product": "forest_loss", "area_ha": 13.75}, "geometry": {"type": "Polygon", "coordinates": [[[93.62333333333332, 26.965], [93.62249999999999, 26.965], [93.62249999999999, 26.964166666666667], [93.62333333333332, 26.964166666666667], [93.62333333333332, 26.963333333333335], [93.62416666666667, 26.963333333333335], [93.62416666666667, 26.9625], [93.625, 26.9625], [93.62583333333333, 26.9625], [93.62583333333333, 26.961666666666666], [93.625, 26.961666666666666], [93.62416666666667, 26.961666666666666], [93.62416666666667, 26.960833333333333], [93.62333333333332, 26.960833333333333], [93.62333333333332, 26.961666666666666], [93.62333333333332, 26.9625], [93.62249999999999, 26.9625], [93.62166666666666, 26.9625], [93.62166666666666, 26.963333333333335], [93.62083333333332, 26.963333333333335], [93.62083333333332, 26.964166666666667], [93.61999999999999, 26.964166666666667], [93.61999999999999, 26.965], [93.61999999999999, 26.965833333333332], [93.61999999999999, 26.966666666666665], [93.62083333333332, 26.966666666666665], [93.62083333333332, 26.965833333333332], [93.62166666666666, 26.965833333333332], [93.62249999999999, 26.965833333333332], [93.62333333333332, 26.965833333333332], [93.62333333333332, 26.965]]]}}, {"type": "Feature", "properties": {"product": "forest_loss", "area_ha": 6.87}, "geometry": {"type": "Polygon", "coordinates": [[[93.62249999999999, 26.995], [93.62333333333332, 26.995], [93.62333333333332, 26.994166666666665], [93.62333333333332, 26.993333333333332], [93.62416666666667, 26.993333333333332], [93.625, 26.993333333333332], [93.62583333333333, 26.993333333333332], [93.62583333333333, 26.9925], [93.625, 26.9925], [93.62416666666667, 26.9925], [93.62333333333332, 26.9925], [93.62249999999999, 26.9925], [93.62166666666666, 26.9925], [93.62166666666666, 26.993333333333332], [93.62166666666666, 26.994166666666665], [93.62166666666666, 26.995], [93.62249999999999, 26.995]]]}}, {"type": "Feature", "properties": {"product": "forest_loss", "area_ha": 6.11}, "geometry": {"type": "Polygon", "coordinates": [[[93.62083333333332, 26.999166666666667], [93.62166666666666, 26.999166666666667], [93.62166666666666, 27.0], [93.62249999999999, 27.0], [93.62249999999999, 26.999166666666667], [93.62333333333332, 26.999166666666667], [93.62416666666667, 26.999166666666667], [93.62416666666667, 26.998333333333335], [93.62416666666667, 26.9975], [93.62333333333332, 26.9975], [93.62249999999999, 26.9975], [93.62249999999999, 26.998333333333335], [93.62166666666666, 26.998333333333335], [93.62083333333332, 26.998333333333335], [93.61999999999999, 26.998333333333335], [93.61999999999999, 26.999166666666667], [93.62083333333332, 26.999166666666667]]]}}, {"type": "Feature", "properties": {"product": "forest_loss", "area_ha": 6.11}, "geometry": {"type": "Polygon", "coordinates": [[[93.62166666666666, 27.016666666666666], [93.62249999999999, 27.016666666666666], [93.62249999999999, 27.015833333333333], [93.62166666666666, 27.015833333333333], [93.62083333333332, 27.015833333333333], [93.61999999999999, 27.015833333333333], [93.61916666666666, 27.015833333333333], [93.61833333333333, 27.015833333333333], [93.61833333333333, 27.016666666666666], [93.61833333333333, 27.0175], [93.61916666666666, 27.0175], [93.61999999999999, 27.0175], [93.62083333333332, 27.0175], [93.62083333333332, 27.016666666666666], [93.62166666666666, 27.016666666666666]]]}}, {"type": "Feature", "properties": {"product": "forest_loss", "area_ha": 6.11}, "geometry": {"type": "Polygon", "coordinates": [[[93.62416666666667, 27.023333333333333], [93.625, 27.023333333333333], [93.625, 27.0225], [93.625, 27.02166666666667], [93.62416666666667, 27.02166666666667], [93.62333333333332, 27.02166666666667], [93.62249999999999, 27.02166666666667], [93.62249999999999, 27.020833333333332], [93.62166666666666, 27.020833333333332], [93.62083333333332, 27.020833333333332], [93.62083333333332, 27.02166666666667], [93.62083333333332, 27.0225], [93.62166666666666, 27.0225], [93.62249999999999, 27.0225], [93.62333333333332, 27.0225], [93.62416666666667, 27.0225], [93.62416666666667, 27.023333333333333]]]}}, {"type": "Feature", "properties": {"product": "forest_loss", "area_ha": 8.4}, "geometry": {"type": "Polygon", "coordinates": [[[93.62249999999999, 27.031666666666666], [93.62249999999999, 27.030833333333334], [93.62249999999999, 27.03], [93.62166666666666, 27.03], [93.62083333333332, 27.03], [93.62083333333332, 27.029166666666665], [93.62083333333332, 27.028333333333332], [93.62083333333332, 27.0275], [93.61999999999999, 27.0275], [93.61916666666666, 27.0275], [93.61916666666666, 27.028333333333332], [93.61916666666666, 27.029166666666665], [93.61916666666666, 27.03], [93.61999999999999, 27.03], [93.61999999999999, 27.030833333333334], [93.62083333333332, 27.030833333333334], [93.62083333333332, 27.031666666666666], [93.62166666666666, 27.031666666666666], [93.62249999999999, 27.031666666666666]]]}}, {"type": "Feature", "properties": {"product": "forest_loss", "area_ha": 30.54}, "geometry": {"type": "Polygon", "coordinates": [[[93.62249999999999, 27.045], [93.62249999999999, 27.044166666666666], [93.62249999999999, 27.043333333333333], [93.62333333333332, 27.043333333333333], [93.62416666666667, 27.043333333333333], [93.62416666666667, 27.0425], [93.625, 27.0425], [93.625, 27.043333333333333], [93.625, 27.044166666666666], [93.625, 27.045], [93.62583333333333, 27.045], [93.62583333333333, 27.045833333333334], [93.62583333333333, 27.046666666666667], [93.62583333333333, 27.0475], [93.62583333333333, 27.048333333333332], [93.625, 27.048333333333332], [93.625, 27.049166666666668], [93.62583333333333, 27.049166666666668], [93.62666666666667, 27.049166666666668], [93.62666666666667, 27.048333333333332], [93.6275, 27.048333333333332], [93.6275, 27.049166666666668], [93.62833333333333, 27.049166666666668], [93.62916666666666, 27.049166666666668], [93.63, 27.049166666666668], [93.63, 27.048333333333332], [93.62916666666666, 27.048333333333332], [93.62916666666666, 27.0475], [93.62916666666666, 27.046666666666667], [93.62833333333333, 27.046666666666667], [93.6275, 27.046666666666667], [93.62666666666667, 27.046666666666667], [93.62666666666667, 27.045833333333334], [93.62666666666667, 27.045], [93.62666666666667, 27.044166666666666], [93.62583333333333, 27.044166666666666], [93.62583333333333, 27.043333333333333], [93.62666666666667, 27.043333333333333], [93.6275, 27.043333333333333], [93.62833333333333, 27.043333333333333], [93.62833333333333, 27.0425], [93.6275, 27.0425], [93.62666666666667, 27.0425], [93.62666666666667, 27.041666666666668], [93.62583333333333, 27.041666666666668], [93.625, 27.041666666666668], [93.62416666666667, 27.041666666666668], [93.62333333333332, 27.041666666666668], [93.62249999999999, 27.041666666666668], [93.62249999999999, 27.0425], [93.62166666666666, 27.0425], [93.62083333333332, 27.0425], [93.61999999999999, 27.0425], [93.61999999999999, 27.043333333333333], [93.61999999999999, 27.044166666666666], [93.61999999999999, 27.045], [93.62083333333332, 27.045], [93.62083333333332, 27.045833333333334], [93.62166666666666, 27.045833333333334], [93.62249999999999, 27.045833333333334], [93.62249999999999, 27.045]]]}}, {"type": "Feature", "properties": {"product": "forest_loss", "area_ha": 27.48}, "geometry": {"type": "Polygon", "coordinates": [[[93.61749999999999, 27.051666666666666], [93.61833333333333, 27.051666666666666], [93.61916666666666, 27.051666666666666], [93.61916666666666, 27.0525], [93.61999999999999, 27.0525], [93.61999999999999, 27.053333333333335], [93.61916666666666, 27.053333333333335], [93.61833333333333, 27.053333333333335], [93.61749999999999, 27.053333333333335], [93.61749999999999, 27.054166666666667], [93.61833333333333, 27.054166666666667], [93.61916666666666, 27.054166666666667], [93.61999999999999, 27.054166666666667], [93.61999999999999, 27.055], [93.62083333333332, 27.055], [93.62083333333332, 27.054166666666667], [93.62166666666666, 27.054166666666667], [93.62166666666666, 27.053333333333335], [93.62249999999999, 27.053333333333335], [93.62333333333332, 27.053333333333335], [93.62416666666667, 27.053333333333335], [93.62416666666667, 27.0525], [93.62333333333332, 27.0525], [93.62333333333332, 27.051666666666666], [93.62416666666667, 27.051666666666666], [93.62416666666667, 27.050833333333333], [93.62333333333332, 27.050833333333333], [93.62333333333332, 27.05], [93.62249999999999, 27.05], [93.62249999999999, 27.049166666666668], [93.62249999999999, 27.048333333333332], [93.62166666666666, 27.048333333333332], [93.62083333333332, 27.048333333333332], [93.61999999999999, 27.048333333333332], [93.61916666666666, 27.048333333333332], [93.61916666666666, 27.049166666666668], [93.61999999999999, 27.049166666666668], [93.61999999999999, 27.05], [93.61916666666666, 27.05], [93.61833333333333, 27.05], [93.61833333333333, 27.050833333333333], [93.61749999999999, 27.050833333333333], [93.61749999999999, 27.051666666666666]], [[93.61916666666666, 27.050833333333333], [93.61999999999999, 27.050833333333333], [93.61999999999999, 27.051666666666666], [93.61916666666666, 27.051666666666666], [93.61916666666666, 27.050833333333333]]]}}, {"type": "Feature", "properties": {"product": "forest_loss", "area_ha": 9.92}, "geometry": {"type": "Polygon", "coordinates": [[[93.61999999999999, 27.06833333333333], [93.61999999999999, 27.069166666666668], [93.61916666666666, 27.069166666666668], [93.61833333333333, 27.069166666666668], [93.61833333333333, 27.07], [93.61749999999999, 27.07], [93.61749999999999, 27.070833333333333], [93.61833333333333, 27.070833333333333], [93.61916666666666, 27.070833333333333], [93.61916666666666, 27.07], [93.61999999999999, 27.07], [93.62083333333332, 27.07], [93.62083333333332, 27.069166666666668], [93.62166666666666, 27.069166666666668], [93.62166666666666, 27.06833333333333], [93.62249999999999, 27.06833333333333], [93.62249999999999, 27.0675], [93.62333333333332, 27.0675], [93.62416666666667, 27.0675], [93.62416666666667, 27.066666666666666], [93.62333333333332, 27.066666666666666], [93.62249999999999, 27.066666666666666], [93.62166666666666, 27.066666666666666], [93.62166666666666, 27.0675], [93.62083333333332, 27.0675], [93.61999999999999, 27.0675], [93.61999999999999, 27.06833333333333]]]}}, {"type": "Feature", "properties": {"product": "forest_loss", "area_ha": 9.16}, "geometry": {"type": "Polygon", "coordinates": [[[93.62416666666667, 27.0725], [93.62416666666667, 27.071666666666665], [93.62333333333332, 27.071666666666665], [93.62249999999999, 27.071666666666665], [93.62166666666666, 27.071666666666665], [93.62166666666666, 27.0725], [93.62166666666666, 27.073333333333334], [93.62166666666666, 27.074166666666667], [93.62083333333332, 27.074166666666667], [93.62083333333332, 27.075], [93.62083333333332, 27.075833333333332], [93.62166666666666, 27.075833333333332], [93.62249999999999, 27.075833333333332], [93.62333333333332, 27.075833333333332], [93.62333333333332, 27.076666666666668], [93.62416666666667, 27.076666666666668], [93.62416666666667, 27.075833333333332], [93.62416666666667, 27.075], [93.62333333333332, 27.075], [93.62249999999999, 27.075], [93.62249999999999, 27.074166666666667], [93.62249999999999, 27.073333333333334], [93.62249999999999, 27.0725], [93.62333333333332, 27.0725], [93.62416666666667, 27.0725]]]}}, {"type": "Feature", "properties": {"product": "forest_loss", "area_ha": 8.4}, "geometry": {"type": "Polygon", "coordinates": [[[93.62333333333332, 27.083333333333332], [93.62333333333332, 27.0825], [93.62249999999999, 27.0825], [93.62249999999999, 27.081666666666667], [93.62166666666666, 27.081666666666667], [93.62166666666666, 27.080833333333334], [93.62083333333332, 27.080833333333334], [93.61999999999999, 27.080833333333334], [93.61916666666666, 27.080833333333334], [93.61916666666666, 27.081666666666667], [93.61999999999999, 27.081666666666667], [93.61999999999999, 27.0825], [93.61916666666666, 27.0825], [93.61916666666666, 27.083333333333332], [93.61999999999999, 27.083333333333332], [93.62083333333332, 27.083333333333332], [93.62166666666666, 27.083333333333332], [93.62249999999999, 27.083333333333332], [93.62333333333332, 27.083333333333332]]]}}, {"type": "Feature", "properties": {"product": "forest_loss", "area_ha": 9.16}, "geometry": {"type": "Polygon", "coordinates": [[[93.62249999999999, 27.089166666666667], [93.62333333333332, 27.089166666666667], [93.62333333333332, 27.088333333333335], [93.62333333333332, 27.0875], [93.62416666666667, 27.0875], [93.62416666666667, 27.088333333333335], [93.625, 27.088333333333335], [93.62583333333333, 27.088333333333335], [93.62666666666667, 27.088333333333335], [93.62666666666667, 27.0875], [93.62583333333333, 27.0875], [93.62583333333333, 27.086666666666666], [93.625, 27.086666666666666], [93.62416666666667, 27.086666666666666], [93.62333333333332, 27.086666666666666], [93.62249999999999, 27.086666666666666], [93.62166666666666, 27.086666666666666], [93.62166666666666, 27.0875], [93.62166666666666, 27.088333333333335], [93.62166666666666, 27.089166666666667], [93.62249999999999, 27.089166666666667]]]}}, {"type": "Feature", "properties": {"product": "forest_loss", "area_ha": 9.15}, "geometry": {"type": "Polygon", "coordinates": [[[93.62249999999999, 27.145833333333332], [93.62333333333332, 27.145833333333332], [93.62416666666667, 27.145833333333332], [93.62416666666667, 27.145], [93.625, 27.145], [93.625, 27.145833333333332], [93.62583333333333, 27.145833333333332], [93.62666666666667, 27.145833333333332], [93.62666666666667, 27.145], [93.62666666666667, 27.144166666666667], [93.62583333333333, 27.144166666666667], [93.625, 27.144166666666667], [93.62416666666667, 27.144166666666667], [93.62333333333332, 27.144166666666667], [93.62249999999999, 27.144166666666667], [93.62166666666666, 27.144166666666667], [93.62083333333332, 27.144166666666667], [93.61999999999999, 27.144166666666667], [93.61999999999999, 27.145], [93.62083333333332, 27.145], [93.62166666666666, 27.145], [93.62249999999999, 27.145], [93.62249999999999, 27.145833333333332]]]}}, {"type": "Feature", "properties": {"product": "forest_loss", "area_ha": 19.87}, "geometry": {"type": "Polygon", "coordinates": [[[93.62583333333333, 26.953333333333333], [93.62583333333333, 26.954166666666666], [93.62583333333333, 26.955], [93.625, 26.955], [93.62416666666667, 26.955], [93.62416666666667, 26.955833333333334], [93.62416666666667, 26.956666666666667], [93.62416666666667, 26.9575], [93.62416666666667, 26.958333333333332], [93.62416666666667, 26.95916666666667], [93.625, 26.95916666666667], [93.625, 26.958333333333332], [93.625, 26.9575], [93.62583333333333, 26.9575], [93.62583333333333, 26.956666666666667], [93.62666666666667, 26.956666666666667], [93.62666666666667, 26.955833333333334], [93.62666666666667, 26.955], [93.6275, 26.955], [93.62833333333333, 26.955], [93.62833333333333, 26.954166666666666], [93.62833333333333, 26.953333333333333], [93.62833333333333, 26.9525], [93.6275, 26.9525], [93.6275, 26.951666666666668], [93.6275, 26.950833333333332], [93.62666666666667, 26.950833333333332], [93.62666666666667, 26.95], [93.62583333333333, 26.95], [93.62583333333333, 26.950833333333332], [93.625, 26.950833333333332], [93.625, 26.951666666666668], [93.62583333333333, 26.951666666666668], [93.62583333333333, 26.9525], [93.625, 26.9525], [93.625, 26.953333333333333], [93.62583333333333, 26.953333333333333]]]}}, {"type": "Feature", "properties": {"product": "forest_loss", "area_ha": 18.33}, "geometry": {"type": "Polygon", "coordinates": [[[93.62583333333333, 26.975833333333334], [93.62583333333333, 26.976666666666667], [93.62666666666667, 26.976666666666667], [93.62666666666667, 26.9775], [93.6275, 26.9775], [93.6275, 26.97833333333333], [93.62833333333333, 26.97833333333333], [93.62916666666666, 26.97833333333333], [93.62916666666666, 26.9775], [93.62833333333333, 26.9775], [93.62833333333333, 26.976666666666667], [93.62833333333333, 26.975833333333334], [93.62916666666666, 26.975833333333334], [93.62916666666666, 26.975], [93.63, 26.975], [93.63, 26.974166666666665], [93.63083333333333, 26.974166666666665], [93.63166666666666, 26.974166666666665], [93.6325, 26.974166666666665], [93.6325, 26.975], [93.63333333333333, 26.975], [93.63333333333333, 26.974166666666665], [93.63333333333333, 26.973333333333333], [93.6325, 26.973333333333333], [93.63166666666666, 26.973333333333333], [93.63083333333333, 26.973333333333333], [93.63, 26.973333333333333], [93.63, 26.9725], [93.63, 26.971666666666668], [93.63, 26.970833333333335], [93.63, 26.97], [93.62916666666666, 26.97], [93.62916666666666, 26.970833333333335], [93.62916666666666, 26.971666666666668], [93.62916666666666, 26.9725], [93.62916666666666, 26.973333333333333], [93.62833333333333, 26.973333333333333], [93.62833333333333, 26.974166666666665], [93.62833333333333, 26.975], [93.6275, 26.975], [93.6275, 26.974166666666665], [93.62666666666667, 26.974166666666665], [93.62666666666667, 26.975], [93.62666666666667, 26.975833333333334], [93.62583333333333, 26.975833333333334]]]}}, {"type": "Feature", "properties": {"product": "forest_loss", "area_ha": 12.22}, "geometry": {"type": "Polygon", "coordinates": [[[93.63083333333333, 26.981666666666666], [93.63083333333333, 26.980833333333333], [93.63083333333333, 26.98], [93.63, 26.98], [93.62916666666666, 26.98], [93.62833333333333, 26.98], [93.6275, 26.98], [93.6275, 26.979166666666668], [93.62666666666667, 26.979166666666668], [93.62666666666667, 26.97833333333333], [93.62583333333333, 26.97833333333333], [93.62583333333333, 26.979166666666668], [93.62583333333333, 26.98], [93.62666666666667, 26.98], [93.62666666666667, 26.980833333333333], [93.62666666666667, 26.981666666666666], [93.6275, 26.981666666666666], [93.62833333333333, 26.981666666666666], [93.62833333333333, 26.9825], [93.62916666666666, 26.9825], [93.63, 26.9825], [93.63083333333333, 26.9825], [93.63083333333333, 26.981666666666666]]]}}, {"type": "Feature", "properties": {"product": "forest_loss", "area_ha": 18.33}, "geometry": {"type": "Polygon", "coordinates": [[[93.6275, 26.996666666666666], [93.62833333333333, 26.996666666666666], [93.62916666666666, 26.996666666666666], [93.62916666666666, 26.9975], [93.62916666666666, 26.998333333333335], [93.62916666666666, 26.999166666666667], [93.62916666666666, 27.0], [93.63, 27.0], [93.63, 27.000833333333333], [93.63, 27.001666666666665], [93.63083333333333, 27.001666666666665], [93.63083333333333, 27.000833333333333], [93.63083333333333, 27.0], [93.63083333333333, 26.999166666666667], [93.63166666666666, 26.999166666666667], [93.63166666666666, 26.998333333333335], [93.63166666666666, 26.9975], [93.63083333333333, 26.9975], [93.63, 26.9975], [93.63, 26.996666666666666], [93.63, 26.995833333333334], [93.62916666666666, 26.995833333333334], [93.62833333333333, 26.995833333333334], [93.62833333333333, 26.995], [93.62833333333333, 26.994166666666665], [93.6275, 26.994166666666665], [93.6275, 26.993333333333332], [93.62666666666667, 26.993333333333332], [93.62583333333333, 26.993333333333332], [93.62583333333333, 26.994166666666665], [93.625, 26.994166666666665], [93.62416666666667, 26.994166666666665], [93.62416666666667, 26.995], [93.625, 26.995], [93.62583333333333, 26.995], [93.62583333333333, 26.995833333333334], [93.62666666666667, 26.995833333333334], [93.6275, 26.995833333333334], [93.6275, 26.996666666666666]]]}}, {"type": "Feature", "properties": {"product": "forest_loss", "area_ha": 9.93}, "geometry": {"type": "Polygon", "coordinates": [[[93.62916666666666, 27.0175], [93.63, 27.0175], [93.63, 27.016666666666666], [93.63, 27.015833333333333], [93.62916666666666, 27.015833333333333], [93.62916666666666, 27.015], [93.62916666666666, 27.014166666666668], [93.62833333333333, 27.014166666666668], [93.6275, 27.014166666666668], [93.6275, 27.013333333333332], [93.62666666666667, 27.013333333333332], [93.62666666666667, 27.0125], [93.62583333333333, 27.0125], [93.62583333333333, 27.013333333333332], [93.62583333333333, 27.014166666666668], [93.62666666666667, 27.014166666666668], [93.62666666666667, 27.015], [93.6275, 27.015], [93.6275, 27.015833333333333], [93.62833333333333, 27.015833333333333], [93.62833333333333, 27.016666666666666], [93.62833333333333, 27.0175], [93.62833333333333, 27.018333333333334], [93.62916666666666, 27.018333333333334], [93.62916666666666, 27.0175]]]}}, {"type": "Feature", "properties": {"product": "forest_loss", "area_ha": 7.63}, "geometry": {"type": "Polygon", "coordinates": [[[93.62916666666666, 27.036666666666665], [93.62916666666666, 27.035833333333333], [93.62833333333333, 27.035833333333333], [93.6275, 27.035833333333333], [93.62666666666667, 27.035833333333333], [93.62583333333333, 27.035833333333333], [93.62583333333333, 27.035], [93.625, 27.035], [93.625, 27.035833333333333], [93.625, 27.036666666666665], [93.62416666666667, 27.036666666666665], [93.62416666666667, 27.0375], [93.625, 27.0375], [93.625, 27.038333333333334], [93.62583333333333, 27.038333333333334], [93.62583333333333, 27.0375], [93.62666666666667, 27.0375], [93.62666666666667, 27.036666666666665], [93.6275, 27.036666666666665], [93.62833333333333, 27.036666666666665], [93.62916666666666, 27.036666666666665]]]}}, {"type": "Feature", "properties": {"product": "forest_loss", "area_ha": 29.77}, "geometry": {"type": "Polygon", "coordinates": [[[93.62666666666667, 27.065833333333334], [93.6275, 27.065833333333334], [93.62833333333333, 27.065833333333334], [93.62916666666666, 27.065833333333334], [93.63, 27.065833333333334], [93.63, 27.066666666666666], [93.63083333333333, 27.066666666666666], [93.63083333333333, 27.065833333333334], [93.63166666666666, 27.065833333333334], [93.63166666666666, 27.066666666666666], [93.63166666666666, 27.0675], [93.6325, 27.0675], [93.6325, 27.066666666666666], [93.63333333333333, 27.066666666666666], [93.63333333333333, 27.0675], [93.63416666666666, 27.0675], [93.63499999999999, 27.0675], [93.63499999999999, 27.06833333333333], [93.63583333333332, 27.06833333333333], [93.63666666666666, 27.06833333333333], [93.63666666666666, 27.0675], [93.63666666666666, 27.066666666666666], [93.63666666666666, 27.065833333333334], [93.63583333333332, 27.065833333333334], [93.63583333333332, 27.065], [93.63499999999999, 27.065], [93.63499999999999, 27.065833333333334], [93.63416666666666, 27.065833333333334], [93.63416666666666, 27.065], [93.63416666666666, 27.064166666666665], [93.63333333333333, 27.064166666666665], [93.63333333333333, 27.063333333333333], [93.6325, 27.063333333333333], [93.63166666666666, 27.063333333333333], [93.63166666666666, 27.064166666666665], [93.6325, 27.064166666666665], [93.6325, 27.065], [93.63166666666666, 27.065], [93.63083333333333, 27.065], [93.63, 27.065], [93.63, 27.064166666666665], [93.62916666666666, 27.064166666666665], [93.62916666666666, 27.065], [93.62833333333333, 27.065], [93.62833333333333, 27.064166666666665], [93.62833333333333, 27.063333333333333], [93.6275, 27.063333333333333], [93.62666666666667, 27.063333333333333], [93.62583333333333, 27.063333333333333], [93.625, 27.063333333333333], [93.625, 27.064166666666665], [93.625, 27.065], [93.62416666666667, 27.065], [93.62416666666667, 27.065833333333334], [93.625, 27.065833333333334], [93.62583333333333, 27.065833333333334], [93.62666666666667, 27.065833333333334]], [[93.63499999999999, 27.066666666666666], [93.63583333333332, 27.066666666666666], [93.63583333333332, 27.0675], [93.63499999999999, 27.0675], [93.63499999999999, 27.066666666666666]]]}}, {"type": "Feature", "properties": {"product": "forest_loss", "area_ha": 12.97}, "geometry": {"type": "Polygon", "coordinates": [[[93.63083333333333, 27.0775], [93.63083333333333, 27.076666666666668], [93.63083333333333, 27.075833333333332], [93.63083333333333, 27.075], [93.63083333333333, 27.074166666666667], [93.63083333333333, 27.073333333333334], [93.63, 27.073333333333334], [93.63, 27.074166666666667], [93.63, 27.075], [93.62916666666666, 27.075], [93.62833333333333, 27.075], [93.62833333333333, 27.074166666666667], [93.62833333333333, 27.073333333333334], [93.62833333333333, 27.0725], [93.6275, 27.0725], [93.62666666666667, 27.0725], [93.62666666666667, 27.073333333333334], [93.6275, 27.073333333333334], [93.6275, 27.074166666666667], [93.6275, 27.075], [93.6275, 27.075833333333332], [93.6275, 27.076666666666668], [93.6275, 27.0775], [93.62833333333333, 27.0775], [93.62916666666666, 27.0775], [93.62916666666666, 27.076666666666668], [93.63, 27.076666666666668], [93.63, 27.0775], [93.63083333333333, 27.0775]]]}}, {"type": "Feature", "properties": {"product": "forest_loss", "area_ha": 16.02}, "geometry": {"type": "Polygon", "coordinates": [[[93.62249999999999, 27.115833333333335], [93.62333333333332, 27.115833333333335], [93.62416666666667, 27.115833333333335], [93.625, 27.115833333333335], [93.62583333333333, 27.115833333333335], [93.62666666666667, 27.115833333333335], [93.62666666666667, 27.115], [93.6275, 27.115], [93.6275, 27.114166666666666], [93.62833333333333, 27.114166666666666], [93.62833333333333, 27.113333333333333], [93.6275, 27.113333333333333], [93.6275, 27.1125], [93.62833333333333, 27.1125], [93.62833333333333, 27.111666666666668], [93.6275, 27.111666666666668], [93.62666666666667, 27.111666666666668], [93.62666666666667, 27.1125], [93.62583333333333, 27.1125], [93.62583333333333, 27.113333333333333], [93.625, 27.113333333333333], [93.625, 27.114166666666666], [93.62416666666667, 27.114166666666666], [93.62416666666667, 27.113333333333333], [93.62333333333332, 27.113333333333333], [93.62249999999999, 27.113333333333333], [93.62249999999999, 27.114166666666666], [93.62249999999999, 27.115], [93.62249999999999, 27.115833333333335]]]}}, {"type": "Feature", "properties": {"product": "forest_loss", "area_ha": 8.39}, "geometry": {"type": "Polygon", "coordinates": [[[93.625, 27.125833333333333], [93.625, 27.126666666666665], [93.625, 27.1275], [93.62583333333333, 27.1275], [93.62666666666667, 27.1275], [93.62666666666667, 27.126666666666665], [93.6275, 27.126666666666665], [93.62833333333333, 27.126666666666665], [93.62833333333333, 27.1275], [93.62916666666666, 27.1275], [93.63, 27.1275], [93.63083333333333, 27.1275], [93.63083333333333, 27.126666666666665], [93.63, 27.126666666666665], [93.63, 27.125833333333333], [93.62916666666666, 27.125833333333333], [93.62833333333333, 27.125833333333333], [93.6275, 27.125833333333333], [93.62666666666667, 27.125833333333333], [93.62583333333333, 27.125833333333333], [93.625, 27.125833333333333]]]}}, {"type": "Feature", "properties": {"product": "forest_loss", "area_ha": 12.96}, "geometry": {"type": "Polygon", "coordinates": [[[93.62833333333333, 27.196666666666665], [93.62833333333333, 27.1975], [93.62916666666666, 27.1975], [93.63, 27.1975], [93.63083333333333, 27.1975], [93.63166666666666, 27.1975], [93.63166666666666, 27.198333333333334], [93.6325, 27.198333333333334], [93.63333333333333, 27.198333333333334], [93.63333333333333, 27.1975], [93.6325, 27.1975], [93.6325, 27.196666666666665], [93.6325, 27.195833333333333], [93.63166666666666, 27.195833333333333], [93.63083333333333, 27.195833333333333], [93.63083333333333, 27.196666666666665], [93.63, 27.196666666666665], [93.63, 27.195833333333333], [93.62916666666666, 27.195833333333333], [93.62916666666666, 27.195], [93.62916666666666, 27.194166666666668], [93.62833333333333, 27.194166666666668], [93.6275, 27.194166666666668], [93.62666666666667, 27.194166666666668], [93.62666666666667, 27.195], [93.62666666666667, 27.195833333333333], [93.6275, 27.195833333333333], [93.6275, 27.196666666666665], [93.62833333333333, 27.196666666666665]], [[93.6275, 27.195], [93.62833333333333, 27.195], [93.62833333333333, 27.195833333333333], [93.6275, 27.195833333333333], [93.6275, 27.195]]]}}, {"type": "Feature", "properties": {"product": "forest_loss", "area_ha": 9.18}, "geometry": {"type": "Polygon", "coordinates": [[[93.63, 26.855833333333333], [93.63083333333333, 26.855833333333333], [93.63166666666666, 26.855833333333333], [93.6325, 26.855833333333333], [93.6325, 26.855], [93.63166666666666, 26.855], [93.63083333333333, 26.855], [93.63083333333333, 26.854166666666668], [93.63083333333333, 26.85333333333333], [93.63, 26.85333333333333], [93.62916666666666, 26.85333333333333], [93.62833333333333, 26.85333333333333], [93.62833333333333, 26.854166666666668], [93.6275, 26.854166666666668], [93.6275, 26.855], [93.62833333333333, 26.855], [93.62833333333333, 26.855833333333333], [93.62916666666666, 26.855833333333333], [93.63, 26.855833333333333]]]}}, {"type": "Feature", "properties": {"product": "forest_loss", "area_ha": 32.86}, "geometry": {"type": "Polygon", "coordinates": [[[93.63499999999999, 26.945], [93.63499999999999, 26.945833333333333], [93.63583333333332, 26.945833333333333], [93.63666666666666, 26.945833333333333], [93.63749999999999, 26.945833333333333], [93.63749999999999, 26.945], [93.63749999999999, 26.944166666666668], [93.63749999999999, 26.94333333333333], [93.63666666666666, 26.94333333333333], [93.63666666666666, 26.9425], [93.63749999999999, 26.9425], [93.63833333333332, 26.9425], [93.63916666666667, 26.9425], [93.63916666666667, 26.941666666666666], [93.64, 26.941666666666666], [93.64, 26.940833333333334], [93.64083333333333, 26.940833333333334], [93.64166666666667, 26.940833333333334], [93.64166666666667, 26.94], [93.64083333333333, 26.94], [93.64, 26.94], [93.63916666666667, 26.94], [93.63916666666667, 26.939166666666665], [93.63916666666667, 26.938333333333333], [93.63833333333332, 26.938333333333333], [93.63833333333332, 26.939166666666665], [93.63749999999999, 26.939166666666665], [93.63749999999999, 26.94], [93.63749999999999, 26.940833333333334], [93.63666666666666, 26.940833333333334], [93.63666666666666, 26.941666666666666], [93.63583333333332, 26.941666666666666], [93.63583333333332, 26.940833333333334], [93.63499999999999, 26.940833333333334], [93.63499999999999, 26.941666666666666], [93.63416666666666, 26.941666666666666], [93.63416666666666, 26.9425], [93.63416666666666, 26.94333333333333], [93.63333333333333, 26.94333333333333], [93.63333333333333, 26.944166666666668], [93.6325, 26.944166666666668], [93.6325, 26.945], [93.63166666666666, 26.945], [93.63166666666666, 26.944166666666668], [93.63166666666666, 26.94333333333333], [93.6325, 26.94333333333333], [93.6325, 26.9425], [93.63166666666666, 26.9425], [93.63083333333333, 26.9425], [93.63083333333333, 26.94333333333333], [93.63083333333333, 26.944166666666668], [93.63083333333333, 26.945], [93.63083333333333, 26.945833333333333], [93.63166666666666, 26.945833333333333], [93.6325, 26.945833333333333], [93.63333333333333, 26.945833333333333], [93.63333333333333, 26.945], [93.63416666666666, 26.945], [93.63499999999999, 26.945]]]}}, {"type": "Feature", "properties": {"product": "forest_loss", "area_ha": 6.11}, "geometry": {"type": "Polygon", "coordinates": [[[93.63416666666666, 26.955833333333334], [93.63416666666666, 26.956666666666667], [93.63499999999999, 26.956666666666667], [93.63499999999999, 26.955833333333334], [93.63583333333332, 26.955833333333334], [93.63666666666666, 26.955833333333334], [93.63666666666666, 26.955], [93.63583333333332, 26.955], [93.63583333333332, 26.954166666666666], [93.63583333333332, 26.953333333333333], [93.63499999999999, 26.953333333333333], [93.63416666666666, 26.953333333333333], [93.63416666666666, 26.954166666666666], [93.63499999999999, 26.954166666666666], [93.63499999999999, 26.955], [93.63416666666666, 26.955], [93.63333333333333, 26.955], [93.63333333333333, 26.955833333333334], [93.63416666666666, 26.955833333333334]]]}}, {"type": "Feature", "properties": {"product": "forest_loss", "area_ha": 63.41}, "geometry": {"type": "Polygon", "coordinates": [[[93.63416666666666, 26.966666666666665], [93.63416666666666, 26.9675], [93.63333333333333, 26.9675], [93.63333333333333, 26.968333333333334], [93.63333333333333, 26.969166666666666], [93.63333333333333, 26.97], [93.63333333333333, 26.970833333333335], [93.63416666666666, 26.970833333333335], [93.63499999999999, 26.970833333333335], [93.63499999999999, 26.971666666666668], [93.63499999999999, 26.9725], [93.63416666666666, 26.9725], [93.63333333333333, 26.9725], [93.63333333333333, 26.973333333333333], [93.63416666666666, 26.973333333333333], [93.63416666666666, 26.974166666666665], [93.63416666666666, 26.975], [93.63416666666666, 26.975833333333334], [93.63499999999999, 26.975833333333334], [93.63499999999999, 26.975], [93.63499999999999, 26.974166666666665], [93.63499999999999, 26.973333333333333], [93.63583333333332, 26.973333333333333], [93.63666666666666, 26.973333333333333], [93.63666666666666, 26.9725], [93.63666666666666, 26.971666666666668], [93.63749999999999, 26.971666666666668], [93.63749999999999, 26.970833333333335], [93.63833333333332, 26.970833333333335], [93.63916666666667, 26.970833333333335], [93.63916666666667, 26.971666666666668], [93.63916666666667, 26.9725], [93.64, 26.9725], [93.64083333333333, 26.9725], [93.64083333333333, 26.971666666666668], [93.64166666666667, 26.971666666666668], [93.6425, 26.971666666666668], [93.64333333333333, 26.971666666666668], [93.64333333333333, 26.970833333333335], [93.6425, 26.970833333333335], [93.6425, 26.97], [93.64333333333333, 26.97], [93.64333333333333, 26.969166666666666], [93.64333333333333, 26.968333333333334], [93.64416666666666, 26.968333333333334], [93.645, 26.968333333333334], [93.645, 26.9675], [93.64416666666666, 26.9675], [93.64333333333333, 26.9675], [93.64333333333333, 26.966666666666665], [93.6425, 26.966666666666665], [93.6425, 26.965833333333332], [93.64166666666667, 26.965833333333332], [93.64083333333333, 26.965833333333332], [93.64083333333333, 26.966666666666665], [93.64083333333333, 26.9675], [93.64, 26.9675], [93.64, 26.968333333333334], [93.63916666666667, 26.968333333333334], [93.63916666666667, 26.9675], [93.63916666666667, 26.966666666666665], [93.64, 26.966666666666665], [93.64, 26.965833333333332], [93.63916666666667, 26.965833333333332], [93.63833333333332, 26.965833333333332], [93.63749999999999, 26.965833333333332], [93.63666666666666, 26.965833333333332], [93.63666666666666, 26.965], [93.63583333333332, 26.965], [93.63583333333332, 26.965833333333332], [93.63499999999999, 26.965833333333332], [93.63416666666666, 26.965833333333332], [93.63333333333333, 26.965833333333332], [93.63333333333333, 26.966666666666665], [93.63416666666666, 26.966666666666665]], [[93.6425, 26.9675], [93.64166666666667, 26.9675], [93.64166666666667, 26.966666666666665], [93.6425, 26.966666666666665], [93.6425, 26.9675]], [[93.63916666666667, 26.969166666666666], [93.63833333333332, 26.969166666666666], [93.63833333333332, 26.968333333333334], [93.63916666666667, 26.968333333333334], [93.63916666666667, 26.969166666666666]], [[93.64, 26.969166666666666], [93.64, 26.97], [93.63916666666667, 26.97], [93.63916666666667, 26.969166666666666], [93.64, 26.969166666666666]], [[93.63833333333332, 26.97], [93.63749999999999, 26.97], [93.63749999999999, 26.969166666666666], [93.63833333333332, 26.969166666666666], [93.63833333333332, 26.97]]]}}, {"type": "Feature", "properties": {"product": "forest_loss", "area_ha": 6.11}, "geometry": {"type": "Polygon", "coordinates": [[[93.6325, 27.001666666666665], [93.6325, 27.0025], [93.63333333333333, 27.0025], [93.63416666666666, 27.0025], [93.63499999999999, 27.0025], [93.63499999999999, 27.003333333333334], [93.63583333333332, 27.003333333333334], [93.63583333333332, 27.0025], [93.63583333333332, 27.001666666666665], [93.63499999999999, 27.001666666666665], [93.63499999999999, 27.000833333333333], [93.63416666666666, 27.000833333333333], [93.63333333333333, 27.000833333333333], [93.6325, 27.000833333333333], [93.6325, 27.001666666666665]]]}}, {"type": "Feature", "properties": {"product": "forest_loss", "area_ha": 8.4}, "geometry": {"type": "Polygon", "coordinates": [[[93.63499999999999, 27.0625], [93.63583333333332, 27.0625], [93.63583333333332, 27.063333333333333], [93.63666666666666, 27.063333333333333], [93.63749999999999, 27.063333333333333], [93.63833333333332, 27.063333333333333], [93.63833333333332, 27.064166666666665], [93.63916666666667, 27.064166666666665], [93.63916666666667, 27.063333333333333], [93.63916666666667, 27.0625], [93.63833333333332, 27.0625], [93.63749999999999, 27.0625], [93.63749999999999, 27.061666666666667], [93.63666666666666, 27.061666666666667], [93.63666666666666, 27.060833333333335], [93.63583333333332, 27.060833333333335], [93.63499999999999, 27.060833333333335], [93.63499999999999, 27.061666666666667], [93.63416666666666, 27.061666666666667], [93.63416666666666, 27.0625], [93.63499999999999, 27.0625]]]}}, {"type": "Feature", "properties": {"product": "forest_loss", "area_ha": 11.45}, "geometry": {"type": "Polygon", "coordinates": [[[93.63083333333333, 27.080833333333334], [93.63166666666666, 27.080833333333334], [93.6325, 27.080833333333334], [93.63333333333333, 27.080833333333334], [93.63333333333333, 27.08], [93.6325, 27.08], [93.6325, 27.079166666666666], [93.63166666666666, 27.079166666666666], [93.63166666666666, 27.078333333333333], [93.6325, 27.078333333333333], [93.63333333333333, 27.078333333333333], [93.63333333333333, 27.0775], [93.63416666666666, 27.0775], [93.63416666666666, 27.076666666666668], [93.63333333333333, 27.076666666666668], [93.63333333333333, 27.075833333333332], [93.6325, 27.075833333333332], [93.6325, 27.076666666666668], [93.6325, 27.0775], [93.63166666666666, 27.0775], [93.63083333333333, 27.0775], [93.63083333333333, 27.078333333333333], [93.63, 27.078333333333333], [93.62916666666666, 27.078333333333333], [93.62916666666666, 27.079166666666666], [93.63, 27.079166666666666], [93.63, 27.08], [93.63083333333333, 27.08], [93.63083333333333, 27.080833333333334]]]}}, {"type": "Feature", "properties": {"product": "forest_loss", "area_ha": 9.15}, "geometry": {"type": "Polygon", "coordinates": [[[93.63, 27.191666666666666], [93.63, 27.1925], [93.63, 27.19333333333333], [93.63, 27.194166666666668], [93.63, 27.195], [93.63, 27.195833333333333], [93.63083333333333, 27.195833333333333], [93.63083333333333, 27.195], [93.63083333333333, 27.194166666666668], [93.63083333333333, 27.19333333333333], [93.63083333333333, 27.1925], [93.63083333333333, 27.191666666666666], [93.63166666666666, 27.191666666666666], [93.6325, 27.191666666666666], [93.63333333333333, 27.191666666666666], [93.63333333333333, 27.190833333333334], [93.6325, 27.190833333333334], [93.63166666666666, 27.190833333333334], [93.63166666666666, 27.19], [93.63083333333333, 27.19], [93.63083333333333, 27.190833333333334], [93.63, 27.190833333333334], [93.62916666666666, 27.190833333333334], [93.62833333333333, 27.190833333333334], [93.62833333333333, 27.191666666666666], [93.62916666666666, 27.191666666666666], [93.63, 27.191666666666666]]]}}, {"type": "Feature", "properties": {"product": "forest_loss", "area_ha": 28.97}, "geometry": {"type": "Polygon", "coordinates": [[[93.63416666666666, 27.2], [93.63416666666666, 27.200833333333332], [93.63499999999999, 27.200833333333332], [93.63499999999999, 27.201666666666668], [93.63499999999999, 27.2025], [93.63583333333332, 27.2025], [93.63583333333332, 27.201666666666668], [93.63583333333332, 27.200833333333332], [93.63583333333332, 27.2], [93.63583333333332, 27.199166666666667], [93.63583333333332, 27.198333333333334], [93.63666666666666, 27.198333333333334], [93.63749999999999, 27.198333333333334], [93.63749999999999, 27.1975], [93.63749999999999, 27.196666666666665], [93.63833333333332, 27.196666666666665], [93.63833333333332, 27.1975], [93.63916666666667, 27.1975], [93.63916666666667, 27.196666666666665], [93.63916666666667, 27.195833333333333], [93.64, 27.195833333333333], [93.64, 27.195], [93.64, 27.194166666666668], [93.63916666666667, 27.194166666666668], [93.63916666666667, 27.19333333333333], [93.64, 27.19333333333333], [93.64, 27.1925], [93.63916666666667, 27.1925], [93.63916666666667, 27.191666666666666], [93.63833333333332, 27.191666666666666], [93.63833333333332, 27.190833333333334], [93.63749999999999, 27.190833333333334], [93.63666666666666, 27.190833333333334], [93.63666666666666, 27.191666666666666], [93.63749999999999, 27.191666666666666], [93.63749999999999, 27.1925], [93.63749999999999, 27.19333333333333], [93.63833333333332, 27.19333333333333], [93.63833333333332, 27.194166666666668], [93.63749999999999, 27.194166666666668], [93.63749999999999, 27.195], [93.63666666666666, 27.195], [93.63583333333332, 27.195], [93.63499999999999, 27.195], [93.63416666666666, 27.195], [93.63416666666666, 27.195833333333333], [93.63499999999999, 27.195833333333333], [93.63499999999999, 27.196666666666665], [93.63499999999999, 27.1975], [93.63499999999999, 27.198333333333334], [93.63499999999999, 27.199166666666667], [93.63416666666666, 27.199166666666667], [93.63333333333333, 27.199166666666667], [93.6325, 27.199166666666667], [93.6325, 27.2], [93.63333333333333, 27.2], [93.63416666666666, 27.2]], [[93.63666666666666, 27.196666666666665], [93.63666666666666, 27.1975], [93.63583333333332, 27.1975], [93.63583333333332, 27.196666666666665], [93.63666666666666, 27.196666666666665]]]}}, {"type": "Feature", "properties": {"product": "forest_loss", "area_ha": 7.64}, "geometry": {"type": "Polygon", "coordinates": [[[93.64083333333333, 26.926666666666666], [93.64083333333333, 26.9275], [93.64166666666667, 26.9275], [93.64166666666667, 26.926666666666666], [93.64166666666667, 26.925833333333333], [93.64166666666667, 26.925], [93.64166666666667, 26.924166666666668], [93.64166666666667, 26.923333333333332], [93.64083333333333, 26.923333333333332], [93.64, 26.923333333333332], [93.64, 26.924166666666668], [93.63916666666667, 26.924166666666668], [93.63916666666667, 26.925], [93.64, 26.925], [93.64, 26.925833333333333], [93.64, 26.926666666666666], [93.64083333333333, 26.926666666666666]]]}}, {"type": "Feature", "properties": {"product": "forest_loss", "area_ha": 26.74}, "geometry": {"type": "Polygon", "coordinates": [[[93.63583333333332, 26.976666666666667], [93.63583333333332, 26.9775], [93.63666666666666, 26.9775], [93.63749999999999, 26.9775], [93.63749999999999, 26.976666666666667], [93.63833333333332, 26.976666666666667], [93.63916666666667, 26.976666666666667], [93.63916666666667, 26.975833333333334], [93.64, 26.975833333333334], [93.64083333333333, 26.975833333333334], [93.64166666666667, 26.975833333333334], [93.64166666666667, 26.976666666666667], [93.64166666666667, 26.9775], [93.64083333333333, 26.9775], [93.64, 26.9775], [93.64, 26.97833333333333], [93.64083333333333, 26.97833333333333], [93.64166666666667, 26.97833333333333], [93.64166666666667, 26.979166666666668], [93.6425, 26.979166666666668], [93.64333333333333, 26.979166666666668], [93.64333333333333, 26.97833333333333], [93.64333333333333, 26.9775], [93.64333333333333, 26.976666666666667], [93.64416666666666, 26.976666666666667], [93.64416666666666, 26.9775], [93.64416666666666, 26.97833333333333], [93.645, 26.97833333333333], [93.64583333333333, 26.97833333333333], [93.64583333333333, 26.9775], [93.64583333333333, 26.976666666666667], [93.645, 26.976666666666667], [93.645, 26.975833333333334], [93.64416666666666, 26.975833333333334], [93.64333333333333, 26.975833333333334], [93.6425, 26.975833333333334], [93.6425, 26.975], [93.64166666666667, 26.975], [93.64083333333333, 26.975], [93.64083333333333, 26.974166666666665], [93.64083333333333, 26.973333333333333], [93.64, 26.973333333333333], [93.63916666666667, 26.973333333333333], [93.63916666666667, 26.974166666666665], [93.63916666666667, 26.975], [93.63833333333332, 26.975], [93.63833333333332, 26.974166666666665], [93.63749999999999, 26.974166666666665], [93.63666666666666, 26.974166666666665], [93.63583333333332, 26.974166666666665], [93.63583333333332, 26.975], [93.63666666666666, 26.975], [93.63666666666666, 26.975833333333334], [93.63666666666666, 26.976666666666667], [93.63583333333332, 26.976666666666667]]]}}, {"type": "Feature", "properties": {"product": "forest_loss", "area_ha": 6.11}, "geometry": {"type": "Polygon", "coordinates": [[[93.64083333333333, 27.065], [93.64, 27.065], [93.64, 27.064166666666665], [93.63916666666667, 27.064166666666665], [93.63916666666667, 27.065], [93.63833333333332, 27.065], [93.63833333333332, 27.065833333333334], [93.63833333333332, 27.066666666666666], [93.63916666666667, 27.066666666666666], [93.63916666666667, 27.0675], [93.64, 27.0675], [93.64, 27.066666666666666], [93.64083333333333, 27.066666666666666], [93.64083333333333, 27.065833333333334], [93.64083333333333, 27.065]]]}}, {"type": "Feature", "properties": {"product": "forest_loss", "area_ha": 12.98}, "geometry": {"type": "Polygon", "coordinates": [[[93.64083333333333, 27.0725], [93.64166666666667, 27.0725], [93.64166666666667, 27.071666666666665], [93.6425, 27.071666666666665], [93.6425, 27.070833333333333], [93.6425, 27.07], [93.64166666666667, 27.07], [93.64166666666667, 27.070833333333333], [93.64083333333333, 27.070833333333333], [93.64, 27.070833333333333], [93.63916666666667, 27.070833333333333], [93.63916666666667, 27.07], [93.63916666666667, 27.069166666666668], [93.64, 27.069166666666668], [93.64083333333333, 27.069166666666668], [93.64083333333333, 27.06833333333333], [93.64, 27.06833333333333], [93.63916666666667, 27.06833333333333], [93.63916666666667, 27.0675], [93.63833333333332, 27.0675], [93.63749999999999, 27.0675], [93.63749999999999, 27.06833333333333], [93.63749999999999, 27.069166666666668], [93.63749999999999, 27.07], [93.63749999999999, 27.070833333333333], [93.63833333333332, 27.070833333333333], [93.63833333333332, 27.071666666666665], [93.63916666666667, 27.071666666666665], [93.64, 27.071666666666665], [93.64083333333333, 27.071666666666665], [93.64083333333333, 27.0725]]]}}, {"type": "Feature", "properties": {"product": "forest_loss", "area_ha": 25.95}, "geometry": {"type": "Polygon", "coordinates": [[[93.63916666666667, 27.08416666666667], [93.64, 27.08416666666667], [93.64, 27.085], [93.63916666666667, 27.085], [93.63916666666667, 27.085833333333333], [93.63916666666667, 27.086666666666666], [93.64, 27.086666666666666], [93.64, 27.085833333333333], [93.64083333333333, 27.085833333333333], [93.64083333333333, 27.085], [93.64083333333333, 27.08416666666667], [93.64166666666667, 27.08416666666667], [93.6425, 27.08416666666667], [93.6425, 27.085], [93.64333333333333, 27.085], [93.64416666666666, 27.085], [93.645, 27.085], [93.645, 27.08416666666667], [93.64583333333333, 27.08416666666667], [93.64666666666666, 27.08416666666667], [93.64666666666666, 27.083333333333332], [93.64583333333333, 27.083333333333332], [93.64583333333333, 27.0825], [93.64583333333333, 27.081666666666667], [93.64583333333333, 27.080833333333334], [93.645, 27.080833333333334], [93.645, 27.081666666666667], [93.64416666666666, 27.081666666666667], [93.64333333333333, 27.081666666666667], [93.64333333333333, 27.080833333333334], [93.6425, 27.080833333333334], [93.6425, 27.08], [93.6425, 27.079166666666666], [93.64166666666667, 27.079166666666666], [93.64166666666667, 27.08], [93.64083333333333, 27.08], [93.64083333333333, 27.080833333333334], [93.64083333333333, 27.081666666666667], [93.64166666666667, 27.081666666666667], [93.6425, 27.081666666666667], [93.6425, 27.0825], [93.64166666666667, 27.0825], [93.64166666666667, 27.083333333333332], [93.64083333333333, 27.083333333333332], [93.64083333333333, 27.0825], [93.64, 27.0825], [93.63916666666667, 27.0825], [93.63916666666667, 27.083333333333332], [93.63833333333332, 27.083333333333332], [93.63833333333332, 27.08416666666667], [93.63916666666667, 27.08416666666667]], [[93.64416666666666, 27.08416666666667], [93.64333333333333, 27.08416666666667], [93.64333333333333, 27.083333333333332], [93.64416666666666, 27.083333333333332], [93.64416666666666, 27.08416666666667]]]}}, {"type": "Feature", "properties": {"product": "forest_loss", "area_ha": 9.16}, "geometry": {"type": "Polygon", "coordinates": [[[93.64166666666667, 27.089166666666667], [93.64166666666667, 27.09], [93.6425, 27.09], [93.64333333333333, 27.09], [93.64416666666666, 27.09], [93.64416666666666, 27.089166666666667], [93.64333333333333, 27.089166666666667], [93.6425, 27.089166666666667], [93.6425, 27.088333333333335], [93.64166666666667, 27.088333333333335], [93.64166666666667, 27.0875], [93.64166666666667, 27.086666666666666], [93.64083333333333, 27.086666666666666], [93.64083333333333, 27.0875], [93.64, 27.0875], [93.64, 27.088333333333335], [93.63916666666667, 27.088333333333335], [93.63916666666667, 27.089166666666667], [93.63916666666667, 27.09], [93.64, 27.09], [93.64083333333333, 27.09], [93.64083333333333, 27.089166666666667], [93.64166666666667, 27.089166666666667]]]}}, {"type": "Feature", "properties": {"product": "forest_loss", "area_ha": 26.71}, "geometry": {"type": "Polygon", "coordinates": [[[93.64083333333333, 27.093333333333334], [93.64083333333333, 27.094166666666666], [93.64, 27.094166666666666], [93.64, 27.095], [93.64083333333333, 27.095], [93.64166666666667, 27.095], [93.6425, 27.095], [93.6425, 27.095833333333335], [93.64333333333333, 27.095833333333335], [93.64333333333333, 27.096666666666668], [93.64333333333333, 27.0975], [93.64416666666666, 27.0975], [93.645, 27.0975], [93.645, 27.098333333333333], [93.645, 27.099166666666665], [93.64583333333333, 27.099166666666665], [93.64583333333333, 27.098333333333333], [93.64583333333333, 27.0975], [93.64583333333333, 27.096666666666668], [93.64583333333333, 27.095833333333335], [93.645, 27.095833333333335], [93.64416666666666, 27.095833333333335], [93.64416666666666, 27.095], [93.645, 27.095], [93.64583333333333, 27.095], [93.64583333333333, 27.094166666666666], [93.64583333333333, 27.093333333333334], [93.64666666666666, 27.093333333333334], [93.64666666666666, 27.0925], [93.64666666666666, 27.091666666666665], [93.64583333333333, 27.091666666666665], [93.645, 27.091666666666665], [93.645, 27.0925], [93.645, 27.093333333333334], [93.64416666666666, 27.093333333333334], [93.64416666666666, 27.0925], [93.64333333333333, 27.0925], [93.6425, 27.0925], [93.6425, 27.091666666666665], [93.6425, 27.090833333333332], [93.64166666666667, 27.090833333333332], [93.64083333333333, 27.090833333333332], [93.64, 27.090833333333332], [93.64, 27.091666666666665], [93.64083333333333, 27.091666666666665], [93.64083333333333, 27.0925], [93.64166666666667, 27.0925], [93.64166666666667, 27.093333333333334], [93.64083333333333, 27.093333333333334]]]}}, {"type": "Feature", "properties": {"product": "forest_loss", "area_ha": 25.17}, "geometry": {"type": "Polygon", "coordinates": [[[93.63499999999999, 27.139166666666668], [93.63583333333332, 27.139166666666668], [93.63583333333332, 27.14], [93.63666666666666, 27.14], [93.63666666666666, 27.140833333333333], [93.63666666666666, 27.141666666666666], [93.63749999999999, 27.141666666666666], [93.63749999999999, 27.140833333333333], [93.63833333333332, 27.140833333333333], [93.63833333333332, 27.14], [93.63749999999999, 27.14], [93.63749999999999, 27.139166666666668], [93.63833333333332, 27.139166666666668], [93.63916666666667, 27.139166666666668], [93.63916666666667, 27.14], [93.64, 27.14], [93.64, 27.140833333333333], [93.64, 27.141666666666666], [93.64083333333333, 27.141666666666666], [93.64083333333333, 27.140833333333333], [93.64083333333333, 27.14], [93.64083333333333, 27.139166666666668], [93.64083333333333, 27.138333333333332], [93.64166666666667, 27.138333333333332], [93.6425, 27.138333333333332], [93.64333333333333, 27.138333333333332], [93.64333333333333, 27.139166666666668], [93.64416666666666, 27.139166666666668], [93.64416666666666, 27.14], [93.645, 27.14], [93.645, 27.139166666666668], [93.64583333333333, 27.139166666666668], [93.64583333333333, 27.138333333333332], [93.645, 27.138333333333332], [93.645, 27.1375], [93.64416666666666, 27.1375], [93.64333333333333, 27.1375], [93.6425, 27.1375], [93.6425, 27.136666666666667], [93.64166666666667, 27.136666666666667], [93.64083333333333, 27.136666666666667], [93.64, 27.136666666666667], [93.63916666666667, 27.136666666666667], [93.63916666666667, 27.1375], [93.63833333333332, 27.1375], [93.63749999999999, 27.1375], [93.63749999999999, 27.138333333333332], [93.63666666666666, 27.138333333333332], [93.63583333333332, 27.138333333333332], [93.63499999999999, 27.138333333333332], [93.63499999999999, 27.139166666666668]]]}}, {"type": "Feature", "properties": {"product": "forest_loss", "area_ha": 7.62}, "geometry": {"type": "Polygon", "coordinates": [[[93.63666666666666, 27.21], [93.63749999999999, 27.21], [93.63749999999999, 27.210833333333333], [93.63833333333332, 27.210833333333333], [93.63833333333332, 27.21], [93.63833333333332, 27.20916666666667], [93.63749999999999, 27.20916666666667], [93.63749999999999, 27.208333333333332], [93.63666666666666, 27.208333333333332], [93.63666666666666, 27.2075], [93.63666666666666, 27.206666666666667], [93.63666666666666, 27.205833333333334], [93.63583333333332, 27.205833333333334], [93.63583333333332, 27.206666666666667], [93.63499999999999, 27.206666666666667], [93.63499999999999, 27.2075], [93.63583333333332, 27.2075], [93.63583333333332, 27.208333333333332], [93.63583333333332, 27.20916666666667], [93.63583333333332, 27.21], [93.63666666666666, 27.21]]]}}, {"type": "Feature", "properties": {"product": "forest_loss", "area_ha": 68.79}, "geometry": {"type": "Polygon", "coordinates": [[[93.64333333333333, 26.9075], [93.64333333333333, 26.908333333333335], [93.64416666666666, 26.908333333333335], [93.645, 26.908333333333335], [93.645, 26.909166666666668], [93.64416666666666, 26.909166666666668], [93.64416666666666, 26.91], [93.64416666666666, 26.910833333333333], [93.64416666666666, 26.911666666666665], [93.64416666666666, 26.9125], [93.64416666666666, 26.913333333333334], [93.64416666666666, 26.914166666666667], [93.64333333333333, 26.914166666666667], [93.64333333333333, 26.915], [93.64333333333333, 26.91583333333333], [93.64333333333333, 26.916666666666668], [93.64333333333333, 26.9175], [93.64333333333333, 26.918333333333333], [93.64333333333333, 26.919166666666666], [93.64333333333333, 26.92], [93.64333333333333, 26.920833333333334], [93.64333333333333, 26.921666666666667], [93.64333333333333, 26.9225], [93.6425, 26.9225], [93.6425, 26.923333333333332], [93.6425, 26.924166666666668], [93.6425, 26.925], [93.64333333333333, 26.925], [93.64333333333333, 26.924166666666668], [93.64416666666666, 26.924166666666668], [93.64416666666666, 26.923333333333332], [93.64416666666666, 26.9225], [93.645, 26.9225], [93.64583333333333, 26.9225], [93.64583333333333, 26.921666666666667], [93.64583333333333, 26.920833333333334], [93.64666666666666, 26.920833333333334], [93.6475, 26.920833333333334], [93.6475, 26.92], [93.64666666666666, 26.92], [93.64666666666666, 26.919166666666666], [93.6475, 26.919166666666666], [93.6475, 26.918333333333333], [93.64833333333333, 26.918333333333333], [93.64833333333333, 26.9175], [93.64916666666666, 26.9175], [93.64916666666666, 26.918333333333333], [93.64999999999999, 26.918333333333333], [93.64999999999999, 26.9175], [93.64999999999999, 26.916666666666668], [93.64999999999999, 26.91583333333333], [93.64916666666666, 26.91583333333333], [93.64916666666666, 26.916666666666668], [93.64833333333333, 26.916666666666668], [93.6475, 26.916666666666668], [93.64666666666666, 26.916666666666668], [93.64583333333333, 26.916666666666668], [93.64583333333333, 26.91583333333333], [93.64583333333333, 26.915], [93.64666666666666, 26.915], [93.64666666666666, 26.914166666666667], [93.64666666666666, 26.913333333333334], [93.64666666666666, 26.9125], [93.6475, 26.9125], [93.6475, 26.911666666666665], [93.6475, 26.910833333333333], [93.6475, 26.91], [93.6475, 26.909166666666668], [93.6475, 26.908333333333335], [93.64833333333333, 26.908333333333335], [93.64833333333333, 26.9075], [93.6475, 26.9075], [93.64666666666666, 26.9075], [93.64666666666666, 26.908333333333335], [93.64583333333333, 26.908333333333335], [93.64583333333333, 26.9075], [93.64583333333333, 26.906666666666666], [93.64583333333333, 26.905833333333334], [93.64583333333333, 26.905], [93.645, 26.905], [93.64416666666666, 26.905], [93.64416666666666, 26.905833333333334], [93.64333333333333, 26.905833333333334], [93.6425, 26.905833333333334], [93.6425, 26.905], [93.64166666666667, 26.905], [93.64166666666667, 26.905833333333334], [93.64166666666667, 26.906666666666666], [93.6425, 26.906666666666666], [93.6425, 26.9075], [93.64333333333333, 26.9075]], [[93.64666666666666, 26.918333333333333], [93.64583333333333, 26.918333333333333], [93.64583333333333, 26.9175], [93.64666666666666, 26.9175], [93.6475, 26.9175], [93.6475, 26.918333333333333], [93.64666666666666, 26.918333333333333]], [[93.645, 26.915], [93.645, 26.914166666666667], [93.64583333333333, 26.914166666666667], [93.64583333333333, 26.915], [93.645, 26.915]]]}}, {"type": "Feature", "properties": {"product": "forest_loss", "area_ha": 6.11}, "geometry": {"type": "Polygon", "coordinates": [[[93.64416666666666, 26.931666666666665], [93.645, 26.931666666666665], [93.645, 26.930833333333332], [93.64416666666666, 26.930833333333332], [93.64333333333333, 26.930833333333332], [93.64333333333333, 26.93], [93.6425, 26.93], [93.6425, 26.930833333333332], [93.6425, 26.931666666666665], [93.64333333333333, 26.931666666666665], [93.64333333333333, 26.9325], [93.6425, 26.9325], [93.6425, 26.933333333333334], [93.64333333333333, 26.933333333333334], [93.64333333333333, 26.934166666666666], [93.64416666666666, 26.934166666666666], [93.64416666666666, 26.933333333333334], [93.64416666666666, 26.9325], [93.64416666666666, 26.931666666666665]]]}}, {"type": "Feature", "properties": {"product": "forest_loss", "area_ha": 9.16}, "geometry": {"type": "Polygon", "coordinates": [[[93.64333333333333, 27.020833333333332], [93.64333333333333, 27.02], [93.64333333333333, 27.019166666666667], [93.64416666666666, 27.019166666666667], [93.64416666666666, 27.018333333333334], [93.645, 27.018333333333334], [93.64583333333333, 27.018333333333334], [93.64666666666666, 27.018333333333334], [93.64666666666666, 27.0175], [93.64583333333333, 27.0175], [93.64583333333333, 27.016666666666666], [93.645, 27.016666666666666], [93.645, 27.0175], [93.64416666666666, 27.0175], [93.64333333333333, 27.0175], [93.64333333333333, 27.018333333333334], [93.6425, 27.018333333333334], [93.6425, 27.019166666666667], [93.6425, 27.02], [93.64166666666667, 27.02], [93.64083333333333, 27.02], [93.64083333333333, 27.020833333333332], [93.64166666666667, 27.020833333333332], [93.6425, 27.020833333333332], [93.6425, 27.02166666666667], [93.64333333333333, 27.02166666666667], [93.64333333333333, 27.020833333333332]]]}}, {"type": "Feature", "properties": {"product": "forest_loss", "area_ha": 20.6}, "geometry": {"type": "Polygon", "coordinates": [[[93.64166666666667, 27.114166666666666], [93.64083333333333, 27.114166666666666], [93.64, 27.114166666666666], [93.64, 27.115], [93.64, 27.115833333333335], [93.64, 27.116666666666667], [93.64083333333333, 27.116666666666667], [93.64083333333333, 27.115833333333335], [93.64166666666667, 27.115833333333335], [93.64166666666667, 27.115], [93.6425, 27.115], [93.64333333333333, 27.115], [93.64333333333333, 27.115833333333335], [93.64333333333333, 27.116666666666667], [93.64333333333333, 27.1175], [93.6425, 27.1175], [93.64166666666667, 27.1175], [93.64083333333333, 27.1175], [93.64083333333333, 27.118333333333332], [93.64166666666667, 27.118333333333332], [93.6425, 27.118333333333332], [93.64333333333333, 27.118333333333332], [93.64416666666666, 27.118333333333332], [93.64416666666666, 27.1175], [93.64416666666666, 27.116666666666667], [93.64416666666666, 27.115833333333335], [93.64416666666666, 27.115], [93.64416666666666, 27.114166666666666], [93.645, 27.114166666666666], [93.645, 27.113333333333333], [93.64583333333333, 27.113333333333333], [93.64583333333333, 27.1125], [93.64666666666666, 27.1125], [93.6475, 27.1125], [93.6475, 27.111666666666668], [93.64666666666666, 27.111666666666668], [93.64583333333333, 27.111666666666668], [93.64583333333333, 27.110833333333332], [93.645, 27.110833333333332], [93.645, 27.111666666666668], [93.64416666666666, 27.111666666666668], [93.64416666666666, 27.1125], [93.64333333333333, 27.1125], [93.6425, 27.1125], [93.6425, 27.113333333333333], [93.64166666666667, 27.113333333333333], [93.64166666666667, 27.114166666666666]], [[93.64333333333333, 27.114166666666666], [93.64333333333333, 27.113333333333333], [93.64416666666666, 27.113333333333333], [93.64416666666666, 27.114166666666666], [93.64333333333333, 27.114166666666666]]]}}, {"type": "Feature", "properties": {"product": "forest_loss", "area_ha": 6.87}, "geometry": {"type": "Polygon", "coordinates": [[[93.645, 27.144166666666667], [93.64583333333333, 27.144166666666667], [93.64666666666666, 27.144166666666667], [93.64666666666666, 27.143333333333334], [93.6475, 27.143333333333334], [93.6475, 27.1425], [93.64666666666666, 27.1425], [93.64666666666666, 27.141666666666666], [93.64583333333333, 27.141666666666666], [93.645, 27.141666666666666], [93.645, 27.1425], [93.64416666666666, 27.1425], [93.64416666666666, 27.143333333333334], [93.64416666666666, 27.144166666666667], [93.645, 27.144166666666667]]]}}, {"type": "Feature", "properties": {"product": "forest_loss", "area_ha": 6.86}, "geometry": {"type": "Polygon", "coordinates": [[[93.6425, 27.203333333333333], [93.64333333333333, 27.203333333333333], [93.64416666666666, 27.203333333333333], [93.64416666666666, 27.2025], [93.64333333333333, 27.2025], [93.6425, 27.2025], [93.6425, 27.201666666666668], [93.6425, 27.200833333333332], [93.6425, 27.2], [93.64166666666667, 27.2], [93.64083333333333, 27.2], [93.64083333333333, 27.200833333333332], [93.64, 27.200833333333332], [93.64, 27.201666666666668], [93.64083333333333, 27.201666666666668], [93.64166666666667, 27.201666666666668], [93.64166666666667, 27.2025], [93.64166666666667, 27.203333333333333], [93.6425, 27.203333333333333]]]}}, {"type": "Feature", "properties": {"product": "forest_loss", "area_ha": 6.1}, "geometry": {"type": "Polygon", "coordinates": [[[93.645, 27.205], [93.64583333333333, 27.205], [93.64583333333333, 27.204166666666666], [93.64666666666666, 27.204166666666666], [93.6475, 27.204166666666666], [93.6475, 27.203333333333333], [93.6475, 27.2025], [93.64666666666666, 27.2025], [93.64666666666666, 27.201666666666668], [93.64583333333333, 27.201666666666668], [93.64583333333333, 27.2025], [93.64583333333333, 27.203333333333333], [93.645, 27.203333333333333], [93.64416666666666, 27.203333333333333], [93.64416666666666, 27.204166666666666], [93.645, 27.204166666666666], [93.645, 27.205]]]}}, {"type": "Feature", "properties": {"product": "forest_loss", "area_ha": 6.1}, "geometry": {"type": "Polygon", "coordinates": [[[93.64416666666666, 27.248333333333335], [93.64416666666666, 27.249166666666667], [93.645, 27.249166666666667], [93.645, 27.248333333333335], [93.64583333333333, 27.248333333333335], [93.64583333333333, 27.249166666666667], [93.64666666666666, 27.249166666666667], [93.6475, 27.249166666666667], [93.6475, 27.248333333333335], [93.64666666666666, 27.248333333333335], [93.64666666666666, 27.2475], [93.64583333333333, 27.2475], [93.645, 27.2475], [93.64416666666666, 27.2475], [93.64333333333333, 27.2475], [93.6425, 27.2475], [93.6425, 27.248333333333335], [93.64333333333333, 27.248333333333335], [93.64416666666666, 27.248333333333335]]]}}, {"type": "Feature", "properties": {"product": "forest_loss", "area_ha": 10.7}, "geometry": {"type": "Polygon", "coordinates": [[[93.65083333333332, 26.875833333333333], [93.65083333333332, 26.876666666666665], [93.65166666666666, 26.876666666666665], [93.65166666666666, 26.8775], [93.65249999999999, 26.8775], [93.65249999999999, 26.878333333333334], [93.65333333333332, 26.878333333333334], [93.65333333333332, 26.8775], [93.65333333333332, 26.876666666666665], [93.65333333333332, 26.875833333333333], [93.65333333333332, 26.875], [93.65333333333332, 26.874166666666667], [93.65416666666665, 26.874166666666667], [93.65416666666665, 26.873333333333335], [93.65333333333332, 26.873333333333335], [93.65249999999999, 26.873333333333335], [93.65249999999999, 26.874166666666667], [93.65249999999999, 26.875], [93.65166666666666, 26.875], [93.65166666666666, 26.874166666666667], [93.65083333333332, 26.874166666666667], [93.64999999999999, 26.874166666666667], [93.64999999999999, 26.875], [93.65083333333332, 26.875], [93.65083333333332, 26.875833333333333]]]}}, {"type": "Feature", "properties": {"product": "forest_loss", "area_ha": 22.17}, "geometry": {"type": "Polygon", "coordinates": [[[93.64833333333333, 26.885833333333334], [93.64916666666666, 26.885833333333334], [93.64916666666666, 26.886666666666667], [93.64916666666666, 26.8875], [93.64916666666666, 26.888333333333332], [93.64833333333333, 26.888333333333332], [93.64833333333333, 26.889166666666668], [93.64916666666666, 26.889166666666668], [93.64999999999999, 26.889166666666668], [93.64999999999999, 26.89], [93.65083333333332, 26.89], [93.65083333333332, 26.889166666666668], [93.65083333333332, 26.888333333333332], [93.65083333333332, 26.8875], [93.65166666666666, 26.8875], [93.65166666666666, 26.886666666666667], [93.65166666666666, 26.885833333333334], [93.65249999999999, 26.885833333333334], [93.65249999999999, 26.885], [93.65166666666666, 26.885], [93.65166666666666, 26.884166666666665], [93.65083333333332, 26.884166666666665], [93.64999999999999, 26.884166666666665], [93.64916666666666, 26.884166666666665], [93.64833333333333, 26.884166666666665], [93.64833333333333, 26.883333333333333], [93.64916666666666, 26.883333333333333], [93.64916666666666, 26.8825], [93.64833333333333, 26.8825], [93.64833333333333, 26.881666666666668], [93.6475, 26.881666666666668], [93.6475, 26.8825], [93.64666666666666, 26.8825], [93.64583333333333, 26.8825], [93.64583333333333, 26.883333333333333], [93.64583333333333, 26.884166666666665], [93.64666666666666, 26.884166666666665], [93.64666666666666, 26.885], [93.6475, 26.885], [93.6475, 26.885833333333334], [93.64833333333333, 26.885833333333334]], [[93.64999999999999, 26.8875], [93.64999999999999, 26.886666666666667], [93.64999999999999, 26.885833333333334], [93.64999999999999, 26.885], [93.65083333333332, 26.885], [93.65083333333332, 26.885833333333334], [93.65083333333332, 26.886666666666667], [93.65083333333332, 26.8875], [93.64999999999999, 26.8875]]]}}, {"type": "Feature", "properties": {"product": "forest_loss", "area_ha": 24.45}, "geometry": {"type": "Polygon", "coordinates": [[[93.6475, 26.9675], [93.6475, 26.968333333333334], [93.64833333333333, 26.968333333333334], [93.64833333333333, 26.969166666666666], [93.64833333333333, 26.97], [93.64833333333333, 26.970833333333335], [93.64916666666666, 26.970833333333335], [93.64916666666666, 26.971666666666668], [93.64999999999999, 26.971666666666668], [93.64999999999999, 26.970833333333335], [93.65083333333332, 26.970833333333335], [93.65166666666666, 26.970833333333335], [93.65166666666666, 26.971666666666668], [93.65249999999999, 26.971666666666668], [93.65249999999999, 26.970833333333335], [93.65333333333332, 26.970833333333335], [93.65333333333332, 26.97], [93.65416666666665, 26.97], [93.65416666666665, 26.969166666666666], [93.655, 26.969166666666666], [93.655, 26.968333333333334], [93.655, 26.9675], [93.65416666666665, 26.9675], [93.65416666666665, 26.968333333333334], [93.65333333333332, 26.968333333333334], [93.65333333333332, 26.9675], [93.65249999999999, 26.9675], [93.65249999999999, 26.966666666666665], [93.65166666666666, 26.966666666666665], [93.65166666666666, 26.9675], [93.65083333333332, 26.9675], [93.64999999999999, 26.9675], [93.64916666666666, 26.9675], [93.64833333333333, 26.9675], [93.6475, 26.9675]]]}}, {"type": "Feature", "properties": {"product": "forest_loss", "area_ha": 17.57}, "geometry": {"type": "Polygon", "coordinates": [[[93.64833333333333, 26.9775], [93.64916666666666, 26.9775], [93.64999999999999, 26.9775], [93.65083333333332, 26.9775], [93.65166666666666, 26.9775], [93.65249999999999, 26.9775], [93.65333333333332, 26.9775], [93.65333333333332, 26.976666666666667], [93.65416666666665, 26.976666666666667], [93.65416666666665, 26.9775], [93.655, 26.9775], [93.655, 26.97833333333333], [93.655, 26.979166666666668], [93.65583333333333, 26.979166666666668], [93.65583333333333, 26.97833333333333], [93.65666666666667, 26.97833333333333], [93.6575, 26.97833333333333], [93.65833333333333, 26.97833333333333], [93.65833333333333, 26.9775], [93.6575, 26.9775], [93.65666666666667, 26.9775], [93.65583333333333, 26.9775], [93.65583333333333, 26.976666666666667], [93.655, 26.976666666666667], [93.655, 26.975833333333334], [93.655, 26.975], [93.65416666666665, 26.975], [93.65416666666665, 26.974166666666665], [93.65333333333332, 26.974166666666665], [93.65333333333332, 26.975], [93.65333333333332, 26.975833333333334], [93.65249999999999, 26.975833333333334], [93.65166666666666, 26.975833333333334], [93.65166666666666, 26.976666666666667], [93.65083333333332, 26.976666666666667], [93.65083333333332, 26.975833333333334], [93.64999999999999, 26.975833333333334], [93.64999999999999, 26.976666666666667], [93.64916666666666, 26.976666666666667], [93.64833333333333, 26.976666666666667], [93.64833333333333, 26.975833333333334], [93.6475, 26.975833333333334], [93.6475, 26.976666666666667], [93.6475, 26.9775], [93.64833333333333, 26.9775]]]}}, {"type": "Feature", "properties": {"product": "forest_loss", "area_ha": 6.11}, "geometry": {"type": "Polygon", "coordinates": [[[93.65166666666666, 27.071666666666665], [93.65166666666666, 27.070833333333333], [93.65083333333332, 27.070833333333333], [93.64999999999999, 27.070833333333333], [93.64999999999999, 27.071666666666665], [93.64916666666666, 27.071666666666665], [93.64833333333333, 27.071666666666665], [93.6475, 27.071666666666665], [93.6475, 27.0725], [93.64833333333333, 27.0725], [93.64916666666666, 27.0725], [93.64999999999999, 27.0725], [93.65083333333332, 27.0725], [93.65166666666666, 27.0725], [93.65249999999999, 27.0725], [93.65249999999999, 27.071666666666665], [93.65166666666666, 27.071666666666665]]]}}, {"type": "Feature", "properties": {"product": "forest_loss", "area_ha": 17.55}, "geometry": {"type": "Polygon", "coordinates": [[[93.6475, 27.08], [93.6475, 27.079166666666666], [93.64666666666666, 27.079166666666666], [93.64583333333333, 27.079166666666666], [93.64583333333333, 27.08], [93.64583333333333, 27.080833333333334], [93.64666666666666, 27.080833333333334], [93.6475, 27.080833333333334], [93.64833333333333, 27.080833333333334], [93.64833333333333, 27.081666666666667], [93.64916666666666, 27.081666666666667], [93.64916666666666, 27.0825], [93.64999999999999, 27.0825], [93.64999999999999, 27.081666666666667], [93.65083333333332, 27.081666666666667], [93.65166666666666, 27.081666666666667], [93.65249999999999, 27.081666666666667], [93.65249999999999, 27.080833333333334], [93.65249999999999, 27.08], [93.65166666666666, 27.08], [93.65083333333332, 27.08], [93.65083333333332, 27.079166666666666], [93.65166666666666, 27.079166666666666], [93.65249999999999, 27.079166666666666], [93.65249999999999, 27.078333333333333], [93.65166666666666, 27.078333333333333], [93.65166666666666, 27.0775], [93.65083333333332, 27.0775], [93.65083333333332, 27.076666666666668], [93.64999999999999, 27.076666666666668], [93.64999999999999, 27.0775], [93.64999999999999, 27.078333333333333], [93.64999999999999, 27.079166666666666], [93.64999999999999, 27.08], [93.64916666666666, 27.08], [93.64833333333333, 27.08], [93.6475, 27.08]]]}}, {"type": "Feature", "properties": {"product": "forest_loss", "area_ha": 8.39}, "geometry": {"type": "Polygon", "coordinates": [[[93.64583333333333, 27.089166666666667], [93.645, 27.089166666666667], [93.645, 27.09], [93.64583333333333, 27.09], [93.64666666666666, 27.09], [93.6475, 27.09], [93.64833333333333, 27.09], [93.64833333333333, 27.089166666666667], [93.6475, 27.089166666666667], [93.6475, 27.088333333333335], [93.6475, 27.0875], [93.6475, 27.086666666666666], [93.64666666666666, 27.086666666666666], [93.64583333333333, 27.086666666666666], [93.645, 27.086666666666666], [93.64416666666666, 27.086666666666666], [93.64416666666666, 27.0875], [93.645, 27.0875], [93.64583333333333, 27.0875], [93.64583333333333, 27.088333333333335], [93.64666666666666, 27.088333333333335], [93.64666666666666, 27.089166666666667], [93.64583333333333, 27.089166666666667]]]}}, {"type": "Feature", "properties": {"product": "forest_loss", "area_ha": 8.39}, "geometry": {"type": "Polygon", "coordinates": [[[93.64999999999999, 27.101666666666667], [93.64999999999999, 27.1025], [93.64999999999999, 27.10333333333333], [93.65083333333332, 27.10333333333333], [93.65166666666666, 27.10333333333333], [93.65166666666666, 27.1025], [93.65083333333332, 27.1025], [93.65083333333332, 27.101666666666667], [93.65166666666666, 27.101666666666667], [93.65249999999999, 27.101666666666667], [93.65333333333332, 27.101666666666667], [93.65416666666665, 27.101666666666667], [93.655, 27.101666666666667], [93.655, 27.100833333333334], [93.65416666666665, 27.100833333333334], [93.65333333333332, 27.100833333333334], [93.65249999999999, 27.100833333333334], [93.65166666666666, 27.100833333333334], [93.65083333333332, 27.100833333333334], [93.64999999999999, 27.100833333333334], [93.64916666666666, 27.100833333333334], [93.64833333333333, 27.100833333333334], [93.64833333333333, 27.101666666666667], [93.64916666666666, 27.101666666666667], [93.64999999999999, 27.101666666666667]]]}}, {"type": "Feature", "properties": {"product": "forest_loss", "area_ha": 7.63}, "geometry": {"type": "Polygon", "coordinates": [[[93.64916666666666, 27.143333333333334], [93.64916666666666, 27.144166666666667], [93.64999999999999, 27.144166666666667], [93.64999999999999, 27.145], [93.65083333333332, 27.145], [93.65166666666666, 27.145], [93.65166666666666, 27.145833333333332], [93.65249999999999, 27.145833333333332], [93.65333333333332, 27.145833333333332], [93.65333333333332, 27.145], [93.65249999999999, 27.145], [93.65249999999999, 27.144166666666667], [93.65166666666666, 27.144166666666667], [93.65083333333332, 27.144166666666667], [93.65083333333332, 27.143333333333334], [93.64999999999999, 27.143333333333334], [93.64999999999999, 27.1425], [93.64916666666666, 27.1425], [93.64916666666666, 27.141666666666666], [93.64833333333333, 27.141666666666666], [93.64833333333333, 27.1425], [93.64833333333333, 27.143333333333334], [93.64916666666666, 27.143333333333334]]]}}, {"type": "Feature", "properties": {"product": "forest_loss", "area_ha": 7.63}, "geometry": {"type": "Polygon", "coordinates": [[[93.64833333333333, 27.1475], [93.64833333333333, 27.148333333333333], [93.64916666666666, 27.148333333333333], [93.64916666666666, 27.1475], [93.64916666666666, 27.14666666666667], [93.64833333333333, 27.14666666666667], [93.64833333333333, 27.145833333333332], [93.64833333333333, 27.145], [93.6475, 27.145], [93.6475, 27.144166666666667], [93.64666666666666, 27.144166666666667], [93.64666666666666, 27.145], [93.64583333333333, 27.145], [93.645, 27.145], [93.645, 27.145833333333332], [93.64583333333333, 27.145833333333332], [93.64666666666666, 27.145833333333332], [93.64666666666666, 27.14666666666667], [93.6475, 27.14666666666667], [93.6475, 27.1475], [93.64833333333333, 27.1475]]]}}, {"type": "Feature", "properties": {"product": "forest_loss", "area_ha": 6.1}, "geometry": {"type": "Polygon", "coordinates": [[[93.64999999999999, 27.185], [93.65083333333332, 27.185], [93.65166666666666, 27.185], [93.65166666666666, 27.184166666666666], [93.65083333333332, 27.184166666666666], [93.65083333333332, 27.183333333333334], [93.65083333333332, 27.1825], [93.64999999999999, 27.1825], [93.64916666666666, 27.1825], [93.64916666666666, 27.18166666666667], [93.64833333333333, 27.18166666666667], [93.64833333333333, 27.1825], [93.64833333333333, 27.183333333333334], [93.64916666666666, 27.183333333333334], [93.64916666666666, 27.184166666666666], [93.64999999999999, 27.184166666666666], [93.64999999999999, 27.185]]]}}, {"type": "Feature", "properties": {"product": "forest_loss", "area_ha": 6.86}, "geometry": {"type": "Polygon", "coordinates": [[[93.64833333333333, 27.196666666666665], [93.64916666666666, 27.196666666666665], [93.64916666666666, 27.1975], [93.64999999999999, 27.1975], [93.65083333333332, 27.1975], [93.65166666666666, 27.1975], [93.65166666666666, 27.198333333333334], [93.65249999999999, 27.198333333333334], [93.65333333333332, 27.198333333333334], [93.65333333333332, 27.1975], [93.65249999999999, 27.1975], [93.65249999999999, 27.196666666666665], [93.65166666666666, 27.196666666666665], [93.65083333333332, 27.196666666666665], [93.65083333333332, 27.195833333333333], [93.64999999999999, 27.195833333333333], [93.64916666666666, 27.195833333333333], [93.64833333333333, 27.195833333333333], [93.64833333333333, 27.196666666666665]]]}}, {"type": "Feature", "properties": {"product": "forest_loss", "area_ha": 9.15}, "geometry": {"type": "Polygon", "coordinates": [[[93.6475, 27.2], [93.64666666666666, 27.2], [93.64666666666666, 27.200833333333332], [93.6475, 27.200833333333332], [93.6475, 27.201666666666668], [93.64833333333333, 27.201666666666668], [93.64833333333333, 27.200833333333332], [93.64833333333333, 27.2], [93.64833333333333, 27.199166666666667], [93.64916666666666, 27.199166666666667], [93.64999999999999, 27.199166666666667], [93.64999999999999, 27.198333333333334], [93.64916666666666, 27.198333333333334], [93.64833333333333, 27.198333333333334], [93.64833333333333, 27.1975], [93.6475, 27.1975], [93.64666666666666, 27.1975], [93.64583333333333, 27.1975], [93.645, 27.1975], [93.645, 27.198333333333334], [93.64583333333333, 27.198333333333334], [93.64666666666666, 27.198333333333334], [93.64666666666666, 27.199166666666667], [93.6475, 27.199166666666667], [93.6475, 27.2]]]}}, {"type": "Feature", "properties": {"product": "forest_loss", "area_ha": 9.15}, "geometry": {"type": "Polygon", "coordinates": [[[93.64833333333333, 27.24], [93.64916666666666, 27.24], [93.64999999999999, 27.24], [93.64999999999999, 27.240833333333335], [93.65083333333332, 27.240833333333335], [93.65083333333332, 27.24], [93.65166666666666, 27.24], [93.65166666666666, 27.240833333333335], [93.65249999999999, 27.240833333333335], [93.65249999999999, 27.24], [93.65249999999999, 27.239166666666666], [93.65166666666666, 27.239166666666666], [93.65083333333332, 27.239166666666666], [93.64999999999999, 27.239166666666666], [93.64916666666666, 27.239166666666666], [93.64833333333333, 27.239166666666666], [93.6475, 27.239166666666666], [93.64666666666666, 27.239166666666666], [93.64583333333333, 27.239166666666666], [93.64583333333333, 27.24], [93.64666666666666, 27.24], [93.64666666666666, 27.240833333333335], [93.6475, 27.240833333333335], [93.64833333333333, 27.240833333333335], [93.64833333333333, 27.24]]]}}, {"type": "Feature", "properties": {"product": "forest_loss", "area_ha": 8.41}, "geometry": {"type": "Polygon", "coordinates": [[[93.65833333333333, 26.883333333333333], [93.65833333333333, 26.8825], [93.65916666666666, 26.8825], [93.65916666666666, 26.881666666666668], [93.65916666666666, 26.88083333333333], [93.65833333333333, 26.88083333333333], [93.65833333333333, 26.88], [93.6575, 26.88], [93.6575, 26.88083333333333], [93.65666666666667, 26.88083333333333], [93.65666666666667, 26.881666666666668], [93.65666666666667, 26.8825], [93.65583333333333, 26.8825], [93.65583333333333, 26.883333333333333], [93.65666666666667, 26.883333333333333], [93.6575, 26.883333333333333], [93.6575, 26.884166666666665], [93.65833333333333, 26.884166666666665], [93.65833333333333, 26.883333333333333]]]}}, {"type": "Feature", "properties": {"product": "forest_loss", "area_ha": 24.45}, "geometry": {"type": "Polygon", "coordinates": [[[93.65666666666667, 26.973333333333333], [93.6575, 26.973333333333333], [93.65833333333333, 26.973333333333333], [93.65916666666666, 26.973333333333333], [93.65916666666666, 26.9725], [93.66, 26.9725], [93.66, 26.973333333333333], [93.66083333333333, 26.973333333333333], [93.66083333333333, 26.974166666666665], [93.66166666666666, 26.974166666666665], [93.66166666666666, 26.973333333333333], [93.66166666666666, 26.9725], [93.66166666666666, 26.971666666666668], [93.66083333333333, 26.971666666666668], [93.66, 26.971666666666668], [93.66, 26.970833333333335], [93.66, 26.97], [93.66083333333333, 26.97], [93.66083333333333, 26.969166666666666], [93.66, 26.969166666666666], [93.65916666666666, 26.969166666666666], [93.65916666666666, 26.968333333333334], [93.65916666666666, 26.9675], [93.65833333333333, 26.9675], [93.65833333333333, 26.968333333333334], [93.65833333333333, 26.969166666666666], [93.65833333333333, 26.97], [93.65833333333333, 26.970833333333335], [93.6575, 26.970833333333335], [93.65666666666667, 26.970833333333335], [93.65583333333333, 26.970833333333335], [93.655, 26.970833333333335], [93.65416666666665, 26.970833333333335], [93.65416666666665, 26.971666666666668], [93.65416666666665, 26.9725], [93.65416666666665, 26.973333333333333], [93.65416666666665, 26.974166666666665], [93.655, 26.974166666666665], [93.65583333333333, 26.974166666666665], [93.65583333333333, 26.973333333333333], [93.65666666666667, 26.973333333333333]], [[93.6575, 26.9725], [93.65666666666667, 26.9725], [93.65666666666667, 26.971666666666668], [93.6575, 26.971666666666668], [93.65833333333333, 26.971666666666668], [93.65833333333333, 26.9725], [93.6575, 26.9725]]]}}, {"type": "Feature", "properties": {"product": "forest_loss", "area_ha": 6.87}, "geometry": {"type": "Polygon", "coordinates": [[[93.6575, 27.080833333333334], [93.6575, 27.081666666666667], [93.65833333333333, 27.081666666666667], [93.65833333333333, 27.080833333333334], [93.65833333333333, 27.08], [93.65833333333333, 27.079166666666666], [93.65833333333333, 27.078333333333333], [93.65833333333333, 27.0775], [93.6575, 27.0775], [93.65666666666667, 27.0775], [93.65666666666667, 27.078333333333333], [93.65583333333333, 27.078333333333333], [93.65583333333333, 27.079166666666666], [93.65666666666667, 27.079166666666666], [93.65666666666667, 27.08], [93.6575, 27.08], [93.6575, 27.080833333333334]]]}}, {"type": "Feature", "properties": {"product": "forest_loss", "area_ha": 35.11}, "geometry": {"type": "Polygon", "coordinates": [[[93.65333333333332, 27.086666666666666], [93.65416666666665, 27.086666666666666], [93.655, 27.086666666666666], [93.655, 27.0875], [93.65583333333333, 27.0875], [93.65666666666667, 27.0875], [93.65666666666667, 27.086666666666666], [93.6575, 27.086666666666666], [93.65833333333333, 27.086666666666666], [93.65916666666666, 27.086666666666666], [93.65916666666666, 27.0875], [93.66, 27.0875], [93.66083333333333, 27.0875], [93.66083333333333, 27.086666666666666], [93.66, 27.086666666666666], [93.66, 27.085833333333333], [93.65916666666666, 27.085833333333333], [93.65916666666666, 27.085], [93.66, 27.085], [93.66083333333333, 27.085], [93.66166666666666, 27.085], [93.6625, 27.085], [93.6625, 27.08416666666667], [93.6625, 27.083333333333332], [93.66166666666666, 27.083333333333332], [93.66166666666666, 27.08416666666667], [93.66083333333333, 27.08416666666667], [93.66083333333333, 27.083333333333332], [93.66, 27.083333333333332], [93.66, 27.0825], [93.66, 27.081666666666667], [93.65916666666666, 27.081666666666667], [93.65833333333333, 27.081666666666667], [93.65833333333333, 27.0825], [93.6575, 27.0825], [93.65666666666667, 27.0825], [93.65666666666667, 27.083333333333332], [93.65666666666667, 27.08416666666667], [93.6575, 27.08416666666667], [93.6575, 27.085], [93.65666666666667, 27.085], [93.65583333333333, 27.085], [93.65583333333333, 27.08416666666667], [93.65583333333333, 27.083333333333332], [93.655, 27.083333333333332], [93.65416666666665, 27.083333333333332], [93.65333333333332, 27.083333333333332], [93.65333333333332, 27.08416666666667], [93.65333333333332, 27.085], [93.65249999999999, 27.085], [93.65166666666666, 27.085], [93.65166666666666, 27.085833333333333], [93.65249999999999, 27.085833333333333], [93.65249999999999, 27.086666666666666], [93.65333333333332, 27.086666666666666]]]}}, {"type": "Feature", "properties": {"product": "forest_loss", "area_ha": 14.5}, "geometry": {"type": "Polygon", "coordinates": [[[93.65416666666665, 27.094166666666666], [93.655, 27.094166666666666], [93.655, 27.095], [93.65583333333333, 27.095], [93.65583333333333, 27.095833333333335], [93.655, 27.095833333333335], [93.65416666666665, 27.095833333333335], [93.65333333333332, 27.095833333333335], [93.65333333333332, 27.096666666666668], [93.65416666666665, 27.096666666666668], [93.655, 27.096666666666668], [93.65583333333333, 27.096666666666668], [93.65666666666667, 27.096666666666668], [93.6575, 27.096666666666668], [93.6575, 27.095833333333335], [93.6575, 27.095], [93.65666666666667, 27.095], [93.65666666666667, 27.094166666666666], [93.65666666666667, 27.093333333333334], [93.65583333333333, 27.093333333333334], [93.655, 27.093333333333334], [93.65416666666665, 27.093333333333334], [93.65333333333332, 27.093333333333334], [93.65249999999999, 27.093333333333334], [93.65249999999999, 27.0925], [93.65166666666666, 27.0925], [93.65166666666666, 27.093333333333334], [93.65083333333332, 27.093333333333334], [93.64999999999999, 27.093333333333334], [93.64999999999999, 27.094166666666666], [93.65083333333332, 27.094166666666666], [93.65166666666666, 27.094166666666666], [93.65249999999999, 27.094166666666666], [93.65249999999999, 27.095], [93.65333333333332, 27.095], [93.65333333333332, 27.094166666666666], [93.65416666666665, 27.094166666666666]]]}}, {"type": "Feature", "properties": {"product": "forest_loss", "area_ha": 7.63}, "geometry": {"type": "Polygon", "coordinates": [[[93.65249999999999, 27.1075], [93.65333333333332, 27.1075], [93.65416666666665, 27.1075], [93.655, 27.1075], [93.655, 27.106666666666666], [93.655, 27.105833333333333], [93.65416666666665, 27.105833333333333], [93.65416666666665, 27.105], [93.65333333333332, 27.105], [93.65249999999999, 27.105], [93.65166666666666, 27.105], [93.65166666666666, 27.105833333333333], [93.65249999999999, 27.105833333333333], [93.65249999999999, 27.106666666666666], [93.65166666666666, 27.106666666666666], [93.65166666666666, 27.1075], [93.65249999999999, 27.1075]]]}}, {"type": "Feature", "properties": {"product": "forest_loss", "area_ha": 10.68}, "geometry": {"type": "Polygon", "coordinates": [[[93.64999999999999, 27.115833333333335], [93.64999999999999, 27.116666666666667], [93.65083333333332, 27.116666666666667], [93.65166666666666, 27.116666666666667], [93.65249999999999, 27.116666666666667], [93.65249999999999, 27.1175], [93.65333333333332, 27.1175], [93.65333333333332, 27.116666666666667], [93.65416666666665, 27.116666666666667], [93.65416666666665, 27.1175], [93.65416666666665, 27.118333333333332], [93.655, 27.118333333333332], [93.65583333333333, 27.118333333333332], [93.65583333333333, 27.1175], [93.65583333333333, 27.116666666666667], [93.655, 27.116666666666667], [93.655, 27.115833333333335], [93.65416666666665, 27.115833333333335], [93.65333333333332, 27.115833333333335], [93.65333333333332, 27.115], [93.65333333333332, 27.114166666666666], [93.65249999999999, 27.114166666666666], [93.65249999999999, 27.115], [93.65249999999999, 27.115833333333335], [93.65166666666666, 27.115833333333335], [93.65166666666666, 27.115], [93.65083333333332, 27.115], [93.65083333333332, 27.115833333333335], [93.64999999999999, 27.115833333333335]]]}}, {"type": "Feature", "properties": {"product": "forest_loss", "area_ha": 7.63}, "geometry": {"type": "Polygon", "coordinates": [[[93.65666666666667, 27.121666666666666], [93.65583333333333, 27.121666666666666], [93.655, 27.121666666666666], [93.655, 27.120833333333334], [93.655, 27.12], [93.65416666666665, 27.12], [93.65333333333332, 27.12], [93.65249999999999, 27.12], [93.65249999999999, 27.120833333333334], [93.65333333333332, 27.120833333333334], [93.65333333333332, 27.121666666666666], [93.65333333333332, 27.1225], [93.65416666666665, 27.1225], [93.655, 27.1225], [93.65583333333333, 27.1225], [93.65583333333333, 27.123333333333335], [93.65666666666667, 27.123333333333335], [93.65666666666667, 27.1225], [93.65666666666667, 27.121666666666666]]]}}, {"type": "Feature", "properties": {"product": "forest_loss", "area_ha": 16.78}, "geometry": {"type": "Polygon", "coordinates": [[[93.6575, 27.143333333333334], [93.65833333333333, 27.143333333333334], [93.65916666666666, 27.143333333333334], [93.65916666666666, 27.1425], [93.66, 27.1425], [93.66083333333333, 27.1425], [93.66166666666666, 27.1425], [93.6625, 27.1425], [93.6625, 27.141666666666666], [93.66333333333333, 27.141666666666666], [93.66333333333333, 27.140833333333333], [93.6625, 27.140833333333333], [93.66166666666666, 27.140833333333333], [93.66083333333333, 27.140833333333333], [93.66, 27.140833333333333], [93.66, 27.14], [93.65916666666666, 27.14], [93.65916666666666, 27.140833333333333], [93.65916666666666, 27.141666666666666], [93.65833333333333, 27.141666666666666], [93.65833333333333, 27.1425], [93.6575, 27.1425], [93.6575, 27.141666666666666], [93.65666666666667, 27.141666666666666], [93.65666666666667, 27.140833333333333], [93.65583333333333, 27.140833333333333], [93.655, 27.140833333333333], [93.655, 27.141666666666666], [93.655, 27.1425], [93.655, 27.143333333333334], [93.65583333333333, 27.143333333333334], [93.65666666666667, 27.143333333333334], [93.65666666666667, 27.144166666666667], [93.6575, 27.144166666666667], [93.6575, 27.143333333333334]]]}}, {"type": "Feature", "properties": {"product": "forest_loss", "area_ha": 11.47}, "geometry": {"type": "Polygon", "coordinates": [[[93.66083333333333, 26.884166666666665], [93.66166666666666, 26.884166666666665], [93.66166666666666, 26.885], [93.66083333333333, 26.885], [93.66083333333333, 26.885833333333334], [93.66166666666666, 26.885833333333334], [93.6625, 26.885833333333334], [93.6625, 26.885], [93.6625, 26.884166666666665], [93.66333333333333, 26.884166666666665], [93.66333333333333, 26.883333333333333], [93.66333333333333, 26.8825], [93.6625, 26.8825], [93.6625, 26.881666666666668], [93.66333333333333, 26.881666666666668], [93.66333333333333, 26.88083333333333], [93.6625, 26.88083333333333], [93.6625, 26.88], [93.66166666666666, 26.88], [93.66166666666666, 26.88083333333333], [93.66166666666666, 26.881666666666668], [93.66166666666666, 26.8825], [93.66083333333333, 26.8825], [93.66083333333333, 26.883333333333333], [93.66, 26.883333333333333], [93.65916666666666, 26.883333333333333], [93.65916666666666, 26.884166666666665], [93.66, 26.884166666666665], [93.66083333333333, 26.884166666666665]]]}}, {"type": "Feature", "properties": {"product": "forest_loss", "area_ha": 6.11}, "geometry": {"type": "Polygon", "coordinates": [[[93.66166666666666, 26.9825], [93.66083333333333, 26.9825], [93.66083333333333, 26.981666666666666], [93.66, 26.981666666666666], [93.65916666666666, 26.981666666666666], [93.65833333333333, 26.981666666666666], [93.65833333333333, 26.9825], [93.65916666666666, 26.9825], [93.65916666666666, 26.983333333333334], [93.65916666666666, 26.984166666666667], [93.66, 26.984166666666667], [93.66083333333333, 26.984166666666667], [93.66083333333333, 26.983333333333334], [93.66166666666666, 26.983333333333334], [93.66166666666666, 26.9825]]]}}, {"type": "Feature", "properties": {"product": "forest_loss", "area_ha": 6.87}, "geometry": {"type": "Polygon", "coordinates": [[[93.6575, 27.010833333333334], [93.65833333333333, 27.010833333333334], [93.65916666666666, 27.010833333333334], [93.65916666666666, 27.01], [93.65916666666666, 27.009166666666665], [93.66, 27.009166666666665], [93.66, 27.008333333333333], [93.65916666666666, 27.008333333333333], [93.65833333333333, 27.008333333333333], [93.6575, 27.008333333333333], [93.6575, 27.009166666666665], [93.65666666666667, 27.009166666666665], [93.65666666666667, 27.01], [93.65666666666667, 27.010833333333334], [93.6575, 27.010833333333334]]]}}, {"type": "Feature", "properties": {"product": "forest_loss", "area_ha": 7.64}, "geometry": {"type": "Polygon", "coordinates": [[[93.66166666666666, 27.026666666666667], [93.66166666666666, 27.025833333333335], [93.66166666666666, 27.025], [93.6625, 27.025], [93.66333333333333, 27.025], [93.66416666666666, 27.025], [93.66499999999999, 27.025], [93.66499999999999, 27.024166666666666], [93.66416666666666, 27.024166666666666], [93.66333333333333, 27.024166666666666], [93.6625, 27.024166666666666], [93.66166666666666, 27.024166666666666], [93.66083333333333, 27.024166666666666], [93.66, 27.024166666666666], [93.65916666666666, 27.024166666666666], [93.65916666666666, 27.025], [93.66, 27.025], [93.66, 27.025833333333335], [93.66083333333333, 27.025833333333335], [93.66083333333333, 27.026666666666667], [93.66166666666666, 27.026666666666667]]]}}, {"type": "Feature", "properties": {"product": "forest_loss", "area_ha": 6.11}, "geometry": {"type": "Polygon", "coordinates": [[[93.66333333333333, 27.0675], [93.66416666666666, 27.0675], [93.66499999999999, 27.0675], [93.66583333333332, 27.0675], [93.66583333333332, 27.066666666666666], [93.66583333333332, 27.065833333333334], [93.66499999999999, 27.065833333333334], [93.66416666666666, 27.065833333333334], [93.66333333333333, 27.065833333333334], [93.6625, 27.065833333333334], [93.6625, 27.066666666666666], [93.6625, 27.0675], [93.66333333333333, 27.0675]]]}}, {"type": "Feature", "properties": {"product": "forest_loss", "area_ha": 6.87}, "geometry": {"type": "Polygon", "coordinates": [[[93.66166666666666, 27.0975], [93.6625, 27.0975], [93.6625, 27.096666666666668], [93.66166666666666, 27.096666666666668], [93.66166666666666, 27.095833333333335], [93.66166666666666, 27.095], [93.66083333333333, 27.095], [93.66, 27.095], [93.66, 27.095833333333335], [93.66, 27.096666666666668], [93.65916666666666, 27.096666666666668], [93.65916666666666, 27.0975], [93.65916666666666, 27.098333333333333], [93.66, 27.098333333333333], [93.66, 27.0975], [93.66083333333333, 27.0975], [93.66166666666666, 27.0975]]]}}, {"type": "Feature", "properties": {"product": "forest_loss", "area_ha": 24.42}, "geometry": {"type": "Polygon", "coordinates": [[[93.66083333333333, 27.1025], [93.66083333333333, 27.10333333333333], [93.66, 27.10333333333333], [93.66, 27.104166666666668], [93.66083333333333, 27.104166666666668], [93.66166666666666, 27.104166666666668], [93.6625, 27.104166666666668], [93.6625, 27.105], [93.66333333333333, 27.105], [93.66333333333333, 27.105833333333333], [93.66416666666666, 27.105833333333333], [93.66416666666666, 27.105], [93.66499999999999, 27.105], [93.66499999999999, 27.104166666666668], [93.66583333333332, 27.104166666666668], [93.66583333333332, 27.10333333333333], [93.66583333333332, 27.1025], [93.66583333333332, 27.101666666666667], [93.66583333333332, 27.100833333333334], [93.66583333333332, 27.1], [93.66583333333332, 27.099166666666665], [93.66583333333332, 27.098333333333333], [93.66666666666666, 27.098333333333333], [93.66666666666666, 27.0975], [93.66583333333332, 27.0975], [93.66499999999999, 27.0975], [93.66416666666666, 27.0975], [93.66416666666666, 27.098333333333333], [93.66333333333333, 27.098333333333333], [93.6625, 27.098333333333333], [93.6625, 27.099166666666665], [93.66333333333333, 27.099166666666665], [93.66333333333333, 27.1], [93.66416666666666, 27.1], [93.66416666666666, 27.100833333333334], [93.66333333333333, 27.100833333333334], [93.66333333333333, 27.101666666666667], [93.66333333333333, 27.1025], [93.6625, 27.1025], [93.66166666666666, 27.1025], [93.66083333333333, 27.1025]], [[93.66416666666666, 27.099166666666665], [93.66499999999999, 27.099166666666665], [93.66499999999999, 27.1], [93.66416666666666, 27.1], [93.66416666666666, 27.099166666666665]], [[93.66499999999999, 27.100833333333334], [93.66499999999999, 27.101666666666667], [93.66416666666666, 27.101666666666667], [93.66416666666666, 27.100833333333334], [93.66499999999999, 27.100833333333334]], [[93.66416666666666, 27.10333333333333], [93.66416666666666, 27.104166666666668], [93.66333333333333, 27.104166666666668], [93.66333333333333, 27.10333333333333], [93.66416666666666, 27.10333333333333]]]}}, {"type": "Feature", "properties": {"product": "forest_loss", "area_ha": 6.1}, "geometry": {"type": "Polygon", "coordinates": [[[93.66083333333333, 27.123333333333335], [93.66083333333333, 27.1225], [93.66, 27.1225], [93.65916666666666, 27.1225], [93.65916666666666, 27.123333333333335], [93.65916666666666, 27.124166666666667], [93.65916666666666, 27.125], [93.66, 27.125], [93.66083333333333, 27.125], [93.66166666666666, 27.125], [93.66166666666666, 27.124166666666667], [93.66166666666666, 27.123333333333335], [93.66083333333333, 27.123333333333335]]]}}, {"type": "Feature", "properties": {"product": "forest_loss", "area_ha": 11.46}, "geometry": {"type": "Polygon", "coordinates": [[[93.66833333333332, 26.95916666666667], [93.66916666666665, 26.95916666666667], [93.66999999999999, 26.95916666666667], [93.66999999999999, 26.96], [93.67083333333333, 26.96], [93.67166666666667, 26.96], [93.6725, 26.96], [93.6725, 26.95916666666667], [93.6725, 26.958333333333332], [93.6725, 26.9575], [93.6725, 26.956666666666667], [93.67166666666667, 26.956666666666667], [93.67166666666667, 26.9575], [93.67166666666667, 26.958333333333332], [93.67083333333333, 26.958333333333332], [93.67083333333333, 26.9575], [93.67083333333333, 26.956666666666667], [93.67083333333333, 26.955833333333334], [93.66999999999999, 26.955833333333334], [93.66999999999999, 26.956666666666667], [93.66999999999999, 26.9575], [93.66916666666665, 26.9575], [93.66833333333332, 26.9575], [93.66833333333332, 26.958333333333332], [93.66833333333332, 26.95916666666667]]]}}, {"type": "Feature", "properties": {"product": "forest_loss", "area_ha": 26.73}, "geometry": {"type": "Polygon", "coordinates": [[[93.67166666666667, 27.009166666666665], [93.6725, 27.009166666666665], [93.6725, 27.008333333333333], [93.6725, 27.0075], [93.67333333333333, 27.0075], [93.67333333333333, 27.006666666666668], [93.67416666666666, 27.006666666666668], [93.675, 27.006666666666668], [93.67583333333333, 27.006666666666668], [93.67583333333333, 27.00583333333333], [93.675, 27.00583333333333], [93.675, 27.005], [93.675, 27.004166666666666], [93.67583333333333, 27.004166666666666], [93.67583333333333, 27.005], [93.67666666666666, 27.005], [93.67666666666666, 27.004166666666666], [93.67666666666666, 27.003333333333334], [93.67666666666666, 27.0025], [93.67583333333333, 27.0025], [93.67583333333333, 27.001666666666665], [93.675, 27.001666666666665], [93.675, 27.0025], [93.67416666666666, 27.0025], [93.67333333333333, 27.0025], [93.67333333333333, 27.003333333333334], [93.6725, 27.003333333333334], [93.6725, 27.004166666666666], [93.67166666666667, 27.004166666666666], [93.67166666666667, 27.005], [93.6725, 27.005], [93.6725, 27.00583333333333], [93.67166666666667, 27.00583333333333], [93.67083333333333, 27.00583333333333], [93.67083333333333, 27.006666666666668], [93.66999999999999, 27.006666666666668], [93.66999999999999, 27.0075], [93.66916666666665, 27.0075], [93.66916666666665, 27.008333333333333], [93.66916666666665, 27.009166666666665], [93.66999999999999, 27.009166666666665], [93.67083333333333, 27.009166666666665], [93.67083333333333, 27.008333333333333], [93.67166666666667, 27.008333333333333], [93.67166666666667, 27.009166666666665]]]}}, {"type": "Feature", "properties": {"product": "forest_loss", "area_ha": 11.45}, "geometry": {"type": "Polygon", "coordinates": [[[93.66916666666665, 27.015833333333333], [93.66999999999999, 27.015833333333333], [93.66999999999999, 27.016666666666666], [93.66999999999999, 27.0175], [93.66999999999999, 27.018333333333334], [93.66999999999999, 27.019166666666667], [93.67083333333333, 27.019166666666667], [93.67083333333333, 27.018333333333334], [93.67083333333333, 27.0175], [93.67166666666667, 27.0175], [93.67166666666667, 27.016666666666666], [93.67166666666667, 27.015833333333333], [93.67166666666667, 27.015], [93.67083333333333, 27.015], [93.67083333333333, 27.014166666666668], [93.67166666666667, 27.014166666666668], [93.67166666666667, 27.013333333333332], [93.67083333333333, 27.013333333333332], [93.66999999999999, 27.013333333333332], [93.66999999999999, 27.0125], [93.66916666666665, 27.0125], [93.66916666666665, 27.013333333333332], [93.66916666666665, 27.014166666666668], [93.66916666666665, 27.015], [93.66916666666665, 27.015833333333333]]]}}, {"type": "Feature", "properties": {"product": "forest_loss", "area_ha": 7.64}, "geometry": {"type": "Polygon", "coordinates": [[[93.67166666666667, 27.0225], [93.67166666666667, 27.02166666666667], [93.67083333333333, 27.02166666666667], [93.67083333333333, 27.020833333333332], [93.66999999999999, 27.020833333333332], [93.66999999999999, 27.02], [93.66916666666665, 27.02], [93.66833333333332, 27.02], [93.66749999999999, 27.02], [93.66666666666666, 27.02], [93.66666666666666, 27.020833333333332], [93.66749999999999, 27.020833333333332], [93.66833333333332, 27.020833333333332], [93.66833333333332, 27.02166666666667], [93.66916666666665, 27.02166666666667], [93.66999999999999, 27.02166666666667], [93.66999999999999, 27.0225], [93.66999999999999, 27.023333333333333], [93.67083333333333, 27.023333333333333], [93.67083333333333, 27.0225], [93.67166666666667, 27.0225]]]}}, {"type": "Feature", "properties": {"product": "forest_loss", "area_ha": 6.11}, "geometry": {"type": "Polygon", "coordinates": [[[93.6725, 27.045833333333334], [93.6725, 27.045], [93.67166666666667, 27.045], [93.67083333333333, 27.045], [93.67083333333333, 27.044166666666666], [93.66999999999999, 27.044166666666666], [93.66999999999999, 27.043333333333333], [93.66916666666665, 27.043333333333333], [93.66833333333332, 27.043333333333333], [93.66749999999999, 27.043333333333333], [93.66749999999999, 27.044166666666666], [93.66833333333332, 27.044166666666666], [93.66916666666665, 27.044166666666666], [93.66916666666665, 27.045], [93.66999999999999, 27.045], [93.66999999999999, 27.045833333333334], [93.67083333333333, 27.045833333333334], [93.67166666666667, 27.045833333333334], [93.6725, 27.045833333333334]]]}}, {"type": "Feature", "properties": {"product": "forest_loss", "area_ha": 6.11}, "geometry": {"type": "Polygon", "coordinates": [[[93.66749999999999, 27.055], [93.66833333333332, 27.055], [93.66833333333332, 27.054166666666667], [93.66749999999999, 27.054166666666667], [93.66666666666666, 27.054166666666667], [93.66666666666666, 27.053333333333335], [93.66583333333332, 27.053333333333335], [93.66583333333332, 27.0525], [93.66499999999999, 27.0525], [93.66499999999999, 27.053333333333335], [93.66416666666666, 27.053333333333335], [93.66333333333333, 27.053333333333335], [93.66333333333333, 27.054166666666667], [93.66416666666666, 27.054166666666667], [93.66499999999999, 27.054166666666667], [93.66583333333332, 27.054166666666667], [93.66583333333332, 27.055], [93.66666666666666, 27.055], [93.66749999999999, 27.055]]]}}, {"type": "Feature", "properties": {"product": "forest_loss", "area_ha": 19.84}, "geometry": {"type": "Polygon", "coordinates": [[[93.66583333333332, 27.091666666666665], [93.66666666666666, 27.091666666666665], [93.66666666666666, 27.0925], [93.66749999999999, 27.0925], [93.66833333333332, 27.0925], [93.66833333333332, 27.093333333333334], [93.66833333333332, 27.094166666666666], [93.66916666666665, 27.094166666666666], [93.66916666666665, 27.093333333333334], [93.66999999999999, 27.093333333333334], [93.66999999999999, 27.0925], [93.66916666666665, 27.0925], [93.66916666666665, 27.091666666666665], [93.66999999999999, 27.091666666666665], [93.66999999999999, 27.090833333333332], [93.66999999999999, 27.09], [93.66916666666665, 27.09], [93.66833333333332, 27.09], [93.66749999999999, 27.09], [93.66666666666666, 27.09], [93.66666666666666, 27.089166666666667], [93.66749999999999, 27.089166666666667], [93.66833333333332, 27.089166666666667], [93.66916666666665, 27.089166666666667], [93.66916666666665, 27.088333333333335], [93.66833333333332, 27.088333333333335], [93.66833333333332, 27.0875], [93.66749999999999, 27.0875], [93.66749999999999, 27.088333333333335], [93.66666666666666, 27.088333333333335], [93.66583333333332, 27.088333333333335], [93.66499999999999, 27.088333333333335], [93.66499999999999, 27.089166666666667], [93.66499999999999, 27.09], [93.66499999999999, 27.090833333333332], [93.66499999999999, 27.091666666666665], [93.66583333333332, 27.091666666666665]]]}}, {"type": "Feature", "properties": {"product": "forest_loss", "area_ha": 22.13}, "geometry": {"type": "Polygon", "coordinates": [[[93.67166666666667, 27.096666666666668], [93.6725, 27.096666666666668], [93.6725, 27.095833333333335], [93.67333333333333, 27.095833333333335], [93.67416666666666, 27.095833333333335], [93.67416666666666, 27.095], [93.675, 27.095], [93.67583333333333, 27.095], [93.67666666666666, 27.095], [93.67666666666666, 27.094166666666666], [93.67666666666666, 27.093333333333334], [93.67583333333333, 27.093333333333334], [93.675, 27.093333333333334], [93.67416666666666, 27.093333333333334], [93.67333333333333, 27.093333333333334], [93.67333333333333, 27.094166666666666], [93.6725, 27.094166666666666], [93.6725, 27.093333333333334], [93.67166666666667, 27.093333333333334], [93.67166666666667, 27.0925], [93.67083333333333, 27.0925], [93.67083333333333, 27.093333333333334], [93.66999999999999, 27.093333333333334], [93.66999999999999, 27.094166666666666], [93.66916666666665, 27.094166666666666], [93.66916666666665, 27.095], [93.66916666666665, 27.095833333333335], [93.66916666666665, 27.096666666666668], [93.66999999999999, 27.096666666666668], [93.66999999999999, 27.0975], [93.67083333333333, 27.0975], [93.67166666666667, 27.0975], [93.67166666666667, 27.096666666666668]]]}}, {"type": "Feature", "properties": {"product": "forest_loss", "area_ha": 24.42}, "geometry": {"type": "Polygon", "coordinates": [[[93.66749999999999, 27.11], [93.66666666666666, 27.11], [93.66583333333332, 27.11], [93.66583333333332, 27.109166666666667], [93.66499999999999, 27.109166666666667], [93.66416666666666, 27.109166666666667], [93.66416666666666, 27.11], [93.66416666666666, 27.110833333333332], [93.66499999999999, 27.110833333333332], [93.66583333333332, 27.110833333333332], [93.66666666666666, 27.110833333333332], [93.66666666666666, 27.111666666666668], [93.66749999999999, 27.111666666666668], [93.66833333333332, 27.111666666666668], [93.66916666666665, 27.111666666666668], [93.66999999999999, 27.111666666666668], [93.66999999999999, 27.1125], [93.66916666666665, 27.1125], [93.66916666666665, 27.113333333333333], [93.66999999999999, 27.113333333333333], [93.67083333333333, 27.113333333333333], [93.67083333333333, 27.114166666666666], [93.67166666666667, 27.114166666666666], [93.67166666666667, 27.113333333333333], [93.67166666666667, 27.1125], [93.67166666666667, 27.111666666666668], [93.67166666666667, 27.110833333333332], [93.67083333333333, 27.110833333333332], [93.66999999999999, 27.110833333333332], [93.66999999999999, 27.11], [93.67083333333333, 27.11], [93.67083333333333, 27.109166666666667], [93.67166666666667, 27.109166666666667], [93.67166666666667, 27.108333333333334], [93.67083333333333, 27.108333333333334], [93.67083333333333, 27.1075], [93.67083333333333, 27.106666666666666], [93.66999999999999, 27.106666666666666], [93.66916666666665, 27.106666666666666], [93.66916666666665, 27.1075], [93.66833333333332, 27.1075], [93.66833333333332, 27.108333333333334], [93.66833333333332, 27.109166666666667], [93.66749999999999, 27.109166666666667], [93.66749999999999, 27.11]], [[93.66999999999999, 27.1075], [93.66999999999999, 27.108333333333334], [93.66916666666665, 27.108333333333334], [93.66916666666665, 27.1075], [93.66999999999999, 27.1075]], [[93.66916666666665, 27.109166666666667], [93.66916666666665, 27.11], [93.66833333333332, 27.11], [93.66833333333332, 27.109166666666667], [93.66916666666665, 27.109166666666667]]]}}, {"type": "Feature", "properties": {"product": "forest_loss", "area_ha": 6.1}, "geometry": {"type": "Polygon", "coordinates": [[[93.66666666666666, 27.145], [93.66666666666666, 27.144166666666667], [93.66749999999999, 27.144166666666667], [93.66833333333332, 27.144166666666667], [93.66833333333332, 27.143333333333334], [93.66749999999999, 27.143333333333334], [93.66666666666666, 27.143333333333334], [93.66666666666666, 27.1425], [93.66583333333332, 27.1425], [93.66499999999999, 27.1425], [93.66416666666666, 27.1425], [93.66333333333333, 27.1425], [93.66333333333333, 27.143333333333334], [93.66416666666666, 27.143333333333334], [93.66499999999999, 27.143333333333334], [93.66583333333332, 27.143333333333334], [93.66583333333332, 27.144166666666667], [93.66583333333332, 27.145], [93.66666666666666, 27.145]]]}}, {"type": "Feature", "properties": {"product": "forest_loss", "area_ha": 9.91}, "geometry": {"type": "Polygon", "coordinates": [[[93.66916666666665, 27.1825], [93.66999999999999, 27.1825], [93.67083333333333, 27.1825], [93.67166666666667, 27.1825], [93.6725, 27.1825], [93.6725, 27.18166666666667], [93.67166666666667, 27.18166666666667], [93.67083333333333, 27.18166666666667], [93.67083333333333, 27.180833333333332], [93.66999999999999, 27.180833333333332], [93.66999999999999, 27.18], [93.66916666666665, 27.18], [93.66833333333332, 27.18], [93.66749999999999, 27.18], [93.66666666666666, 27.18], [93.66666666666666, 27.180833333333332], [93.66666666666666, 27.18166666666667], [93.66749999999999, 27.18166666666667], [93.66833333333332, 27.18166666666667], [93.66833333333332, 27.1825], [93.66916666666665, 27.1825]], [[93.66833333333332, 27.180833333333332], [93.66916666666665, 27.180833333333332], [93.66916666666665, 27.18166666666667], [93.66833333333332, 27.18166666666667], [93.66833333333332, 27.180833333333332]]]}}, {"type": "Feature", "properties": {"product": "forest_loss", "area_ha": 6.86}, "geometry": {"type": "Polygon", "coordinates": [[[93.67083333333333, 27.2425], [93.67083333333333, 27.243333333333332], [93.67166666666667, 27.243333333333332], [93.6725, 27.243333333333332], [93.6725, 27.2425], [93.67166666666667, 27.2425], [93.67166666666667, 27.241666666666667], [93.67083333333333, 27.241666666666667], [93.67083333333333, 27.240833333333335], [93.66999999999999, 27.240833333333335], [93.66999999999999, 27.24], [93.66916666666665, 27.24], [93.66916666666665, 27.239166666666666], [93.66833333333332, 27.239166666666666], [93.66833333333332, 27.24], [93.66833333333332, 27.240833333333335], [93.66916666666665, 27.240833333333335], [93.66916666666665, 27.241666666666667], [93.66999999999999, 27.241666666666667], [93.66999999999999, 27.2425], [93.67083333333333, 27.2425]]]}}, {"type": "Feature", "properties": {"product": "forest_loss", "area_ha": 9.17}, "geometry": {"type": "Polygon", "coordinates": [[[93.675, 26.893333333333334], [93.675, 26.8925], [93.675, 26.891666666666666], [93.67416666666666, 26.891666666666666], [93.67416666666666, 26.890833333333333], [93.67416666666666, 26.89], [93.67416666666666, 26.889166666666668], [93.67333333333333, 26.889166666666668], [93.6725, 26.889166666666668], [93.6725, 26.89], [93.67166666666667, 26.89], [93.67166666666667, 26.890833333333333], [93.67166666666667, 26.891666666666666], [93.6725, 26.891666666666666], [93.6725, 26.8925], [93.67333333333333, 26.8925], [93.67416666666666, 26.8925], [93.67416666666666, 26.893333333333334], [93.675, 26.893333333333334]]]}}, {"type": "Feature", "properties": {"product": "forest_loss", "area_ha": 8.4}, "geometry": {"type": "Polygon", "coordinates": [[[93.67583333333333, 26.980833333333333], [93.67583333333333, 26.98], [93.67666666666666, 26.98], [93.67666666666666, 26.980833333333333], [93.6775, 26.980833333333333], [93.6775, 26.98], [93.6775, 26.979166666666668], [93.67666666666666, 26.979166666666668], [93.67666666666666, 26.97833333333333], [93.67666666666666, 26.9775], [93.67583333333333, 26.9775], [93.67583333333333, 26.97833333333333], [93.675, 26.97833333333333], [93.67416666666666, 26.97833333333333], [93.67416666666666, 26.979166666666668], [93.67416666666666, 26.98], [93.67416666666666, 26.980833333333333], [93.675, 26.980833333333333], [93.67583333333333, 26.980833333333333]]]}}, {"type": "Feature", "properties": {"product": "forest_loss", "area_ha": 9.93}, "geometry": {"type": "Polygon", "coordinates": [[[93.6725, 26.984166666666667], [93.67333333333333, 26.984166666666667], [93.67333333333333, 26.983333333333334], [93.67333333333333, 26.9825], [93.67416666666666, 26.9825], [93.67416666666666, 26.981666666666666], [93.67416666666666, 26.980833333333333], [93.67333333333333, 26.980833333333333], [93.67333333333333, 26.981666666666666], [93.6725, 26.981666666666666], [93.6725, 26.980833333333333], [93.67166666666667, 26.980833333333333], [93.67166666666667, 26.98], [93.67083333333333, 26.98], [93.66999999999999, 26.98], [93.66999999999999, 26.980833333333333], [93.67083333333333, 26.980833333333333], [93.67083333333333, 26.981666666666666], [93.66999999999999, 26.981666666666666], [93.66999999999999, 26.9825], [93.67083333333333, 26.9825], [93.67166666666667, 26.9825], [93.67166666666667, 26.983333333333334], [93.6725, 26.983333333333334], [93.6725, 26.984166666666667]]]}}, {"type": "Feature", "properties": {"product": "forest_loss", "area_ha": 8.4}, "geometry": {"type": "Polygon", "coordinates": [[[93.67333333333333, 27.000833333333333], [93.67416666666666, 27.000833333333333], [93.675, 27.000833333333333], [93.67583333333333, 27.000833333333333], [93.67666666666666, 27.000833333333333], [93.67666666666666, 27.0], [93.67583333333333, 27.0], [93.67583333333333, 26.999166666666667], [93.675, 26.999166666666667], [93.67416666666666, 26.999166666666667], [93.67416666666666, 26.998333333333335], [93.67333333333333, 26.998333333333335], [93.6725, 26.998333333333335], [93.6725, 26.999166666666667], [93.67333333333333, 26.999166666666667], [93.67333333333333, 27.0], [93.6725, 27.0], [93.6725, 27.000833333333333], [93.6725, 27.001666666666665], [93.67333333333333, 27.001666666666665], [93.67333333333333, 27.000833333333333]]]}}, {"type": "Feature", "properties": {"product": "forest_loss", "area_ha": 6.87}, "geometry": {"type": "Polygon", "coordinates": [[[93.67583333333333, 27.03], [93.67583333333333, 27.030833333333334], [93.67666666666666, 27.030833333333334], [93.6775, 27.030833333333334], [93.6775, 27.03], [93.67666666666666, 27.03], [93.67666666666666, 27.029166666666665], [93.67583333333333, 27.029166666666665], [93.675, 27.029166666666665], [93.675, 27.028333333333332], [93.67416666666666, 27.028333333333332], [93.67416666666666, 27.0275], [93.67333333333333, 27.0275], [93.6725, 27.0275], [93.6725, 27.028333333333332], [93.67333333333333, 27.028333333333332], [93.67333333333333, 27.029166666666665], [93.67416666666666, 27.029166666666665], [93.67416666666666, 27.03], [93.675, 27.03], [93.67583333333333, 27.03]]]}}, {"type": "Feature", "properties": {"product": "forest_loss", "area_ha": 6.11}, "geometry": {"type": "Polygon", "coordinates": [[[93.67583333333333, 27.035], [93.67583333333333, 27.034166666666668], [93.675, 27.034166666666668], [93.675, 27.033333333333335], [93.67416666666666, 27.033333333333335], [93.67416666666666, 27.034166666666668], [93.67333333333333, 27.034166666666668], [93.6725, 27.034166666666668], [93.6725, 27.033333333333335], [93.67166666666667, 27.033333333333335], [93.67083333333333, 27.033333333333335], [93.67083333333333, 27.034166666666668], [93.67166666666667, 27.034166666666668], [93.67166666666667, 27.035], [93.6725, 27.035], [93.67333333333333, 27.035], [93.67416666666666, 27.035], [93.675, 27.035], [93.67583333333333, 27.035]]]}}, {"type": "Feature", "properties": {"product": "forest_loss", "area_ha": 6.87}, "geometry": {"type": "Polygon", "coordinates": [[[93.67583333333333, 27.089166666666667], [93.67666666666666, 27.089166666666667], [93.6775, 27.089166666666667], [93.6775, 27.088333333333335], [93.67666666666666, 27.088333333333335], [93.67666666666666, 27.0875], [93.67583333333333, 27.0875], [93.675, 27.0875], [93.67416666666666, 27.0875], [93.67333333333333, 27.0875], [93.67333333333333, 27.088333333333335], [93.67333333333333, 27.089166666666667], [93.67416666666666, 27.089166666666667], [93.675, 27.089166666666667], [93.67583333333333, 27.089166666666667]]]}}, {"type": "Feature", "properties": {"product": "forest_loss", "area_ha": 6.87}, "geometry": {"type": "Polygon", "coordinates": [[[93.675, 27.106666666666666], [93.67583333333333, 27.106666666666666], [93.67583333333333, 27.105833333333333], [93.67666666666666, 27.105833333333333], [93.67666666666666, 27.105], [93.6775, 27.105], [93.6775, 27.104166666666668], [93.67666666666666, 27.104166666666668], [93.67583333333333, 27.104166666666668], [93.675, 27.104166666666668], [93.67416666666666, 27.104166666666668], [93.67416666666666, 27.105], [93.67416666666666, 27.105833333333333], [93.67416666666666, 27.106666666666666], [93.675, 27.106666666666666]]]}}, {"type": "Feature", "properties": {"product": "forest_loss", "area_ha": 6.86}, "geometry": {"type": "Polygon", "coordinates": [[[93.67333333333333, 27.171666666666667], [93.67416666666666, 27.171666666666667], [93.67416666666666, 27.170833333333334], [93.675, 27.170833333333334], [93.67583333333333, 27.170833333333334], [93.67666666666666, 27.170833333333334], [93.6775, 27.170833333333334], [93.67833333333333, 27.170833333333334], [93.67916666666666, 27.170833333333334], [93.67916666666666, 27.17], [93.67833333333333, 27.17], [93.6775, 27.17], [93.67666666666666, 27.17], [93.67583333333333, 27.17], [93.675, 27.17], [93.67416666666666, 27.17], [93.67333333333333, 27.17], [93.67333333333333, 27.170833333333334], [93.6725, 27.170833333333334], [93.6725, 27.171666666666667], [93.67333333333333, 27.171666666666667]]]}}, {"type": "Feature", "properties": {"product": "forest_loss", "area_ha": 9.93}, "geometry": {"type": "Polygon", "coordinates": [[[93.67833333333333, 26.989166666666666], [93.6775, 26.989166666666666], [93.67666666666666, 26.989166666666666], [93.67666666666666, 26.99], [93.6775, 26.99], [93.67833333333333, 26.99], [93.67916666666666, 26.99], [93.67916666666666, 26.990833333333335], [93.67999999999999, 26.990833333333335], [93.67999999999999, 26.991666666666667], [93.68083333333333, 26.991666666666667], [93.68083333333333, 26.9925], [93.68083333333333, 26.993333333333332], [93.68166666666666, 26.993333333333332], [93.68166666666666, 26.994166666666665], [93.68249999999999, 26.994166666666665], [93.68249999999999, 26.993333333333332], [93.68249999999999, 26.9925], [93.68166666666666, 26.9925], [93.68166666666666, 26.991666666666667], [93.68166666666666, 26.990833333333335], [93.68166666666666, 26.99], [93.68083333333333, 26.99], [93.67999999999999, 26.99], [93.67999999999999, 26.989166666666666], [93.67916666666666, 26.989166666666666], [93.67833333333333, 26.989166666666666]]]}}, {"type": "Feature", "properties": {"product": "forest_loss", "area_ha": 27.49}, "geometry": {"type": "Polygon", "coordinates": [[[93.67916666666666, 27.003333333333334], [93.67916666666666, 27.004166666666666], [93.67999999999999, 27.004166666666666], [93.68083333333333, 27.004166666666666], [93.68166666666666, 27.004166666666666], [93.68249999999999, 27.004166666666666], [93.68249999999999, 27.003333333333334], [93.68333333333332, 27.003333333333334], [93.68333333333332, 27.0025], [93.68249999999999, 27.0025], [93.68166666666666, 27.0025], [93.68166666666666, 27.003333333333334], [93.68083333333333, 27.003333333333334], [93.68083333333333, 27.0025], [93.68083333333333, 27.001666666666665], [93.68166666666666, 27.001666666666665], [93.68249999999999, 27.001666666666665], [93.68333333333332, 27.001666666666665], [93.68333333333332, 27.000833333333333], [93.68416666666666, 27.000833333333333], [93.68499999999999, 27.000833333333333], [93.68499999999999, 27.0], [93.68583333333332, 27.0], [93.68583333333332, 26.999166666666667], [93.68499999999999, 26.999166666666667], [93.68416666666666, 26.999166666666667], [93.68333333333332, 26.999166666666667], [93.68333333333332, 26.998333333333335], [93.68249999999999, 26.998333333333335], [93.68166666666666, 26.998333333333335], [93.68166666666666, 26.999166666666667], [93.68249999999999, 26.999166666666667], [93.68249999999999, 27.0], [93.68166666666666, 27.0], [93.68083333333333, 27.0], [93.67999999999999, 27.0], [93.67999999999999, 26.999166666666667], [93.67916666666666, 26.999166666666667], [93.67833333333333, 26.999166666666667], [93.67833333333333, 27.0], [93.67833333333333, 27.000833333333333], [93.6775, 27.000833333333333], [93.6775, 27.001666666666665], [93.6775, 27.0025], [93.67833333333333, 27.0025], [93.67833333333333, 27.003333333333334], [93.67916666666666, 27.003333333333334]]]}}, {"type": "Feature", "properties": {"product": "forest_loss", "area_ha": 9.16}, "geometry": {"type": "Polygon", "coordinates": [[[93.67999999999999, 27.020833333333332], [93.67999999999999, 27.02], [93.67916666666666, 27.02], [93.67916666666666, 27.019166666666667], [93.67916666666666, 27.018333333333334], [93.67833333333333, 27.018333333333334], [93.6775, 27.018333333333334], [93.6775, 27.0175], [93.67666666666666, 27.0175], [93.67666666666666, 27.018333333333334], [93.67666666666666, 27.019166666666667], [93.6775, 27.019166666666667], [93.6775, 27.02], [93.67833333333333, 27.02], [93.67833333333333, 27.020833333333332], [93.67833333333333, 27.02166666666667], [93.67833333333333, 27.0225], [93.67916666666666, 27.0225], [93.67999999999999, 27.0225], [93.67999999999999, 27.02166666666667], [93.67999999999999, 27.020833333333332]]]}}, {"type": "Feature", "properties": {"product": "forest_loss", "area_ha": 6.87}, "geometry": {"type": "Polygon", "coordinates": [[[93.67833333333333, 27.036666666666665], [93.67916666666666, 27.036666666666665], [93.67999999999999, 27.036666666666665], [93.67999999999999, 27.035833333333333], [93.67916666666666, 27.035833333333333], [93.67916666666666, 27.035], [93.67916666666666, 27.034166666666668], [93.67833333333333, 27.034166666666668], [93.67833333333333, 27.033333333333335], [93.6775, 27.033333333333335], [93.6775, 27.0325], [93.67666666666666, 27.0325], [93.67583333333333, 27.0325], [93.67583333333333, 27.033333333333335], [93.67666666666666, 27.033333333333335], [93.67666666666666, 27.034166666666668], [93.6775, 27.034166666666668], [93.6775, 27.035], [93.67833333333333, 27.035], [93.67833333333333, 27.035833333333333], [93.67833333333333, 27.036666666666665]]]}}, {"type": "Feature", "properties": {"product": "forest_loss", "area_ha": 58.0}, "geometry": {"type": "Polygon", "coordinates": [[[93.68166666666666, 27.090833333333332], [93.68249999999999, 27.090833333333332], [93.68249999999999, 27.09], [93.68249999999999, 27.089166666666667], [93.68333333333332, 27.089166666666667], [93.68333333333332, 27.088333333333335], [93.68416666666666, 27.088333333333335], [93.68499999999999, 27.088333333333335], [93.68583333333332, 27.088333333333335], [93.68666666666667, 27.088333333333335], [93.68666666666667, 27.089166666666667], [93.6875, 27.089166666666667], [93.6875, 27.09], [93.68833333333333, 27.09], [93.68916666666667, 27.09], [93.68916666666667, 27.089166666666667], [93.68833333333333, 27.089166666666667], [93.68833333333333, 27.088333333333335], [93.68916666666667, 27.088333333333335], [93.69, 27.088333333333335], [93.69083333333333, 27.088333333333335], [93.69166666666666, 27.088333333333335], [93.6925, 27.088333333333335], [93.6925, 27.0875], [93.6925, 27.086666666666666], [93.69333333333333, 27.086666666666666], [93.69333333333333, 27.085833333333333], [93.69333333333333, 27.085], [93.6925, 27.085], [93.6925, 27.08416666666667], [93.69166666666666, 27.08416666666667], [93.69083333333333, 27.08416666666667], [93.69083333333333, 27.083333333333332], [93.69, 27.083333333333332], [93.68916666666667, 27.083333333333332], [93.68916666666667, 27.08416666666667], [93.68916666666667, 27.085], [93.68833333333333, 27.085], [93.6875, 27.085], [93.68666666666667, 27.085], [93.68666666666667, 27.085833333333333], [93.68583333333332, 27.085833333333333], [93.68583333333332, 27.085], [93.68499999999999, 27.085], [93.68499999999999, 27.08416666666667], [93.68583333333332, 27.08416666666667], [93.68666666666667, 27.08416666666667], [93.68666666666667, 27.083333333333332], [93.6875, 27.083333333333332], [93.6875, 27.0825], [93.6875, 27.081666666666667], [93.68666666666667, 27.081666666666667], [93.68666666666667, 27.0825], [93.68583333333332, 27.0825], [93.68583333333332, 27.081666666666667], [93.68499999999999, 27.081666666666667], [93.68416666666666, 27.081666666666667], [93.68333333333332, 27.081666666666667], [93.68333333333332, 27.0825], [93.68333333333332, 27.083333333333332], [93.68333333333332, 27.08416666666667], [93.68333333333332, 27.085], [93.68333333333332, 27.085833333333333], [93.68249999999999, 27.085833333333333], [93.68249999999999, 27.086666666666666], [93.68166666666666, 27.086666666666666], [93.68166666666666, 27.0875], [93.68166666666666, 27.088333333333335], [93.68166666666666, 27.089166666666667], [93.68083333333333, 27.089166666666667], [93.68083333333333, 27.09], [93.68083333333333, 27.090833333333332], [93.68166666666666, 27.090833333333332]], [[93.6925, 27.085833333333333], [93.69166666666666, 27.085833333333333], [93.69166666666666, 27.085], [93.6925, 27.085], [93.6925, 27.085833333333333]], [[93.69166666666666, 27.086666666666666], [93.69083333333333, 27.086666666666666], [93.69083333333333, 27.085833333333333], [93.69166666666666, 27.085833333333333], [93.69166666666666, 27.086666666666666]], [[93.69083333333333, 27.085], [93.69, 27.085], [93.69, 27.08416666666667], [93.69083333333333, 27.08416666666667], [93.69083333333333, 27.085]], [[93.68499999999999, 27.083333333333332], [93.68416666666666, 27.083333333333332], [93.68416666666666, 27.0825], [93.68499999999999, 27.0825], [93.68499999999999, 27.083333333333332]], [[93.68499999999999, 27.0875], [93.68499999999999, 27.086666666666666], [93.68583333333332, 27.086666666666666], [93.68583333333332, 27.0875], [93.68499999999999, 27.0875]]]}}, {"type": "Feature", "properties": {"product": "forest_loss", "area_ha": 25.18}, "geometry": {"type": "Polygon", "coordinates": [[[93.67833333333333, 27.106666666666666], [93.67833333333333, 27.1075], [93.67916666666666, 27.1075], [93.67999999999999, 27.1075], [93.68083333333333, 27.1075], [93.68166666666666, 27.1075], [93.68166666666666, 27.108333333333334], [93.68249999999999, 27.108333333333334], [93.68333333333332, 27.108333333333334], [93.68416666666666, 27.108333333333334], [93.68416666666666, 27.109166666666667], [93.68499999999999, 27.109166666666667], [93.68583333333332, 27.109166666666667], [93.68666666666667, 27.109166666666667], [93.68666666666667, 27.11], [93.68666666666667, 27.110833333333332], [93.6875, 27.110833333333332], [93.6875, 27.111666666666668], [93.68833333333333, 27.111666666666668], [93.68833333333333, 27.110833333333332], [93.68833333333333, 27.11], [93.68833333333333, 27.109166666666667], [93.6875, 27.109166666666667], [93.6875, 27.108333333333334], [93.68666666666667, 27.108333333333334], [93.68666666666667, 27.1075], [93.68583333333332, 27.1075], [93.68583333333332, 27.106666666666666], [93.68499999999999, 27.106666666666666], [93.68416666666666, 27.106666666666666], [93.68416666666666, 27.1075], [93.68333333333332, 27.1075], [93.68249999999999, 27.1075], [93.68249999999999, 27.106666666666666], [93.68249999999999, 27.105833333333333], [93.68249999999999, 27.105], [93.68166666666666, 27.105], [93.68083333333333, 27.105], [93.68083333333333, 27.104166666666668], [93.67999999999999, 27.104166666666668], [93.67999999999999, 27.10333333333333], [93.67916666666666, 27.10333333333333], [93.67916666666666, 27.104166666666668], [93.67916666666666, 27.105], [93.67833333333333, 27.105], [93.67833333333333, 27.105833333333333], [93.67916666666666, 27.105833333333333], [93.67916666666666, 27.106666666666666], [93.67833333333333, 27.106666666666666]], [[93.68583333333332, 27.108333333333334], [93.68499999999999, 27.108333333333334], [93.68499999999999, 27.1075], [93.68583333333332, 27.1075], [93.68583333333332, 27.108333333333334]]]}}, {"type": "Feature", "properties": {"product": "forest_loss", "area_ha": 7.63}, "geometry": {"type": "Polygon", "coordinates": [[[93.68333333333332, 27.143333333333334], [93.68416666666666, 27.143333333333334], [93.68499999999999, 27.143333333333334], [93.68499999999999, 27.144166666666667], [93.68583333333332, 27.144166666666667], [93.68666666666667, 27.144166666666667], [93.6875, 27.144166666666667], [93.6875, 27.143333333333334], [93.68666666666667, 27.143333333333334], [93.68583333333332, 27.143333333333334], [93.68583333333332, 27.1425], [93.68499999999999, 27.1425], [93.68416666666666, 27.1425], [93.68333333333332, 27.1425], [93.68249999999999, 27.1425], [93.68166666666666, 27.1425], [93.68083333333333, 27.1425], [93.67999999999999, 27.1425], [93.67999999999999, 27.143333333333334], [93.68083333333333, 27.143333333333334], [93.68166666666666, 27.143333333333334], [93.68249999999999, 27.143333333333334], [93.68333333333332, 27.143333333333334]]]}}, {"type": "Feature", "properties": {"product": "forest_loss", "area_ha": 9.15}, "geometry": {"type": "Polygon", "coordinates": [[[93.68083333333333, 27.185], [93.68083333333333, 27.185833333333335], [93.68166666666666, 27.185833333333335], [93.68166666666666, 27.185], [93.68166666666666, 27.184166666666666], [93.68249999999999, 27.184166666666666], [93.68249999999999, 27.185], [93.68249999999999, 27.185833333333335], [93.68249999999999, 27.186666666666667], [93.68166666666666, 27.186666666666667], [93.68166666666666, 27.1875], [93.68249999999999, 27.1875], [93.68333333333332, 27.1875], [93.68333333333332, 27.186666666666667], [93.68333333333332, 27.185833333333335], [93.68333333333332, 27.185], [93.68333333333332, 27.184166666666666], [93.68416666666666, 27.184166666666666], [93.68416666666666, 27.183333333333334], [93.68333333333332, 27.183333333333334], [93.68249999999999, 27.183333333333334], [93.68166666666666, 27.183333333333334], [93.68083333333333, 27.183333333333334], [93.67999999999999, 27.183333333333334], [93.67999999999999, 27.184166666666666], [93.68083333333333, 27.184166666666666], [93.68083333333333, 27.185]]]}}, {"type": "Feature", "properties": {"product": "forest_loss", "area_ha": 7.62}, "geometry": {"type": "Polygon", "coordinates": [[[93.67916666666666, 27.1875], [93.67916666666666, 27.186666666666667], [93.67916666666666, 27.185833333333335], [93.67916666666666, 27.185], [93.67833333333333, 27.185], [93.6775, 27.185], [93.67666666666666, 27.185], [93.67666666666666, 27.185833333333335], [93.67666666666666, 27.186666666666667], [93.6775, 27.186666666666667], [93.6775, 27.185833333333335], [93.67833333333333, 27.185833333333335], [93.67833333333333, 27.186666666666667], [93.67833333333333, 27.1875], [93.6775, 27.1875], [93.67666666666666, 27.1875], [93.67583333333333, 27.1875], [93.67583333333333, 27.188333333333333], [93.67666666666666, 27.188333333333333], [93.6775, 27.188333333333333], [93.67833333333333, 27.188333333333333], [93.67916666666666, 27.188333333333333], [93.67916666666666, 27.1875]]]}}, {"type": "Feature", "properties": {"product": "forest_loss", "area_ha": 6.1}, "geometry": {"type": "Polygon", "coordinates": [[[93.67916666666666, 27.224166666666665], [93.67999999999999, 27.224166666666665], [93.67999999999999, 27.223333333333333], [93.67916666666666, 27.223333333333333], [93.67916666666666, 27.2225], [93.67833333333333, 27.2225], [93.67833333333333, 27.221666666666668], [93.6775, 27.221666666666668], [93.6775, 27.220833333333335], [93.67666666666666, 27.220833333333335], [93.67666666666666, 27.221666666666668], [93.67666666666666, 27.2225], [93.6775, 27.2225], [93.6775, 27.223333333333333], [93.67833333333333, 27.223333333333333], [93.67833333333333, 27.224166666666665], [93.67833333333333, 27.225], [93.67916666666666, 27.225], [93.67916666666666, 27.224166666666665]]]}}, {"type": "Feature", "properties": {"product": "forest_loss", "area_ha": 13.75}, "geometry": {"type": "Polygon", "coordinates": [[[93.68499999999999, 26.986666666666668], [93.68499999999999, 26.9875], [93.68499999999999, 26.988333333333333], [93.68583333333332, 26.988333333333333], [93.68583333333332, 26.9875], [93.68583333333332, 26.986666666666668], [93.68666666666667, 26.986666666666668], [93.68666666666667, 26.9875], [93.6875, 26.9875], [93.68833333333333, 26.9875], [93.68833333333333, 26.986666666666668], [93.6875, 26.986666666666668], [93.6875, 26.985833333333332], [93.6875, 26.985], [93.68666666666667, 26.985], [93.68666666666667, 26.984166666666667], [93.68583333333332, 26.984166666666667], [93.68583333333332, 26.983333333333334], [93.68583333333332, 26.9825], [93.68499999999999, 26.9825], [93.68416666666666, 26.9825], [93.68416666666666, 26.983333333333334], [93.68416666666666, 26.984166666666667], [93.68416666666666, 26.985], [93.68416666666666, 26.985833333333332], [93.68499999999999, 26.985833333333332], [93.68499999999999, 26.986666666666668]]]}}, {"type": "Feature", "properties": {"product": "forest_loss", "area_ha": 7.64}, "geometry": {"type": "Polygon", "coordinates": [[[93.68666666666667, 26.999166666666667], [93.6875, 26.999166666666667], [93.6875, 26.998333333333335], [93.6875, 26.9975], [93.68666666666667, 26.9975], [93.68666666666667, 26.996666666666666], [93.6875, 26.996666666666666], [93.68833333333333, 26.996666666666666], [93.68833333333333, 26.995833333333334], [93.6875, 26.995833333333334], [93.68666666666667, 26.995833333333334], [93.68583333333332, 26.995833333333334], [93.68583333333332, 26.996666666666666], [93.68499999999999, 26.996666666666666], [93.68416666666666, 26.996666666666666], [93.68416666666666, 26.9975], [93.68499999999999, 26.9975], [93.68499999999999, 26.998333333333335], [93.68583333333332, 26.998333333333335], [93.68666666666667, 26.998333333333335], [93.68666666666667, 26.999166666666667]]]}}, {"type": "Feature", "properties": {"product": "forest_loss", "area_ha": 23.67}, "geometry": {"type": "Polygon", "coordinates": [[[93.68416666666666, 27.0075], [93.68416666666666, 27.008333333333333], [93.68499999999999, 27.008333333333333], [93.68499999999999, 27.0075], [93.68583333333332, 27.0075], [93.68583333333332, 27.006666666666668], [93.68666666666667, 27.006666666666668], [93.68666666666667, 27.00583333333333], [93.6875, 27.00583333333333], [93.68833333333333, 27.00583333333333], [93.68916666666667, 27.00583333333333], [93.68916666666667, 27.005], [93.68916666666667, 27.004166666666666], [93.69, 27.004166666666666], [93.69, 27.003333333333334], [93.69, 27.0025], [93.68916666666667, 27.0025], [93.68916666666667, 27.003333333333334], [93.68833333333333, 27.003333333333334], [93.6875, 27.003333333333334], [93.68666666666667, 27.003333333333334], [93.68666666666667, 27.0025], [93.68583333333332, 27.0025], [93.68583333333332, 27.001666666666665], [93.68499999999999, 27.001666666666665], [93.68499999999999, 27.0025], [93.68416666666666, 27.0025], [93.68416666666666, 27.003333333333334], [93.68416666666666, 27.004166666666666], [93.68416666666666, 27.005], [93.68416666666666, 27.00583333333333], [93.68416666666666, 27.006666666666668], [93.68333333333332, 27.006666666666668], [93.68333333333332, 27.0075], [93.68416666666666, 27.0075]]]}}, {"type": "Feature", "properties": {"product": "forest_loss", "area_ha": 6.1}, "geometry": {"type": "Polygon", "coordinates": [[[93.68333333333332, 27.099166666666665], [93.68333333333332, 27.1], [93.68416666666666, 27.1], [93.68416666666666, 27.099166666666665], [93.68499999999999, 27.099166666666665], [93.68499999999999, 27.098333333333333], [93.68416666666666, 27.098333333333333], [93.68416666666666, 27.0975], [93.68333333333332, 27.0975], [93.68333333333332, 27.098333333333333], [93.68249999999999, 27.098333333333333], [93.68249999999999, 27.0975], [93.68249999999999, 27.096666666666668], [93.68166666666666, 27.096666666666668], [93.68166666666666, 27.0975], [93.68166666666666, 27.098333333333333], [93.68166666666666, 27.099166666666665], [93.68249999999999, 27.099166666666665], [93.68333333333332, 27.099166666666665]]]}}, {"type": "Feature", "properties": {"product": "forest_loss", "area_ha": 6.87}, "geometry": {"type": "Polygon", "coordinates": [[[93.68583333333332, 27.1175], [93.68499999999999, 27.1175], [93.68416666666666, 27.1175], [93.68416666666666, 27.116666666666667], [93.68333333333332, 27.116666666666667], [93.68249999999999, 27.116666666666667], [93.68249999999999, 27.1175], [93.68333333333332, 27.1175], [93.68333333333332, 27.118333333333332], [93.68416666666666, 27.118333333333332], [93.68499999999999, 27.118333333333332], [93.68499999999999, 27.11916666666667], [93.68583333333332, 27.11916666666667], [93.68666666666667, 27.11916666666667], [93.6875, 27.11916666666667], [93.6875, 27.118333333333332], [93.68666666666667, 27.118333333333332], [93.68666666666667, 27.1175], [93.68583333333332, 27.1175]]]}}, {"type": "Feature", "properties": {"product": "forest_loss", "area_ha": 51.12}, "geometry": {"type": "Polygon", "coordinates": [[[93.68499999999999, 27.126666666666665], [93.68583333333332, 27.126666666666665], [93.68666666666667, 27.126666666666665], [93.68666666666667, 27.125833333333333], [93.6875, 27.125833333333333], [93.6875, 27.126666666666665], [93.68833333333333, 27.126666666666665], [93.68833333333333, 27.125833333333333], [93.68916666666667, 27.125833333333333], [93.69, 27.125833333333333], [93.69083333333333, 27.125833333333333], [93.69166666666666, 27.125833333333333], [93.6925, 27.125833333333333], [93.69333333333333, 27.125833333333333], [93.69333333333333, 27.125], [93.69416666666666, 27.125], [93.69416666666666, 27.125833333333333], [93.695, 27.125833333333333], [93.695, 27.125], [93.69583333333333, 27.125], [93.69666666666666, 27.125], [93.69666666666666, 27.124166666666667], [93.69749999999999, 27.124166666666667], [93.69833333333332, 27.124166666666667], [93.69833333333332, 27.125], [93.69916666666666, 27.125], [93.69916666666666, 27.124166666666667], [93.69916666666666, 27.123333333333335], [93.69833333333332, 27.123333333333335], [93.69833333333332, 27.1225], [93.69833333333332, 27.121666666666666], [93.69916666666666, 27.121666666666666], [93.69916666666666, 27.120833333333334], [93.69833333333332, 27.120833333333334], [93.69833333333332, 27.12], [93.69749999999999, 27.12], [93.69666666666666, 27.12], [93.69583333333333, 27.12], [93.695, 27.12], [93.695, 27.120833333333334], [93.69416666666666, 27.120833333333334], [93.69333333333333, 27.120833333333334], [93.69333333333333, 27.121666666666666], [93.69333333333333, 27.1225], [93.6925, 27.1225], [93.69166666666666, 27.1225], [93.69083333333333, 27.1225], [93.69, 27.1225], [93.68916666666667, 27.1225], [93.68916666666667, 27.123333333333335], [93.69, 27.123333333333335], [93.69, 27.124166666666667], [93.68916666666667, 27.124166666666667], [93.68916666666667, 27.125], [93.68833333333333, 27.125], [93.6875, 27.125], [93.68666666666667, 27.125], [93.68666666666667, 27.124166666666667], [93.68583333333332, 27.124166666666667], [93.68499999999999, 27.124166666666667], [93.68416666666666, 27.124166666666667], [93.68416666666666, 27.125], [93.68416666666666, 27.125833333333333], [93.68333333333332, 27.125833333333333], [93.68333333333332, 27.126666666666665], [93.68416666666666, 27.126666666666665], [93.68416666666666, 27.1275], [93.68499999999999, 27.1275], [93.68499999999999, 27.126666666666665]], [[93.69416666666666, 27.1225], [93.695, 27.1225], [93.695, 27.123333333333335], [93.69416666666666, 27.123333333333335], [93.69333333333333, 27.123333333333335], [93.69333333333333, 27.1225], [93.69416666666666, 27.1225]], [[93.69749999999999, 27.121666666666666], [93.69666666666666, 27.121666666666666], [93.69666666666666, 27.120833333333334], [93.69749999999999, 27.120833333333334], [93.69749999999999, 27.121666666666666]]]}}, {"type": "Feature", "properties": {"product": "forest_loss", "area_ha": 7.62}, "geometry": {"type": "Polygon", "coordinates": [[[93.6875, 27.188333333333333], [93.68666666666667, 27.188333333333333], [93.68666666666667, 27.1875], [93.6875, 27.1875], [93.6875, 27.186666666666667], [93.68666666666667, 27.186666666666667], [93.68583333333332, 27.186666666666667], [93.68499999999999, 27.186666666666667], [93.68416666666666, 27.186666666666667], [93.68416666666666, 27.1875], [93.68416666666666, 27.188333333333333], [93.68499999999999, 27.188333333333333], [93.68499999999999, 27.189166666666665], [93.68583333333332, 27.189166666666665], [93.68583333333332, 27.19], [93.68666666666667, 27.19], [93.68666666666667, 27.189166666666665], [93.6875, 27.189166666666665], [93.6875, 27.188333333333333]], [[93.68499999999999, 27.1875], [93.68583333333332, 27.1875], [93.68583333333332, 27.188333333333333], [93.68499999999999, 27.188333333333333], [93.68499999999999, 27.1875]]]}}, {"type": "Feature", "properties": {"product": "forest_loss", "area_ha": 11.43}, "geometry": {"type": "Polygon", "coordinates": [[[93.68249999999999, 27.239166666666666], [93.68249999999999, 27.24], [93.68333333333332, 27.24], [93.68416666666666, 27.24], [93.68499999999999, 27.24], [93.68499999999999, 27.239166666666666], [93.68583333333332, 27.239166666666666], [93.68583333333332, 27.238333333333333], [93.68666666666667, 27.238333333333333], [93.6875, 27.238333333333333], [93.6875, 27.2375], [93.6875, 27.236666666666668], [93.68666666666667, 27.236666666666668], [93.68583333333332, 27.236666666666668], [93.68499999999999, 27.236666666666668], [93.68499999999999, 27.2375], [93.68499999999999, 27.238333333333333], [93.68416666666666, 27.238333333333333], [93.68416666666666, 27.2375], [93.68333333333332, 27.2375], [93.68249999999999, 27.2375], [93.68249999999999, 27.238333333333333], [93.68249999999999, 27.239166666666666]]]}}, {"type": "Feature", "properties": {"product": "forest_loss", "area_ha": 16.8}, "geometry": {"type": "Polygon", "coordinates": [[[93.69166666666666, 26.993333333333332], [93.6925, 26.993333333333332], [93.6925, 26.9925], [93.69333333333333, 26.9925], [93.69333333333333, 26.993333333333332], [93.69333333333333, 26.994166666666665], [93.69416666666666, 26.994166666666665], [93.695, 26.994166666666665], [93.69583333333333, 26.994166666666665], [93.69666666666666, 26.994166666666665], [93.69749999999999, 26.994166666666665], [93.69749999999999, 26.993333333333332], [93.69666666666666, 26.993333333333332], [93.69666666666666, 26.9925], [93.69666666666666, 26.991666666666667], [93.69583333333333, 26.991666666666667], [93.69583333333333, 26.9925], [93.695, 26.9925], [93.69416666666666, 26.9925], [93.69416666666666, 26.991666666666667], [93.69333333333333, 26.991666666666667], [93.6925, 26.991666666666667], [93.6925, 26.990833333333335], [93.69333333333333, 26.990833333333335], [93.69333333333333, 26.99], [93.69333333333333, 26.989166666666666], [93.6925, 26.989166666666666], [93.6925, 26.988333333333333], [93.69166666666666, 26.988333333333333], [93.69083333333333, 26.988333333333333], [93.69083333333333, 26.989166666666666], [93.69083333333333, 26.99], [93.69166666666666, 26.99], [93.69166666666666, 26.990833333333335], [93.69166666666666, 26.991666666666667], [93.69166666666666, 26.9925], [93.69166666666666, 26.993333333333332]]]}}, {"type": "Feature", "properties": {"product": "forest_loss", "area_ha": 6.11}, "geometry": {"type": "Polygon", "coordinates": [[[93.69333333333333, 27.041666666666668], [93.69333333333333, 27.04083333333333], [93.69333333333333, 27.04], [93.6925, 27.04], [93.6925, 27.039166666666667], [93.69166666666666, 27.039166666666667], [93.69166666666666, 27.038333333333334], [93.69083333333333, 27.038333333333334], [93.69, 27.038333333333334], [93.68916666666667, 27.038333333333334], [93.68916666666667, 27.039166666666667], [93.69, 27.039166666666667], [93.69083333333333, 27.039166666666667], [93.69083333333333, 27.04], [93.69166666666666, 27.04], [93.69166666666666, 27.04083333333333], [93.6925, 27.04083333333333], [93.6925, 27.041666666666668], [93.69333333333333, 27.041666666666668]]]}}, {"type": "Feature", "properties": {"product": "forest_loss", "area_ha": 9.92}, "geometry": {"type": "Polygon", "coordinates": [[[93.6925, 27.048333333333332], [93.6925, 27.049166666666668], [93.69333333333333, 27.049166666666668], [93.69416666666666, 27.049166666666668], [93.69416666666666, 27.048333333333332], [93.695, 27.048333333333332], [93.695, 27.049166666666668], [93.69583333333333, 27.049166666666668], [93.69666666666666, 27.049166666666668], [93.69666666666666, 27.048333333333332], [93.69583333333333, 27.048333333333332], [93.69583333333333, 27.0475], [93.695, 27.0475], [93.695, 27.046666666666667], [93.69416666666666, 27.046666666666667], [93.69416666666666, 27.045833333333334], [93.69416666666666, 27.045], [93.69333333333333, 27.045], [93.69333333333333, 27.045833333333334], [93.6925, 27.045833333333334], [93.6925, 27.046666666666667], [93.6925, 27.0475], [93.69333333333333, 27.0475], [93.69333333333333, 27.048333333333332], [93.6925, 27.048333333333332]]]}}, {"type": "Feature", "properties": {"product": "forest_loss", "area_ha": 6.87}, "geometry": {"type": "Polygon", "coordinates": [[[93.695, 27.1175], [93.69583333333333, 27.1175], [93.69583333333333, 27.116666666666667], [93.695, 27.116666666666667], [93.695, 27.115833333333335], [93.69416666666666, 27.115833333333335], [93.69333333333333, 27.115833333333335], [93.69333333333333, 27.115], [93.69333333333333, 27.114166666666666], [93.69333333333333, 27.113333333333333], [93.6925, 27.113333333333333], [93.6925, 27.114166666666666], [93.69166666666666, 27.114166666666666], [93.69166666666666, 27.115], [93.6925, 27.115], [93.6925, 27.115833333333335], [93.6925, 27.116666666666667], [93.69333333333333, 27.116666666666667], [93.69416666666666, 27.116666666666667], [93.69416666666666, 27.1175], [93.695, 27.1175]]]}}, {"type": "Feature", "properties": {"product": "forest_loss", "area_ha": 16.78}, "geometry": {"type": "Polygon", "coordinates": [[[93.69, 27.145833333333332], [93.69083333333333, 27.145833333333332], [93.69166666666666, 27.145833333333332], [93.69166666666666, 27.14666666666667], [93.6925, 27.14666666666667], [93.6925, 27.145833333333332], [93.69333333333333, 27.145833333333332], [93.69333333333333, 27.14666666666667], [93.69333333333333, 27.1475], [93.69416666666666, 27.1475], [93.69416666666666, 27.148333333333333], [93.69416666666666, 27.149166666666666], [93.695, 27.149166666666666], [93.695, 27.148333333333333], [93.69583333333333, 27.148333333333333], [93.69666666666666, 27.148333333333333], [93.69749999999999, 27.148333333333333], [93.69749999999999, 27.1475], [93.69666666666666, 27.1475], [93.69583333333333, 27.1475], [93.69583333333333, 27.14666666666667], [93.695, 27.14666666666667], [93.695, 27.145833333333332], [93.695, 27.145], [93.69416666666666, 27.145], [93.69333333333333, 27.145], [93.6925, 27.145], [93.6925, 27.144166666666667], [93.6925, 27.143333333333334], [93.6925, 27.1425], [93.69166666666666, 27.1425], [93.69083333333333, 27.1425], [93.69, 27.1425], [93.69, 27.143333333333334], [93.69083333333333, 27.143333333333334], [93.69166666666666, 27.143333333333334], [93.69166666666666, 27.144166666666667], [93.69166666666666, 27.145], [93.69083333333333, 27.145], [93.69, 27.145], [93.69, 27.145833333333332]]]}}, {"type": "Feature", "properties": {"product": "forest_loss", "area_ha": 7.63}, "geometry": {"type": "Polygon", "coordinates": [[[93.695, 27.180833333333332], [93.69583333333333, 27.180833333333332], [93.69583333333333, 27.18166666666667], [93.69666666666666, 27.18166666666667], [93.69749999999999, 27.18166666666667], [93.69749999999999, 27.180833333333332], [93.69666666666666, 27.180833333333332], [93.69666666666666, 27.18], [93.69583333333333, 27.18], [93.695, 27.18], [93.695, 27.179166666666667], [93.69416666666666, 27.179166666666667], [93.69416666666666, 27.178333333333335], [93.69333333333333, 27.178333333333335], [93.69333333333333, 27.1775], [93.6925, 27.1775], [93.6925, 27.178333333333335], [93.6925, 27.179166666666667], [93.69333333333333, 27.179166666666667], [93.69333333333333, 27.18], [93.69416666666666, 27.18], [93.69416666666666, 27.180833333333332], [93.695, 27.180833333333332]]]}}, {"type": "Feature", "properties": {"product": "forest_loss", "area_ha": 19.06}, "geometry": {"type": "Polygon", "coordinates": [[[93.69166666666666, 27.19], [93.6925, 27.19], [93.6925, 27.189166666666665], [93.69333333333333, 27.189166666666665], [93.69416666666666, 27.189166666666665], [93.69416666666666, 27.19], [93.695, 27.19], [93.69583333333333, 27.19], [93.69583333333333, 27.189166666666665], [93.69666666666666, 27.189166666666665], [93.69666666666666, 27.19], [93.69666666666666, 27.190833333333334], [93.69583333333333, 27.190833333333334], [93.69583333333333, 27.191666666666666], [93.69666666666666, 27.191666666666666], [93.69749999999999, 27.191666666666666], [93.69749999999999, 27.190833333333334], [93.69833333333332, 27.190833333333334], [93.69833333333332, 27.19], [93.69749999999999, 27.19], [93.69749999999999, 27.189166666666665], [93.69749999999999, 27.188333333333333], [93.69749999999999, 27.1875], [93.69666666666666, 27.1875], [93.69583333333333, 27.1875], [93.695, 27.1875], [93.69416666666666, 27.1875], [93.69333333333333, 27.1875], [93.69333333333333, 27.188333333333333], [93.6925, 27.188333333333333], [93.69166666666666, 27.188333333333333], [93.69166666666666, 27.1875], [93.69083333333333, 27.1875], [93.69, 27.1875], [93.69, 27.186666666666667], [93.68916666666667, 27.186666666666667], [93.68833333333333, 27.186666666666667], [93.68833333333333, 27.1875], [93.68916666666667, 27.1875], [93.68916666666667, 27.188333333333333], [93.69, 27.188333333333333], [93.69083333333333, 27.188333333333333], [93.69083333333333, 27.189166666666665], [93.69166666666666, 27.189166666666665], [93.69166666666666, 27.19]], [[93.69416666666666, 27.188333333333333], [93.695, 27.188333333333333], [93.695, 27.189166666666665], [93.69416666666666, 27.189166666666665], [93.69416666666666, 27.188333333333333]]]}}, {"type": "Feature", "properties": {"product": "forest_loss", "area_ha": 10.67}, "geometry": {"type": "Polygon", "coordinates": [[[93.69166666666666, 27.23], [93.6925, 27.23], [93.6925, 27.229166666666668], [93.69166666666666, 27.229166666666668], [93.69166666666666, 27.22833333333333], [93.6925, 27.22833333333333], [93.6925, 27.2275], [93.69166666666666, 27.2275], [93.69083333333333, 27.2275], [93.69, 27.2275], [93.69, 27.226666666666667], [93.68916666666667, 27.226666666666667], [93.68833333333333, 27.226666666666667], [93.6875, 27.226666666666667], [93.6875, 27.2275], [93.68833333333333, 27.2275], [93.68833333333333, 27.22833333333333], [93.68916666666667, 27.22833333333333], [93.68916666666667, 27.229166666666668], [93.69, 27.229166666666668], [93.69, 27.23], [93.69083333333333, 27.23], [93.69166666666666, 27.23]]]}}, {"type": "Feature", "properties": {"product": "forest_loss", "area_ha": 17.53}, "geometry": {"type": "Polygon", "coordinates": [[[93.6925, 27.241666666666667], [93.69166666666666, 27.241666666666667], [93.69166666666666, 27.2425], [93.69166666666666, 27.243333333333332], [93.6925, 27.243333333333332], [93.6925, 27.24416666666667], [93.6925, 27.245], [93.69333333333333, 27.245], [93.69333333333333, 27.245833333333334], [93.6925, 27.245833333333334], [93.6925, 27.246666666666666], [93.69333333333333, 27.246666666666666], [93.69333333333333, 27.2475], [93.69416666666666, 27.2475], [93.695, 27.2475], [93.695, 27.248333333333335], [93.69583333333333, 27.248333333333335], [93.69666666666666, 27.248333333333335], [93.69666666666666, 27.2475], [93.69666666666666, 27.246666666666666], [93.69666666666666, 27.245833333333334], [93.69583333333333, 27.245833333333334], [93.69583333333333, 27.245], [93.695, 27.245], [93.695, 27.24416666666667], [93.695, 27.243333333333332], [93.69416666666666, 27.243333333333332], [93.69333333333333, 27.243333333333332], [93.69333333333333, 27.2425], [93.6925, 27.2425], [93.6925, 27.241666666666667]]]}}, {"type": "Feature", "properties": {"product": "forest_loss", "area_ha": 19.85}, "geometry": {"type": "Polygon", "coordinates": [[[93.70083333333332, 27.019166666666667], [93.70166666666667, 27.019166666666667], [93.70166666666667, 27.02], [93.7025, 27.02], [93.70333333333333, 27.02], [93.70333333333333, 27.019166666666667], [93.70416666666667, 27.019166666666667], [93.705, 27.019166666666667], [93.70583333333333, 27.019166666666667], [93.70583333333333, 27.02], [93.705, 27.02], [93.705, 27.020833333333332], [93.70583333333333, 27.020833333333332], [93.70666666666666, 27.020833333333332], [93.70666666666666, 27.02], [93.70666666666666, 27.019166666666667], [93.7075, 27.019166666666667], [93.7075, 27.018333333333334], [93.7075, 27.0175], [93.7075, 27.016666666666666], [93.70666666666666, 27.016666666666666], [93.70666666666666, 27.015833333333333], [93.70583333333333, 27.015833333333333], [93.70583333333333, 27.016666666666666], [93.705, 27.016666666666666], [93.705, 27.0175], [93.70416666666667, 27.0175], [93.70333333333333, 27.0175], [93.70333333333333, 27.018333333333334], [93.7025, 27.018333333333334], [93.70166666666667, 27.018333333333334], [93.70083333333332, 27.018333333333334], [93.69999999999999, 27.018333333333334], [93.69916666666666, 27.018333333333334], [93.69833333333332, 27.018333333333334], [93.69749999999999, 27.018333333333334], [93.69749999999999, 27.019166666666667], [93.69833333333332, 27.019166666666667], [93.69916666666666, 27.019166666666667], [93.69999999999999, 27.019166666666667], [93.70083333333332, 27.019166666666667]]]}}, {"type": "Feature", "properties": {"product": "forest_loss", "area_ha": 11.45}, "geometry": {"type": "Polygon", "coordinates": [[[93.69666666666666, 27.023333333333333], [93.69749999999999, 27.023333333333333], [93.69833333333332, 27.023333333333333], [93.69916666666666, 27.023333333333333], [93.69999999999999, 27.023333333333333], [93.70083333333332, 27.023333333333333], [93.70083333333332, 27.0225], [93.70166666666667, 27.0225], [93.70166666666667, 27.02166666666667], [93.7025, 27.02166666666667], [93.7025, 27.020833333333332], [93.70166666666667, 27.020833333333332], [93.70083333333332, 27.020833333333332], [93.69999999999999, 27.020833333333332], [93.69999999999999, 27.02166666666667], [93.69916666666666, 27.02166666666667], [93.69916666666666, 27.020833333333332], [93.69833333333332, 27.020833333333332], [93.69833333333332, 27.02166666666667], [93.69749999999999, 27.02166666666667], [93.69666666666666, 27.02166666666667], [93.69666666666666, 27.0225], [93.69666666666666, 27.023333333333333]]]}}, {"type": "Feature", "properties": {"product": "forest_loss", "area_ha": 12.98}, "geometry": {"type": "Polygon", "coordinates": [[[93.69916666666666, 27.025833333333335], [93.69999999999999, 27.025833333333335], [93.70083333333332, 27.025833333333335], [93.70166666666667, 27.025833333333335], [93.7025, 27.025833333333335], [93.7025, 27.026666666666667], [93.70333333333333, 27.026666666666667], [93.70416666666667, 27.026666666666667], [93.70416666666667, 27.025833333333335], [93.70333333333333, 27.025833333333335], [93.70333333333333, 27.025], [93.7025, 27.025], [93.7025, 27.024166666666666], [93.70333333333333, 27.024166666666666], [93.70333333333333, 27.023333333333333], [93.70416666666667, 27.023333333333333], [93.70416666666667, 27.0225], [93.70416666666667, 27.02166666666667], [93.70333333333333, 27.02166666666667], [93.7025, 27.02166666666667], [93.7025, 27.0225], [93.7025, 27.023333333333333], [93.70166666666667, 27.023333333333333], [93.70083333333332, 27.023333333333333], [93.70083333333332, 27.024166666666666], [93.69999999999999, 27.024166666666666], [93.69999999999999, 27.025], [93.69916666666666, 27.025], [93.69916666666666, 27.025833333333335]]]}}, {"type": "Feature", "properties": {"product": "forest_loss", "area_ha": 9.16}, "geometry": {"type": "Polygon", "coordinates": [[[93.69999999999999, 27.034166666666668], [93.69999999999999, 27.035], [93.70083333333332, 27.035], [93.70083333333332, 27.035833333333333], [93.70166666666667, 27.035833333333333], [93.7025, 27.035833333333333], [93.70333333333333, 27.035833333333333], [93.70333333333333, 27.036666666666665], [93.70416666666667, 27.036666666666665], [93.705, 27.036666666666665], [93.705, 27.035833333333333], [93.70416666666667, 27.035833333333333], [93.70416666666667, 27.035], [93.70333333333333, 27.035], [93.70333333333333, 27.034166666666668], [93.7025, 27.034166666666668], [93.70166666666667, 27.034166666666668], [93.70083333333332, 27.034166666666668], [93.70083333333332, 27.033333333333335], [93.69999999999999, 27.033333333333335], [93.69916666666666, 27.033333333333335], [93.69916666666666, 27.034166666666668], [93.69999999999999, 27.034166666666668]]]}}, {"type": "Feature", "properties": {"product": "forest_loss", "area_ha": 9.16}, "geometry": {"type": "Polygon", "coordinates": [[[93.69999999999999, 27.04083333333333], [93.70083333333332, 27.04083333333333], [93.70083333333332, 27.041666666666668], [93.70083333333332, 27.0425], [93.70083333333332, 27.043333333333333], [93.70166666666667, 27.043333333333333], [93.70166666666667, 27.044166666666666], [93.7025, 27.044166666666666], [93.7025, 27.043333333333333], [93.7025, 27.0425], [93.70333333333333, 27.0425], [93.70333333333333, 27.041666666666668], [93.7025, 27.041666666666668], [93.7025, 27.04083333333333], [93.70166666666667, 27.04083333333333], [93.70166666666667, 27.04], [93.70083333333332, 27.04], [93.69999999999999, 27.04], [93.69916666666666, 27.04], [93.69833333333332, 27.04], [93.69833333333332, 27.04083333333333], [93.69916666666666, 27.04083333333333], [93.69999999999999, 27.04083333333333]]]}}, {"type": "Feature", "properties": {"product": "forest_loss", "area_ha": 6.87}, "geometry": {"type": "Polygon", "coordinates": [[[93.69749999999999, 27.061666666666667], [93.69749999999999, 27.0625], [93.69833333333332, 27.0625], [93.69916666666666, 27.0625], [93.69999999999999, 27.0625], [93.69999999999999, 27.061666666666667], [93.69916666666666, 27.061666666666667], [93.69833333333332, 27.061666666666667], [93.69833333333332, 27.060833333333335], [93.69749999999999, 27.060833333333335], [93.69666666666666, 27.060833333333335], [93.69666666666666, 27.06], [93.69583333333333, 27.06], [93.695, 27.06], [93.69416666666666, 27.06], [93.69416666666666, 27.060833333333335], [93.695, 27.060833333333335], [93.69583333333333, 27.060833333333335], [93.69583333333333, 27.061666666666667], [93.69666666666666, 27.061666666666667], [93.69749999999999, 27.061666666666667]]]}}, {"type": "Feature", "properties": {"product": "forest_loss", "area_ha": 12.21}, "geometry": {"type": "Polygon", "coordinates": [[[93.70083333333332, 27.0675], [93.70083333333332, 27.06833333333333], [93.70166666666667, 27.06833333333333], [93.7025, 27.06833333333333], [93.7025, 27.069166666666668], [93.70333333333333, 27.069166666666668], [93.70333333333333, 27.06833333333333], [93.70416666666667, 27.06833333333333], [93.70416666666667, 27.069166666666668], [93.705, 27.069166666666668], [93.705, 27.06833333333333], [93.705, 27.0675], [93.705, 27.066666666666666], [93.70583333333333, 27.066666666666666], [93.70666666666666, 27.066666666666666], [93.70666666666666, 27.0675], [93.7075, 27.0675], [93.70833333333333, 27.0675], [93.70833333333333, 27.066666666666666], [93.7075, 27.066666666666666], [93.7075, 27.065833333333334], [93.70666666666666, 27.065833333333334], [93.70583333333333, 27.065833333333334], [93.705, 27.065833333333334], [93.70416666666667, 27.065833333333334], [93.70416666666667, 27.066666666666666], [93.70416666666667, 27.0675], [93.70333333333333, 27.0675], [93.7025, 27.0675], [93.70166666666667, 27.0675], [93.70166666666667, 27.066666666666666], [93.70083333333332, 27.066666666666666], [93.69999999999999, 27.066666666666666], [93.69999999999999, 27.0675], [93.70083333333332, 27.0675]]]}}, {"type": "Feature", "properties": {"product": "forest_loss", "area_ha": 22.89}, "geometry": {"type": "Polygon", "coordinates": [[[93.69749999999999, 27.086666666666666], [93.69749999999999, 27.0875], [93.69749999999999, 27.088333333333335], [93.69749999999999, 27.089166666666667], [93.69749999999999, 27.09], [93.69833333333332, 27.09], [93.69833333333332, 27.089166666666667], [93.69916666666666, 27.089166666666667], [93.69916666666666, 27.09], [93.69999999999999, 27.09], [93.69999999999999, 27.089166666666667], [93.70083333333332, 27.089166666666667], [93.70083333333332, 27.088333333333335], [93.69999999999999, 27.088333333333335], [93.69999999999999, 27.0875], [93.70083333333332, 27.0875], [93.70083333333332, 27.086666666666666], [93.70166666666667, 27.086666666666666], [93.7025, 27.086666666666666], [93.7025, 27.0875], [93.70333333333333, 27.0875], [93.70416666666667, 27.0875], [93.70416666666667, 27.086666666666666], [93.70333333333333, 27.086666666666666], [93.70333333333333, 27.085833333333333], [93.7025, 27.085833333333333], [93.70166666666667, 27.085833333333333], [93.70083333333332, 27.085833333333333], [93.69999999999999, 27.085833333333333], [93.69999999999999, 27.085], [93.69999999999999, 27.08416666666667], [93.70083333333332, 27.08416666666667], [93.70083333333332, 27.083333333333332], [93.69999999999999, 27.083333333333332], [93.69916666666666, 27.083333333333332], [93.69833333333332, 27.083333333333332], [93.69833333333332, 27.08416666666667], [93.69749999999999, 27.08416666666667], [93.69666666666666, 27.08416666666667], [93.69583333333333, 27.08416666666667], [93.69583333333333, 27.085], [93.69666666666666, 27.085], [93.69666666666666, 27.085833333333333], [93.69749999999999, 27.085833333333333], [93.69749999999999, 27.086666666666666]], [[93.69916666666666, 27.0875], [93.69833333333332, 27.0875], [93.69833333333332, 27.086666666666666], [93.69916666666666, 27.086666666666666], [93.69999999999999, 27.086666666666666], [93.69999999999999, 27.0875], [93.69916666666666, 27.0875]], [[93.69749999999999, 27.085], [93.69833333333332, 27.085], [93.69916666666666, 27.085], [93.69916666666666, 27.085833333333333], [93.69833333333332, 27.085833333333333], [93.69749999999999, 27.085833333333333], [93.69749999999999, 27.085]]]}}, {"type": "Feature", "properties": {"product": "forest_loss", "area_ha": 7.63}, "geometry": {"type": "Polygon", "coordinates": [[[93.69999999999999, 27.0925], [93.69999999999999, 27.093333333333334], [93.70083333333332, 27.093333333333334], [93.70166666666667, 27.093333333333334], [93.70166666666667, 27.0925], [93.70166666666667, 27.091666666666665], [93.70166666666667, 27.090833333333332], [93.70166666666667, 27.09], [93.70166666666667, 27.089166666666667], [93.70083333333332, 27.089166666666667], [93.70083333333332, 27.09], [93.69999999999999, 27.09], [93.69999999999999, 27.090833333333332], [93.69999999999999, 27.091666666666665], [93.69916666666666, 27.091666666666665], [93.69916666666666, 27.0925], [93.69999999999999, 27.0925]]]}}, {"type": "Feature", "properties": {"product": "forest_loss", "area_ha": 8.39}, "geometry": {"type": "Polygon", "coordinates": [[[93.69916666666666, 27.128333333333334], [93.69999999999999, 27.128333333333334], [93.69999999999999, 27.129166666666666], [93.69999999999999, 27.13], [93.70083333333332, 27.13], [93.70166666666667, 27.13], [93.70166666666667, 27.129166666666666], [93.70166666666667, 27.128333333333334], [93.7025, 27.128333333333334], [93.7025, 27.1275], [93.70166666666667, 27.1275], [93.70166666666667, 27.126666666666665], [93.70083333333332, 27.126666666666665], [93.69999999999999, 27.126666666666665], [93.69916666666666, 27.126666666666665], [93.69916666666666, 27.1275], [93.69916666666666, 27.128333333333334]]]}}, {"type": "Feature", "properties": {"product": "forest_loss", "area_ha": 15.26}, "geometry": {"type": "Polygon", "coordinates": [[[93.69749999999999, 27.135], [93.69749999999999, 27.134166666666665], [93.69666666666666, 27.134166666666665], [93.69583333333333, 27.134166666666665], [93.69583333333333, 27.135], [93.69666666666666, 27.135], [93.69666666666666, 27.135833333333334], [93.69749999999999, 27.135833333333334], [93.69749999999999, 27.136666666666667], [93.69833333333332, 27.136666666666667], [93.69833333333332, 27.135833333333334], [93.69916666666666, 27.135833333333334], [93.69999999999999, 27.135833333333334], [93.69999999999999, 27.136666666666667], [93.69916666666666, 27.136666666666667], [93.69916666666666, 27.1375], [93.69999999999999, 27.1375], [93.70083333333332, 27.1375], [93.70166666666667, 27.1375], [93.7025, 27.1375], [93.7025, 27.136666666666667], [93.70333333333333, 27.136666666666667], [93.70416666666667, 27.136666666666667], [93.705, 27.136666666666667], [93.705, 27.135833333333334], [93.70416666666667, 27.135833333333334], [93.70333333333333, 27.135833333333334], [93.7025, 27.135833333333334], [93.70166666666667, 27.135833333333334], [93.70166666666667, 27.135], [93.70083333333332, 27.135], [93.70083333333332, 27.134166666666665], [93.69999999999999, 27.134166666666665], [93.69999999999999, 27.135], [93.69916666666666, 27.135], [93.69833333333332, 27.135], [93.69749999999999, 27.135]]]}}, {"type": "Feature", "properties": {"product": "forest_loss", "area_ha": 6.1}, "geometry": {"type": "Polygon", "coordinates": [[[93.69833333333332, 27.235], [93.69749999999999, 27.235], [93.69749999999999, 27.234166666666667], [93.69666666666666, 27.234166666666667], [93.69666666666666, 27.233333333333334], [93.69583333333333, 27.233333333333334], [93.695, 27.233333333333334], [93.695, 27.234166666666667], [93.69583333333333, 27.234166666666667], [93.69583333333333, 27.235], [93.69583333333333, 27.235833333333332], [93.69666666666666, 27.235833333333332], [93.69749999999999, 27.235833333333332], [93.69833333333332, 27.235833333333332], [93.69916666666666, 27.235833333333332], [93.69916666666666, 27.235], [93.69833333333332, 27.235]]]}}, {"type": "Feature", "properties": {"product": "forest_loss", "area_ha": 25.94}, "geometry": {"type": "Polygon", "coordinates": [[[93.70666666666666, 27.1], [93.70583333333333, 27.1], [93.705, 27.1], [93.70416666666667, 27.1], [93.70416666666667, 27.100833333333334], [93.70416666666667, 27.101666666666667], [93.70416666666667, 27.1025], [93.705, 27.1025], [93.705, 27.10333333333333], [93.70583333333333, 27.10333333333333], [93.70583333333333, 27.1025], [93.70666666666666, 27.1025], [93.70666666666666, 27.101666666666667], [93.70666666666666, 27.100833333333334], [93.7075, 27.100833333333334], [93.70833333333333, 27.100833333333334], [93.70916666666666, 27.100833333333334], [93.70916666666666, 27.1], [93.71, 27.1], [93.71083333333333, 27.1], [93.71166666666666, 27.1], [93.71166666666666, 27.100833333333334], [93.71249999999999, 27.100833333333334], [93.71249999999999, 27.1], [93.71333333333332, 27.1], [93.71333333333332, 27.099166666666665], [93.71249999999999, 27.099166666666665], [93.71166666666666, 27.099166666666665], [93.71083333333333, 27.099166666666665], [93.71083333333333, 27.098333333333333], [93.71, 27.098333333333333], [93.71, 27.099166666666665], [93.70916666666666, 27.099166666666665], [93.70916666666666, 27.098333333333333], [93.70833333333333, 27.098333333333333], [93.7075, 27.098333333333333], [93.7075, 27.0975], [93.70833333333333, 27.0975], [93.70916666666666, 27.0975], [93.71, 27.0975], [93.71083333333333, 27.0975], [93.71166666666666, 27.0975], [93.71166666666666, 27.096666666666668], [93.71083333333333, 27.096666666666668], [93.71, 27.096666666666668], [93.70916666666666, 27.096666666666668], [93.70833333333333, 27.096666666666668], [93.7075, 27.096666666666668], [93.70666666666666, 27.096666666666668], [93.70583333333333, 27.096666666666668], [93.70583333333333, 27.0975], [93.70583333333333, 27.098333333333333], [93.70666666666666, 27.098333333333333], [93.70666666666666, 27.099166666666665], [93.7075, 27.099166666666665], [93.7075, 27.1], [93.70666666666666, 27.1]]]}}, {"type": "Feature", "properties": {"product": "forest_loss", "area_ha": 13.73}, "geometry": {"type": "Polygon", "coordinates": [[[93.7025, 27.134166666666665], [93.70333333333333, 27.134166666666665], [93.70416666666667, 27.134166666666665], [93.705, 27.134166666666665], [93.705, 27.133333333333333], [93.705, 27.1325], [93.70416666666667, 27.1325], [93.70416666666667, 27.131666666666668], [93.70416666666667, 27.13083333333333], [93.705, 27.13083333333333], [93.70583333333333, 27.13083333333333], [93.70583333333333, 27.13], [93.705, 27.13], [93.705, 27.129166666666666], [93.70416666666667, 27.129166666666666], [93.70416666666667, 27.13], [93.70333333333333, 27.13], [93.70333333333333, 27.13083333333333], [93.7025, 27.13083333333333], [93.70166666666667, 27.13083333333333], [93.70166666666667, 27.131666666666668], [93.70166666666667, 27.1325], [93.70166666666667, 27.133333333333333], [93.70166666666667, 27.134166666666665], [93.7025, 27.134166666666665]]]}}, {"type": "Feature", "properties": {"product": "forest_loss", "area_ha": 9.15}, "geometry": {"type": "Polygon", "coordinates": [[[93.70583333333333, 27.198333333333334], [93.70666666666666, 27.198333333333334], [93.70666666666666, 27.1975], [93.70666666666666, 27.196666666666665], [93.70583333333333, 27.196666666666665], [93.70583333333333, 27.195833333333333], [93.705, 27.195833333333333], [93.70416666666667, 27.195833333333333], [93.70416666666667, 27.195], [93.70333333333333, 27.195], [93.7025, 27.195], [93.7025, 27.195833333333333], [93.70333333333333, 27.195833333333333], [93.70333333333333, 27.196666666666665], [93.70416666666667, 27.196666666666665], [93.70416666666667, 27.1975], [93.70333333333333, 27.1975], [93.70333333333333, 27.198333333333334], [93.70416666666667, 27.198333333333334], [93.705, 27.198333333333334], [93.70583333333333, 27.198333333333334]]]}}, {"type": "Feature", "properties": {"product": "forest_loss", "area_ha": 8.38}, "geometry": {"type": "Polygon", "coordinates": [[[93.70416666666667, 27.2375], [93.70416666666667, 27.236666666666668], [93.70333333333333, 27.236666666666668], [93.7025, 27.236666666666668], [93.7025, 27.235833333333332], [93.70333333333333, 27.235833333333332], [93.70333333333333, 27.235], [93.7025, 27.235], [93.70166666666667, 27.235], [93.70166666666667, 27.234166666666667], [93.70083333333332, 27.234166666666667], [93.70083333333332, 27.235], [93.70083333333332, 27.235833333333332], [93.70083333333332, 27.236666666666668], [93.70083333333332, 27.2375], [93.70166666666667, 27.2375], [93.70166666666667, 27.238333333333333], [93.7025, 27.238333333333333], [93.7025, 27.2375], [93.70333333333333, 27.2375], [93.70416666666667, 27.2375]]]}}, {"type": "Feature", "properties": {"product": "forest_loss", "area_ha": 9.91}, "geometry": {"type": "Polygon", "coordinates": [[[93.70416666666667, 27.235833333333332], [93.705, 27.235833333333332], [93.705, 27.236666666666668], [93.705, 27.2375], [93.70583333333333, 27.2375], [93.70583333333333, 27.236666666666668], [93.70666666666666, 27.236666666666668], [93.7075, 27.236666666666668], [93.7075, 27.2375], [93.70833333333333, 27.2375], [93.70833333333333, 27.238333333333333], [93.70916666666666, 27.238333333333333], [93.70916666666666, 27.2375], [93.71, 27.2375], [93.71083333333333, 27.2375], [93.71083333333333, 27.236666666666668], [93.71, 27.236666666666668], [93.70916666666666, 27.236666666666668], [93.70916666666666, 27.235833333333332], [93.70833333333333, 27.235833333333332], [93.7075, 27.235833333333332], [93.70666666666666, 27.235833333333332], [93.70583333333333, 27.235833333333332], [93.70583333333333, 27.235], [93.705, 27.235], [93.70416666666667, 27.235], [93.70416666666667, 27.235833333333332]]]}}, {"type": "Feature", "properties": {"product": "forest_loss", "area_ha": 12.22}, "geometry": {"type": "Polygon", "coordinates": [[[93.71249999999999, 27.0375], [93.71333333333332, 27.0375], [93.71333333333332, 27.038333333333334], [93.71249999999999, 27.038333333333334], [93.71166666666666, 27.038333333333334], [93.71166666666666, 27.039166666666667], [93.71249999999999, 27.039166666666667], [93.71333333333332, 27.039166666666667], [93.71416666666666, 27.039166666666667], [93.71416666666666, 27.038333333333334], [93.71499999999999, 27.038333333333334], [93.71499999999999, 27.0375], [93.71499999999999, 27.036666666666665], [93.71416666666666, 27.036666666666665], [93.71333333333332, 27.036666666666665], [93.71333333333332, 27.035833333333333], [93.71249999999999, 27.035833333333333], [93.71249999999999, 27.035], [93.71166666666666, 27.035], [93.71166666666666, 27.035833333333333], [93.71166666666666, 27.036666666666665], [93.71083333333333, 27.036666666666665], [93.71, 27.036666666666665], [93.70916666666666, 27.036666666666665], [93.70916666666666, 27.0375], [93.70916666666666, 27.038333333333334], [93.71, 27.038333333333334], [93.71, 27.0375], [93.71083333333333, 27.0375], [93.71166666666666, 27.0375], [93.71249999999999, 27.0375]]]}}, {"type": "Feature", "properties": {"product": "forest_loss", "area_ha": 6.11}, "geometry": {"type": "Polygon", "coordinates": [[[93.71666666666665, 27.051666666666666], [93.71666666666665, 27.050833333333333], [93.71583333333332, 27.050833333333333], [93.71583333333332, 27.05], [93.71499999999999, 27.05], [93.71499999999999, 27.049166666666668], [93.71416666666666, 27.049166666666668], [93.71333333333332, 27.049166666666668], [93.71333333333332, 27.05], [93.71333333333332, 27.050833333333333], [93.71416666666666, 27.050833333333333], [93.71416666666666, 27.051666666666666], [93.71499999999999, 27.051666666666666], [93.71583333333332, 27.051666666666666], [93.71666666666665, 27.051666666666666]]]}}, {"type": "Feature", "properties": {"product": "forest_loss", "area_ha": 9.16}, "geometry": {"type": "Polygon", "coordinates": [[[93.71583333333332, 27.065833333333334], [93.71666666666665, 27.065833333333334], [93.7175, 27.065833333333334], [93.7175, 27.065], [93.71666666666665, 27.065], [93.71666666666665, 27.064166666666665], [93.71583333333332, 27.064166666666665], [93.71583333333332, 27.063333333333333], [93.71499999999999, 27.063333333333333], [93.71416666666666, 27.063333333333333], [93.71333333333332, 27.063333333333333], [93.71333333333332, 27.0625], [93.71249999999999, 27.0625], [93.71249999999999, 27.063333333333333], [93.71166666666666, 27.063333333333333], [93.71166666666666, 27.064166666666665], [93.71249999999999, 27.064166666666665], [93.71333333333332, 27.064166666666665], [93.71333333333332, 27.065], [93.71416666666666, 27.065], [93.71416666666666, 27.064166666666665], [93.71499999999999, 27.064166666666665], [93.71499999999999, 27.065], [93.71499999999999, 27.065833333333334], [93.71583333333332, 27.065833333333334]]]}}, {"type": "Feature", "properties": {"product": "forest_loss", "area_ha": 6.11}, "geometry": {"type": "Polygon", "coordinates": [[[93.71, 27.085833333333333], [93.71, 27.085], [93.70916666666666, 27.085], [93.70833333333333, 27.085], [93.70833333333333, 27.085833333333333], [93.70916666666666, 27.085833333333333], [93.70916666666666, 27.086666666666666], [93.70833333333333, 27.086666666666666], [93.7075, 27.086666666666666], [93.7075, 27.0875], [93.7075, 27.088333333333335], [93.70833333333333, 27.088333333333335], [93.70916666666666, 27.088333333333335], [93.70916666666666, 27.0875], [93.71, 27.0875], [93.71, 27.086666666666666], [93.71, 27.085833333333333]]]}}, {"type": "Feature", "properties": {"product": "forest_loss", "area_ha": 6.87}, "geometry": {"type": "Polygon", "coordinates": [[[93.71249999999999, 27.104166666666668], [93.71333333333332, 27.104166666666668], [93.71333333333332, 27.10333333333333], [93.71416666666666, 27.10333333333333], [93.71416666666666, 27.1025], [93.71333333333332, 27.1025], [93.71333333333332, 27.101666666666667], [93.71333333333332, 27.100833333333334], [93.71249999999999, 27.100833333333334], [93.71249999999999, 27.101666666666667], [93.71166666666666, 27.101666666666667], [93.71083333333333, 27.101666666666667], [93.71, 27.101666666666667], [93.71, 27.1025], [93.71083333333333, 27.1025], [93.71166666666666, 27.1025], [93.71249999999999, 27.1025], [93.71249999999999, 27.10333333333333], [93.71166666666666, 27.10333333333333], [93.71166666666666, 27.104166666666668], [93.71249999999999, 27.104166666666668]]]}}, {"type": "Feature", "properties": {"product": "forest_loss", "area_ha": 9.92}, "geometry": {"type": "Polygon", "coordinates": [[[93.71083333333333, 27.109166666666667], [93.71083333333333, 27.108333333333334], [93.71083333333333, 27.1075], [93.71166666666666, 27.1075], [93.71249999999999, 27.1075], [93.71333333333332, 27.1075], [93.71333333333332, 27.106666666666666], [93.71249999999999, 27.106666666666666], [93.71166666666666, 27.106666666666666], [93.71083333333333, 27.106666666666666], [93.71083333333333, 27.105833333333333], [93.71083333333333, 27.105], [93.71, 27.105], [93.70916666666666, 27.105], [93.70833333333333, 27.105], [93.7075, 27.105], [93.7075, 27.105833333333333], [93.70833333333333, 27.105833333333333], [93.70916666666666, 27.105833333333333], [93.71, 27.105833333333333], [93.71, 27.106666666666666], [93.70916666666666, 27.106666666666666], [93.70833333333333, 27.106666666666666], [93.70833333333333, 27.1075], [93.70916666666666, 27.1075], [93.71, 27.1075], [93.71, 27.108333333333334], [93.71, 27.109166666666667], [93.71083333333333, 27.109166666666667]]]}}, {"type": "Feature", "properties": {"product": "forest_loss", "area_ha": 6.1}, "geometry": {"type": "Polygon", "coordinates": [[[93.7075, 27.135833333333334], [93.7075, 27.136666666666667], [93.70833333333333, 27.136666666666667], [93.70916666666666, 27.136666666666667], [93.71, 27.136666666666667], [93.71083333333333, 27.136666666666667], [93.71083333333333, 27.135833333333334], [93.71083333333333, 27.135], [93.71166666666666, 27.135], [93.71166666666666, 27.134166666666665], [93.71166666666666, 27.133333333333333], [93.71083333333333, 27.133333333333333], [93.71083333333333, 27.134166666666665], [93.71, 27.134166666666665], [93.71, 27.135], [93.71, 27.135833333333334], [93.70916666666666, 27.135833333333334], [93.70833333333333, 27.135833333333334], [93.7075, 27.135833333333334]]]}}, {"type": "Feature", "properties": {"product": "forest_loss", "area_ha": 6.1}, "geometry": {"type": "Polygon", "coordinates": [[[93.71499999999999, 27.14666666666667], [93.71499999999999, 27.1475], [93.71583333333332, 27.1475], [93.71583333333332, 27.14666666666667], [93.71666666666665, 27.14666666666667], [93.7175, 27.14666666666667], [93.7175, 27.145833333333332], [93.71666666666665, 27.145833333333332], [93.71583333333332, 27.145833333333332], [93.71583333333332, 27.145], [93.71499999999999, 27.145], [93.71499999999999, 27.144166666666667], [93.71416666666666, 27.144166666666667], [93.71333333333332, 27.144166666666667], [93.71333333333332, 27.145], [93.71416666666666, 27.145], [93.71416666666666, 27.145833333333332], [93.71499999999999, 27.145833333333332], [93.71499999999999, 27.14666666666667]]]}}, {"type": "Feature", "properties": {"product": "forest_loss", "area_ha": 6.1}, "geometry": {"type": "Polygon", "coordinates": [[[93.71166666666666, 27.149166666666666], [93.71083333333333, 27.149166666666666], [93.71083333333333, 27.148333333333333], [93.71166666666666, 27.148333333333333], [93.71166666666666, 27.1475], [93.71083333333333, 27.1475], [93.71, 27.1475], [93.71, 27.148333333333333], [93.71, 27.149166666666666], [93.71, 27.15], [93.71, 27.150833333333335], [93.71, 27.151666666666667], [93.71083333333333, 27.151666666666667], [93.71083333333333, 27.150833333333335], [93.71166666666666, 27.150833333333335], [93.71166666666666, 27.15], [93.71166666666666, 27.149166666666666]]]}}, {"type": "Feature", "properties": {"product": "forest_loss", "area_ha": 7.64}, "geometry": {"type": "Polygon", "coordinates": [[[93.72, 26.9775], [93.72083333333333, 26.9775], [93.72083333333333, 26.976666666666667], [93.72166666666666, 26.976666666666667], [93.72166666666666, 26.975833333333334], [93.72166666666666, 26.975], [93.72166666666666, 26.974166666666665], [93.72083333333333, 26.974166666666665], [93.72083333333333, 26.975], [93.72083333333333, 26.975833333333334], [93.72, 26.975833333333334], [93.71916666666667, 26.975833333333334], [93.71916666666667, 26.976666666666667], [93.71833333333333, 26.976666666666667], [93.71833333333333, 26.9775], [93.7175, 26.9775], [93.7175, 26.97833333333333], [93.71833333333333, 26.97833333333333], [93.71916666666667, 26.97833333333333], [93.71916666666667, 26.9775], [93.72, 26.9775]]]}}, {"type": "Feature", "properties": {"product": "forest_loss", "area_ha": 7.64}, "geometry": {"type": "Polygon", "coordinates": [[[93.71916666666667, 26.998333333333335], [93.71916666666667, 26.999166666666667], [93.72, 26.999166666666667], [93.72, 26.998333333333335], [93.72, 26.9975], [93.72, 26.996666666666666], [93.72083333333333, 26.996666666666666], [93.72083333333333, 26.995833333333334], [93.72083333333333, 26.995], [93.72083333333333, 26.994166666666665], [93.72, 26.994166666666665], [93.71916666666667, 26.994166666666665], [93.71916666666667, 26.995], [93.72, 26.995], [93.72, 26.995833333333334], [93.71916666666667, 26.995833333333334], [93.71916666666667, 26.996666666666666], [93.71833333333333, 26.996666666666666], [93.71833333333333, 26.9975], [93.71833333333333, 26.998333333333335], [93.71916666666667, 26.998333333333335]]]}}, {"type": "Feature", "properties": {"product": "forest_loss", "area_ha": 10.69}, "geometry": {"type": "Polygon", "coordinates": [[[93.72, 27.000833333333333], [93.72, 27.001666666666665], [93.72083333333333, 27.001666666666665], [93.72166666666666, 27.001666666666665], [93.72166666666666, 27.000833333333333], [93.7225, 27.000833333333333], [93.7225, 27.0], [93.72333333333333, 27.0], [93.72416666666666, 27.0], [93.72416666666666, 26.999166666666667], [93.72416666666666, 26.998333333333335], [93.72416666666666, 26.9975], [93.72333333333333, 26.9975], [93.72333333333333, 26.998333333333335], [93.72333333333333, 26.999166666666667], [93.7225, 26.999166666666667], [93.7225, 26.998333333333335], [93.7225, 26.9975], [93.72166666666666, 26.9975], [93.72083333333333, 26.9975], [93.72083333333333, 26.998333333333335], [93.72083333333333, 26.999166666666667], [93.72083333333333, 27.0], [93.72083333333333, 27.000833333333333], [93.72, 27.000833333333333]]]}}, {"type": "Feature", "properties": {"product": "forest_loss", "area_ha": 6.11}, "geometry": {"type": "Polygon", "coordinates": [[[93.72333333333333, 27.03], [93.72333333333333, 27.029166666666665], [93.7225, 27.029166666666665], [93.7225, 27.028333333333332], [93.7225, 27.0275], [93.72166666666666, 27.0275], [93.72166666666666, 27.026666666666667], [93.72083333333333, 27.026666666666667], [93.72083333333333, 27.0275], [93.72083333333333, 27.028333333333332], [93.72083333333333, 27.029166666666665], [93.72083333333333, 27.03], [93.72166666666666, 27.03], [93.7225, 27.03], [93.72333333333333, 27.03]]]}}, {"type": "Feature", "properties": {"product": "forest_loss", "area_ha": 10.69}, "geometry": {"type": "Polygon", "coordinates": [[[93.72166666666666, 27.054166666666667], [93.7225, 27.054166666666667], [93.72333333333333, 27.054166666666667], [93.72416666666666, 27.054166666666667], [93.725, 27.054166666666667], [93.72583333333333, 27.054166666666667], [93.72583333333333, 27.053333333333335], [93.725, 27.053333333333335], [93.72416666666666, 27.053333333333335], [93.72333333333333, 27.053333333333335], [93.7225, 27.053333333333335], [93.72166666666666, 27.053333333333335], [93.72083333333333, 27.053333333333335], [93.72, 27.053333333333335], [93.72, 27.0525], [93.71916666666667, 27.0525], [93.71833333333333, 27.0525], [93.7175, 27.0525], [93.7175, 27.053333333333335], [93.71833333333333, 27.053333333333335], [93.71833333333333, 27.054166666666667], [93.71916666666667, 27.054166666666667], [93.71916666666667, 27.055], [93.72, 27.055], [93.72083333333333, 27.055], [93.72083333333333, 27.054166666666667], [93.72166666666666, 27.054166666666667]]]}}, {"type": "Feature", "properties": {"product": "forest_loss", "area_ha": 70.2}, "geometry": {"type": "Polygon", "coordinates": [[[93.7175, 27.105], [93.71833333333333, 27.105], [93.71833333333333, 27.105833333333333], [93.71833333333333, 27.106666666666666], [93.7175, 27.106666666666666], [93.71666666666665, 27.106666666666666], [93.71666666666665, 27.1075], [93.71666666666665, 27.108333333333334], [93.71666666666665, 27.109166666666667], [93.71583333333332, 27.109166666666667], [93.71499999999999, 27.109166666666667], [93.71499999999999, 27.11], [93.71583333333332, 27.11], [93.71583333333332, 27.110833333333332], [93.71666666666665, 27.110833333333332], [93.7175, 27.110833333333332], [93.7175, 27.111666666666668], [93.71833333333333, 27.111666666666668], [93.71916666666667, 27.111666666666668], [93.71916666666667, 27.1125], [93.72, 27.1125], [93.72083333333333, 27.1125], [93.72083333333333, 27.111666666666668], [93.72083333333333, 27.110833333333332], [93.72, 27.110833333333332], [93.72, 27.11], [93.71916666666667, 27.11], [93.71833333333333, 27.11], [93.71833333333333, 27.109166666666667], [93.71833333333333, 27.108333333333334], [93.7175, 27.108333333333334], [93.7175, 27.1075], [93.71833333333333, 27.1075], [93.71916666666667, 27.1075], [93.71916666666667, 27.106666666666666], [93.72, 27.106666666666666], [93.72083333333333, 27.106666666666666], [93.72083333333333, 27.105833333333333], [93.72166666666666, 27.105833333333333], [93.72166666666666, 27.105], [93.7225, 27.105], [93.72333333333333, 27.105], [93.72333333333333, 27.104166666666668], [93.72333333333333, 27.10333333333333], [93.72416666666666, 27.10333333333333], [93.72416666666666, 27.1025], [93.72416666666666, 27.101666666666667], [93.725, 27.101666666666667], [93.725, 27.100833333333334], [93.72583333333333, 27.100833333333334], [93.72666666666666, 27.100833333333334], [93.72666666666666, 27.1], [93.72749999999999, 27.1], [93.72749999999999, 27.099166666666665], [93.72749999999999, 27.098333333333333], [93.72833333333332, 27.098333333333333], [93.72916666666666, 27.098333333333333], [93.72999999999999, 27.098333333333333], [93.73083333333332, 27.098333333333333], [93.73166666666665, 27.098333333333333], [93.73249999999999, 27.098333333333333], [93.73249999999999, 27.0975], [93.73249999999999, 27.096666666666668], [93.73333333333333, 27.096666666666668], [93.73416666666667, 27.096666666666668], [93.735, 27.096666666666668], [93.735, 27.095833333333335], [93.73583333333333, 27.095833333333335], [93.73583333333333, 27.095], [93.73666666666666, 27.095], [93.73666666666666, 27.094166666666666], [93.73583333333333, 27.094166666666666], [93.735, 27.094166666666666], [93.73416666666667, 27.094166666666666], [93.73333333333333, 27.094166666666666], [93.73333333333333, 27.095], [93.73333333333333, 27.095833333333335], [93.73249999999999, 27.095833333333335], [93.73166666666665, 27.095833333333335], [93.73166666666665, 27.096666666666668], [93.73083333333332, 27.096666666666668], [93.73083333333332, 27.0975], [93.72999999999999, 27.0975], [93.72999999999999, 27.096666666666668], [93.72916666666666, 27.096666666666668], [93.72916666666666, 27.095833333333335], [93.72833333333332, 27.095833333333335], [93.72833333333332, 27.096666666666668], [93.72833333333332, 27.0975], [93.72749999999999, 27.0975], [93.72666666666666, 27.0975], [93.72666666666666, 27.098333333333333], [93.72583333333333, 27.098333333333333], [93.72583333333333, 27.099166666666665], [93.725, 27.099166666666665], [93.725, 27.1], [93.72416666666666, 27.1], [93.72333333333333, 27.1], [93.72333333333333, 27.099166666666665], [93.7225, 27.099166666666665], [93.72166666666666, 27.099166666666665], [93.72083333333333, 27.099166666666665], [93.72083333333333, 27.1], [93.72166666666666, 27.1], [93.72166666666666, 27.100833333333334], [93.7225, 27.100833333333334], [93.72333333333333, 27.100833333333334], [93.72333333333333, 27.101666666666667], [93.72333333333333, 27.1025], [93.7225, 27.1025], [93.7225, 27.101666666666667], [93.72166666666666, 27.101666666666667], [93.72083333333333, 27.101666666666667], [93.72083333333333, 27.1025], [93.72, 27.1025], [93.71916666666667, 27.1025], [93.71916666666667, 27.10333333333333], [93.71833333333333, 27.10333333333333], [93.71833333333333, 27.1025], [93.7175, 27.1025], [93.7175, 27.10333333333333], [93.71666666666665, 27.10333333333333], [93.71666666666665, 27.104166666666668], [93.7175, 27.104166666666668], [93.7175, 27.105]]]}}, {"type": "Feature", "properties": {"product": "forest_loss", "area_ha": 7.63}, "geometry": {"type": "Polygon", "coordinates": [[[93.72166666666666, 27.155], [93.72166666666666, 27.154166666666665], [93.72166666666666, 27.153333333333332], [93.7225, 27.153333333333332], [93.72333333333333, 27.153333333333332], [93.72333333333333, 27.154166666666665], [93.72416666666666, 27.154166666666665], [93.72416666666666, 27.153333333333332], [93.72416666666666, 27.1525], [93.72333333333333, 27.1525], [93.7225, 27.1525], [93.72166666666666, 27.1525], [93.72166666666666, 27.151666666666667], [93.72083333333333, 27.151666666666667], [93.72083333333333, 27.1525], [93.72, 27.1525], [93.72, 27.153333333333332], [93.72, 27.154166666666665], [93.72083333333333, 27.154166666666665], [93.72083333333333, 27.155], [93.72166666666666, 27.155]]]}}, {"type": "Feature", "properties": {"product": "forest_loss", "area_ha": 14.49}, "geometry": {"type": "Polygon", "coordinates": [[[93.72166666666666, 27.159166666666668], [93.7225, 27.159166666666668], [93.72333333333333, 27.159166666666668], [93.72416666666666, 27.159166666666668], [93.72416666666666, 27.158333333333335], [93.72416666666666, 27.1575], [93.725, 27.1575], [93.725, 27.158333333333335], [93.72583333333333, 27.158333333333335], [93.72666666666666, 27.158333333333335], [93.72666666666666, 27.1575], [93.72583333333333, 27.1575], [93.72583333333333, 27.156666666666666], [93.725, 27.156666666666666], [93.72416666666666, 27.156666666666666], [93.72333333333333, 27.156666666666666], [93.72333333333333, 27.155833333333334], [93.7225, 27.155833333333334], [93.7225, 27.156666666666666], [93.72166666666666, 27.156666666666666], [93.72083333333333, 27.156666666666666], [93.72083333333333, 27.1575], [93.72083333333333, 27.158333333333335], [93.72, 27.158333333333335], [93.72, 27.159166666666668], [93.72, 27.16], [93.72083333333333, 27.16], [93.72083333333333, 27.159166666666668], [93.72166666666666, 27.159166666666668]]]}}, {"type": "Feature", "properties": {"product": "forest_loss", "area_ha": 6.1}, "geometry": {"type": "Polygon", "coordinates": [[[93.71916666666667, 27.1675], [93.71916666666667, 27.166666666666668], [93.71916666666667, 27.16583333333333], [93.71833333333333, 27.16583333333333], [93.7175, 27.16583333333333], [93.7175, 27.166666666666668], [93.7175, 27.1675], [93.7175, 27.168333333333333], [93.71833333333333, 27.168333333333333], [93.71916666666667, 27.168333333333333], [93.71916666666667, 27.169166666666666], [93.72, 27.169166666666666], [93.72, 27.168333333333333], [93.72, 27.1675], [93.71916666666667, 27.1675]]]}}, {"type": "Feature", "properties": {"product": "forest_loss", "area_ha": 9.17}, "geometry": {"type": "Polygon", "coordinates": [[[93.72583333333333, 26.963333333333335], [93.72583333333333, 26.964166666666667], [93.72583333333333, 26.965], [93.72583333333333, 26.965833333333332], [93.72583333333333, 26.966666666666665], [93.72666666666666, 26.966666666666665], [93.72666666666666, 26.965833333333332], [93.72666666666666, 26.965], [93.72749999999999, 26.965], [93.72749999999999, 26.964166666666667], [93.72833333333332, 26.964166666666667], [93.72916666666666, 26.964166666666667], [93.72916666666666, 26.963333333333335], [93.72916666666666, 26.9625], [93.72916666666666, 26.961666666666666], [93.72833333333332, 26.961666666666666], [93.72749999999999, 26.961666666666666], [93.72749999999999, 26.9625], [93.72666666666666, 26.9625], [93.72666666666666, 26.963333333333335], [93.72583333333333, 26.963333333333335]], [[93.72833333333332, 26.9625], [93.72833333333332, 26.963333333333335], [93.72749999999999, 26.963333333333335], [93.72749999999999, 26.9625], [93.72833333333332, 26.9625]]]}}, {"type": "Feature", "properties": {"product": "forest_loss", "area_ha": 7.63}, "geometry": {"type": "Polygon", "coordinates": [[[93.72583333333333, 27.12], [93.72583333333333, 27.11916666666667], [93.72583333333333, 27.118333333333332], [93.72583333333333, 27.1175], [93.725, 27.1175], [93.725, 27.116666666666667], [93.72416666666666, 27.116666666666667], [93.72333333333333, 27.116666666666667], [93.72333333333333, 27.1175], [93.72416666666666, 27.1175], [93.72416666666666, 27.118333333333332], [93.725, 27.118333333333332], [93.725, 27.11916666666667], [93.72416666666666, 27.11916666666667], [93.72416666666666, 27.12], [93.72416666666666, 27.120833333333334], [93.725, 27.120833333333334], [93.72583333333333, 27.120833333333334], [93.72666666666666, 27.120833333333334], [93.72666666666666, 27.12], [93.72583333333333, 27.12]]]}}, {"type": "Feature", "properties": {"product": "forest_loss", "area_ha": 12.2}, "geometry": {"type": "Polygon", "coordinates": [[[93.72416666666666, 27.148333333333333], [93.725, 27.148333333333333], [93.72583333333333, 27.148333333333333], [93.72583333333333, 27.149166666666666], [93.72583333333333, 27.15], [93.72666666666666, 27.15], [93.72749999999999, 27.15], [93.72749999999999, 27.149166666666666], [93.72749999999999, 27.148333333333333], [93.72666666666666, 27.148333333333333], [93.72666666666666, 27.1475], [93.72583333333333, 27.1475], [93.72583333333333, 27.14666666666667], [93.72666666666666, 27.14666666666667], [93.72666666666666, 27.145833333333332], [93.72583333333333, 27.145833333333332], [93.725, 27.145833333333332], [93.72416666666666, 27.145833333333332], [93.72333333333333, 27.145833333333332], [93.7225, 27.145833333333332], [93.72166666666666, 27.145833333333332], [93.72166666666666, 27.14666666666667], [93.7225, 27.14666666666667], [93.72333333333333, 27.14666666666667], [93.72333333333333, 27.1475], [93.72416666666666, 27.1475], [93.72416666666666, 27.148333333333333]]]}}, {"type": "Feature", "properties": {"product": "forest_loss", "area_ha": 8.39}, "geometry": {"type": "Polygon", "coordinates": [[[93.72666666666666, 27.151666666666667], [93.72666666666666, 27.150833333333335], [93.72583333333333, 27.150833333333335], [93.72583333333333, 27.15], [93.725, 27.15], [93.725, 27.149166666666666], [93.72416666666666, 27.149166666666666], [93.72333333333333, 27.149166666666666], [93.72333333333333, 27.15], [93.72416666666666, 27.15], [93.72416666666666, 27.150833333333335], [93.72333333333333, 27.150833333333335], [93.7225, 27.150833333333335], [93.7225, 27.151666666666667], [93.72333333333333, 27.151666666666667], [93.72416666666666, 27.151666666666667], [93.725, 27.151666666666667], [93.725, 27.1525], [93.72583333333333, 27.1525], [93.72666666666666, 27.1525], [93.72666666666666, 27.151666666666667]]]}}, {"type": "Feature", "properties": {"product": "forest_loss", "area_ha": 6.11}, "geometry": {"type": "Polygon", "coordinates": [[[93.72833333333332, 26.960833333333333], [93.72916666666666, 26.960833333333333], [93.72916666666666, 26.96], [93.72999999999999, 26.96], [93.72999999999999, 26.95916666666667], [93.72916666666666, 26.95916666666667], [93.72916666666666, 26.958333333333332], [93.72999999999999, 26.958333333333332], [93.73083333333332, 26.958333333333332], [93.73083333333332, 26.9575], [93.73083333333332, 26.956666666666667], [93.72999999999999, 26.956666666666667], [93.72999999999999, 26.9575], [93.72916666666666, 26.9575], [93.72833333333332, 26.9575], [93.72833333333332, 26.958333333333332], [93.72833333333332, 26.95916666666667], [93.72833333333332, 26.96], [93.72833333333332, 26.960833333333333]]]}}, {"type": "Feature", "properties": {"product": "forest_loss", "area_ha": 6.87}, "geometry": {"type": "Polygon", "coordinates": [[[93.735, 27.0575], [93.73583333333333, 27.0575], [93.73666666666666, 27.0575], [93.73666666666666, 27.056666666666665], [93.73583333333333, 27.056666666666665], [93.73583333333333, 27.055833333333332], [93.735, 27.055833333333332], [93.735, 27.055], [93.735, 27.054166666666667], [93.73416666666667, 27.054166666666667], [93.73333333333333, 27.054166666666667], [93.73249999999999, 27.054166666666667], [93.73249999999999, 27.055], [93.73333333333333, 27.055], [93.73416666666667, 27.055], [93.73416666666667, 27.055833333333332], [93.73416666666667, 27.056666666666665], [93.73416666666667, 27.0575], [93.735, 27.0575]]]}}, {"type": "Feature", "properties": {"product": "forest_loss", "area_ha": 6.11}, "geometry": {"type": "Polygon", "coordinates": [[[93.735, 27.076666666666668], [93.735, 27.075833333333332], [93.73416666666667, 27.075833333333332], [93.73333333333333, 27.075833333333332], [93.73249999999999, 27.075833333333332], [93.73166666666665, 27.075833333333332], [93.73083333333332, 27.075833333333332], [93.73083333333332, 27.075], [93.72999999999999, 27.075], [93.72999999999999, 27.075833333333332], [93.72916666666666, 27.075833333333332], [93.72916666666666, 27.076666666666668], [93.72999999999999, 27.076666666666668], [93.73083333333332, 27.076666666666668], [93.73166666666665, 27.076666666666668], [93.73249999999999, 27.076666666666668], [93.73333333333333, 27.076666666666668], [93.73416666666667, 27.076666666666668], [93.735, 27.076666666666668]]]}}, {"type": "Feature", "properties": {"product": "forest_loss", "area_ha": 38.15}, "geometry": {"type": "Polygon", "coordinates": [[[93.73583333333333, 27.105], [93.73583333333333, 27.105833333333333], [93.735, 27.105833333333333], [93.73416666666667, 27.105833333333333], [93.73416666666667, 27.106666666666666], [93.73416666666667, 27.1075], [93.735, 27.1075], [93.73583333333333, 27.1075], [93.73583333333333, 27.108333333333334], [93.73666666666666, 27.108333333333334], [93.7375, 27.108333333333334], [93.73833333333333, 27.108333333333334], [93.73833333333333, 27.109166666666667], [93.73916666666666, 27.109166666666667], [93.74, 27.109166666666667], [93.74083333333333, 27.109166666666667], [93.74166666666666, 27.109166666666667], [93.74166666666666, 27.108333333333334], [93.74249999999999, 27.108333333333334], [93.74333333333333, 27.108333333333334], [93.74333333333333, 27.1075], [93.74249999999999, 27.1075], [93.74249999999999, 27.106666666666666], [93.74249999999999, 27.105833333333333], [93.74333333333333, 27.105833333333333], [93.74333333333333, 27.105], [93.74333333333333, 27.104166666666668], [93.74249999999999, 27.104166666666668], [93.74249999999999, 27.10333333333333], [93.74166666666666, 27.10333333333333], [93.74083333333333, 27.10333333333333], [93.74083333333333, 27.1025], [93.74, 27.1025], [93.74, 27.101666666666667], [93.74, 27.100833333333334], [93.74, 27.1], [93.73916666666666, 27.1], [93.73916666666666, 27.100833333333334], [93.73916666666666, 27.101666666666667], [93.73833333333333, 27.101666666666667], [93.73833333333333, 27.1025], [93.73916666666666, 27.1025], [93.73916666666666, 27.10333333333333], [93.74, 27.10333333333333], [93.74, 27.104166666666668], [93.73916666666666, 27.104166666666668], [93.73916666666666, 27.105], [93.73916666666666, 27.105833333333333], [93.73833333333333, 27.105833333333333], [93.73833333333333, 27.106666666666666], [93.73833333333333, 27.1075], [93.7375, 27.1075], [93.7375, 27.106666666666666], [93.7375, 27.105833333333333], [93.7375, 27.105], [93.73666666666666, 27.105], [93.73583333333333, 27.105]], [[93.74, 27.1075], [93.73916666666666, 27.1075], [93.73916666666666, 27.106666666666666], [93.74, 27.106666666666666], [93.74, 27.1075]], [[93.74083333333333, 27.105], [93.74083333333333, 27.105833333333333], [93.74, 27.105833333333333], [93.74, 27.105], [93.74083333333333, 27.105]]]}}, {"type": "Feature", "properties": {"product": "forest_loss", "area_ha": 6.87}, "geometry": {"type": "Polygon", "coordinates": [[[93.735, 27.1125], [93.735, 27.111666666666668], [93.73583333333333, 27.111666666666668], [93.73583333333333, 27.110833333333332], [93.73583333333333, 27.11], [93.735, 27.11], [93.735, 27.109166666666667], [93.735, 27.108333333333334], [93.73416666666667, 27.108333333333334], [93.73333333333333, 27.108333333333334], [93.73333333333333, 27.109166666666667], [93.73416666666667, 27.109166666666667], [93.73416666666667, 27.11], [93.73416666666667, 27.110833333333332], [93.73333333333333, 27.110833333333332], [93.73333333333333, 27.111666666666668], [93.73416666666667, 27.111666666666668], [93.73416666666667, 27.1125], [93.735, 27.1125]]]}}, {"type": "Feature", "properties": {"product": "forest_loss", "area_ha": 10.68}, "geometry": {"type": "Polygon", "coordinates": [[[93.72833333333332, 27.115], [93.72833333333332, 27.115833333333335], [93.72916666666666, 27.115833333333335], [93.72916666666666, 27.116666666666667], [93.72999999999999, 27.116666666666667], [93.72999999999999, 27.115833333333335], [93.73083333333332, 27.115833333333335], [93.73083333333332, 27.115], [93.73166666666665, 27.115], [93.73166666666665, 27.114166666666666], [93.73083333333332, 27.114166666666666], [93.73083333333332, 27.113333333333333], [93.73083333333332, 27.1125], [93.73083333333332, 27.111666666666668], [93.72999999999999, 27.111666666666668], [93.72916666666666, 27.111666666666668], [93.72916666666666, 27.1125], [93.72833333333332, 27.1125], [93.72833333333332, 27.113333333333333], [93.72916666666666, 27.113333333333333], [93.72999999999999, 27.113333333333333], [93.72999999999999, 27.114166666666666], [93.72916666666666, 27.114166666666666], [93.72833333333332, 27.114166666666666], [93.72833333333332, 27.115]]]}}, {"type": "Feature", "properties": {"product": "forest_loss", "area_ha": 6.87}, "geometry": {"type": "Polygon", "coordinates": [[[93.73666666666666, 27.123333333333335], [93.73666666666666, 27.1225], [93.7375, 27.1225], [93.73833333333333, 27.1225], [93.73833333333333, 27.121666666666666], [93.7375, 27.121666666666666], [93.73666666666666, 27.121666666666666], [93.73666666666666, 27.120833333333334], [93.73583333333333, 27.120833333333334], [93.735, 27.120833333333334], [93.735, 27.121666666666666], [93.73416666666667, 27.121666666666666], [93.73416666666667, 27.1225], [93.735, 27.1225], [93.735, 27.123333333333335], [93.73583333333333, 27.123333333333335], [93.73666666666666, 27.123333333333335]]]}}, {"type": "Feature", "properties": {"product": "forest_loss", "area_ha": 6.1}, "geometry": {"type": "Polygon", "coordinates": [[[93.735, 27.124166666666667], [93.735, 27.123333333333335], [93.73416666666667, 27.123333333333335], [93.73333333333333, 27.123333333333335], [93.73333333333333, 27.1225], [93.73333333333333, 27.121666666666666], [93.73249999999999, 27.121666666666666], [93.73249999999999, 27.1225], [93.73249999999999, 27.123333333333335], [93.73249999999999, 27.124166666666667], [93.73333333333333, 27.124166666666667], [93.73416666666667, 27.124166666666667], [93.73416666666667, 27.125], [93.735, 27.125], [93.73583333333333, 27.125], [93.73666666666666, 27.125], [93.73666666666666, 27.124166666666667], [93.73583333333333, 27.124166666666667], [93.735, 27.124166666666667]]]}}, {"type": "Feature", "properties": {"product": "forest_loss", "area_ha": 26.69}, "geometry": {"type": "Polygon", "coordinates": [[[93.73583333333333, 27.158333333333335], [93.73583333333333, 27.159166666666668], [93.73666666666666, 27.159166666666668], [93.7375, 27.159166666666668], [93.7375, 27.158333333333335], [93.73833333333333, 27.158333333333335], [93.73833333333333, 27.159166666666668], [93.73833333333333, 27.16], [93.73916666666666, 27.16], [93.74, 27.16], [93.74, 27.160833333333333], [93.74, 27.161666666666665], [93.74083333333333, 27.161666666666665], [93.74083333333333, 27.1625], [93.74166666666666, 27.1625], [93.74166666666666, 27.163333333333334], [93.74249999999999, 27.163333333333334], [93.74249999999999, 27.1625], [93.74333333333333, 27.1625], [93.74333333333333, 27.161666666666665], [93.74416666666666, 27.161666666666665], [93.74499999999999, 27.161666666666665], [93.74583333333332, 27.161666666666665], [93.74666666666666, 27.161666666666665], [93.74666666666666, 27.160833333333333], [93.74583333333332, 27.160833333333333], [93.74583333333332, 27.16], [93.74666666666666, 27.16], [93.74666666666666, 27.159166666666668], [93.74583333333332, 27.159166666666668], [93.74499999999999, 27.159166666666668], [93.74499999999999, 27.16], [93.74416666666666, 27.16], [93.74416666666666, 27.160833333333333], [93.74333333333333, 27.160833333333333], [93.74249999999999, 27.160833333333333], [93.74166666666666, 27.160833333333333], [93.74083333333333, 27.160833333333333], [93.74083333333333, 27.16], [93.74083333333333, 27.159166666666668], [93.74, 27.159166666666668], [93.73916666666666, 27.159166666666668], [93.73916666666666, 27.158333333333335], [93.73916666666666, 27.1575], [93.74, 27.1575], [93.74083333333333, 27.1575], [93.74083333333333, 27.156666666666666], [93.74083333333333, 27.155833333333334], [93.74, 27.155833333333334], [93.73916666666666, 27.155833333333334], [93.73833333333333, 27.155833333333334], [93.73833333333333, 27.156666666666666], [93.73833333333333, 27.1575], [93.7375, 27.1575], [93.7375, 27.156666666666666], [93.73666666666666, 27.156666666666666], [93.73583333333333, 27.156666666666666], [93.73583333333333, 27.1575], [93.73583333333333, 27.158333333333335]]]}}, {"type": "Feature", "properties": {"product": "forest_loss", "area_ha": 8.39}, "geometry": {"type": "Polygon", "coordinates": [[[93.735, 27.168333333333333], [93.73416666666667, 27.168333333333333], [93.73333333333333, 27.168333333333333], [93.73333333333333, 27.1675], [93.73249999999999, 27.1675], [93.73166666666665, 27.1675], [93.73166666666665, 27.168333333333333], [93.73249999999999, 27.168333333333333], [93.73249999999999, 27.169166666666666], [93.73333333333333, 27.169166666666666], [93.73416666666667, 27.169166666666666], [93.735, 27.169166666666666], [93.735, 27.17], [93.73583333333333, 27.17], [93.73666666666666, 27.17], [93.7375, 27.17], [93.73833333333333, 27.17], [93.73833333333333, 27.169166666666666], [93.7375, 27.169166666666666], [93.73666666666666, 27.169166666666666], [93.73666666666666, 27.168333333333333], [93.73583333333333, 27.168333333333333], [93.735, 27.168333333333333]]]}}, {"type": "Feature", "properties": {"product": "forest_loss", "area_ha": 9.91}, "geometry": {"type": "Polygon", "coordinates": [[[93.735, 27.245], [93.73416666666667, 27.245], [93.73333333333333, 27.245], [93.73249999999999, 27.245], [93.73249999999999, 27.245833333333334], [93.73333333333333, 27.245833333333334], [93.73333333333333, 27.246666666666666], [93.73416666666667, 27.246666666666666], [93.735, 27.246666666666666], [93.735, 27.245833333333334], [93.73583333333333, 27.245833333333334], [93.73583333333333, 27.246666666666666], [93.73583333333333, 27.2475], [93.73666666666666, 27.2475], [93.7375, 27.2475], [93.7375, 27.248333333333335], [93.73833333333333, 27.248333333333335], [93.73916666666666, 27.248333333333335], [93.73916666666666, 27.2475], [93.73833333333333, 27.2475], [93.73833333333333, 27.246666666666666], [93.7375, 27.246666666666666], [93.73666666666666, 27.246666666666666], [93.73666666666666, 27.245833333333334], [93.73666666666666, 27.245], [93.73583333333333, 27.245], [93.735, 27.245]]]}}, {"type": "Feature", "properties": {"product": "forest_loss", "area_ha": 9.16}, "geometry": {"type": "Polygon", "coordinates": [[[93.74249999999999, 27.048333333333332], [93.74249999999999, 27.049166666666668], [93.74333333333333, 27.049166666666668], [93.74333333333333, 27.048333333333332], [93.74416666666666, 27.048333333333332], [93.74416666666666, 27.0475], [93.74499999999999, 27.0475], [93.74499999999999, 27.046666666666667], [93.74416666666666, 27.046666666666667], [93.74416666666666, 27.045833333333334], [93.74333333333333, 27.045833333333334], [93.74333333333333, 27.045], [93.74249999999999, 27.045], [93.74249999999999, 27.044166666666666], [93.74249999999999, 27.043333333333333], [93.74166666666666, 27.043333333333333], [93.74166666666666, 27.044166666666666], [93.74166666666666, 27.045], [93.74166666666666, 27.045833333333334], [93.74249999999999, 27.045833333333334], [93.74249999999999, 27.046666666666667], [93.74249999999999, 27.0475], [93.74249999999999, 27.048333333333332]]]}}, {"type": "Feature", "properties": {"product": "forest_loss", "area_ha": 6.87}, "geometry": {"type": "Polygon", "coordinates": [[[93.74083333333333, 27.09], [93.74083333333333, 27.089166666666667], [93.74, 27.089166666666667], [93.74, 27.088333333333335], [93.74083333333333, 27.088333333333335], [93.74083333333333, 27.0875], [93.74083333333333, 27.086666666666666], [93.74, 27.086666666666666], [93.74, 27.0875], [93.73916666666666, 27.0875], [93.73916666666666, 27.088333333333335], [93.73916666666666, 27.089166666666667], [93.73833333333333, 27.089166666666667], [93.73833333333333, 27.09], [93.7375, 27.09], [93.7375, 27.090833333333332], [93.73833333333333, 27.090833333333332], [93.73916666666666, 27.090833333333332], [93.73916666666666, 27.09], [93.74, 27.09], [93.74083333333333, 27.09]]]}}, {"type": "Feature", "properties": {"product": "forest_loss", "area_ha": 8.39}, "geometry": {"type": "Polygon", "coordinates": [[[93.74166666666666, 27.114166666666666], [93.74166666666666, 27.113333333333333], [93.74166666666666, 27.1125], [93.74083333333333, 27.1125], [93.74, 27.1125], [93.74, 27.111666666666668], [93.74, 27.110833333333332], [93.73916666666666, 27.110833333333332], [93.73916666666666, 27.111666666666668], [93.73916666666666, 27.1125], [93.73916666666666, 27.113333333333333], [93.74, 27.113333333333333], [93.74, 27.114166666666666], [93.73916666666666, 27.114166666666666], [93.73833333333333, 27.114166666666666], [93.73833333333333, 27.115], [93.73916666666666, 27.115], [93.74, 27.115], [93.74083333333333, 27.115], [93.74166666666666, 27.115], [93.74166666666666, 27.114166666666666]]]}}, {"type": "Feature", "properties": {"product": "forest_loss", "area_ha": 10.68}, "geometry": {"type": "Polygon", "coordinates": [[[93.73916666666666, 27.14], [93.73916666666666, 27.139166666666668], [93.74, 27.139166666666668], [93.74083333333333, 27.139166666666668], [93.74083333333333, 27.14], [93.74166666666666, 27.14], [93.74166666666666, 27.140833333333333], [93.74249999999999, 27.140833333333333], [93.74333333333333, 27.140833333333333], [93.74416666666666, 27.140833333333333], [93.74416666666666, 27.14], [93.74416666666666, 27.139166666666668], [93.74333333333333, 27.139166666666668], [93.74333333333333, 27.138333333333332], [93.74249999999999, 27.138333333333332], [93.74166666666666, 27.138333333333332], [93.74083333333333, 27.138333333333332], [93.74, 27.138333333333332], [93.73916666666666, 27.138333333333332], [93.73833333333333, 27.138333333333332], [93.73833333333333, 27.139166666666668], [93.73833333333333, 27.14], [93.73833333333333, 27.140833333333333], [93.73916666666666, 27.140833333333333], [93.73916666666666, 27.14]], [[93.74166666666666, 27.139166666666668], [93.74249999999999, 27.139166666666668], [93.74249999999999, 27.14], [93.74166666666666, 27.14], [93.74166666666666, 27.139166666666668]]]}}, {"type": "Feature", "properties": {"product": "forest_loss", "area_ha": 6.1}, "geometry": {"type": "Polygon", "coordinates": [[[93.74416666666666, 27.155833333333334], [93.74333333333333, 27.155833333333334], [93.74333333333333, 27.156666666666666], [93.74249999999999, 27.156666666666666], [93.74249999999999, 27.155833333333334], [93.74249999999999, 27.155], [93.74166666666666, 27.155], [93.74166666666666, 27.155833333333334], [93.74166666666666, 27.156666666666666], [93.74166666666666, 27.1575], [93.74249999999999, 27.1575], [93.74249999999999, 27.158333333333335], [93.74333333333333, 27.158333333333335], [93.74416666666666, 27.158333333333335], [93.74416666666666, 27.1575], [93.74416666666666, 27.156666666666666], [93.74416666666666, 27.155833333333334]]]}}, {"type": "Feature", "properties": {"product": "forest_loss", "area_ha": 8.39}, "geometry": {"type": "Polygon", "coordinates": [[[93.73833333333333, 27.18], [93.73916666666666, 27.18], [93.74, 27.18], [93.74083333333333, 27.18], [93.74166666666666, 27.18], [93.74249999999999, 27.18], [93.74333333333333, 27.18], [93.74333333333333, 27.179166666666667], [93.74333333333333, 27.178333333333335], [93.74249999999999, 27.178333333333335], [93.74166666666666, 27.178333333333335], [93.74083333333333, 27.178333333333335], [93.74, 27.178333333333335], [93.74, 27.179166666666667], [93.73916666666666, 27.179166666666667], [93.73916666666666, 27.178333333333335], [93.73833333333333, 27.178333333333335], [93.73833333333333, 27.179166666666667], [93.73833333333333, 27.18]]]}}, {"type": "Feature", "properties": {"product": "forest_loss", "area_ha": 40.51}, "geometry": {"type": "Polygon", "coordinates": [[[93.74916666666667, 26.91583333333333], [93.75, 26.91583333333333], [93.75083333333333, 26.91583333333333], [93.75083333333333, 26.916666666666668], [93.75083333333333, 26.9175], [93.75166666666667, 26.9175], [93.75166666666667, 26.916666666666668], [93.7525, 26.916666666666668], [93.7525, 26.9175], [93.7525, 26.918333333333333], [93.75166666666667, 26.918333333333333], [93.75166666666667, 26.919166666666666], [93.7525, 26.919166666666666], [93.7525, 26.92], [93.7525, 26.920833333333334], [93.75333333333333, 26.920833333333334], [93.75333333333333, 26.921666666666667], [93.75416666666666, 26.921666666666667], [93.755, 26.921666666666667], [93.755, 26.920833333333334], [93.755, 26.92], [93.75583333333333, 26.92], [93.75583333333333, 26.919166666666666], [93.75583333333333, 26.918333333333333], [93.75666666666666, 26.918333333333333], [93.75666666666666, 26.9175], [93.75666666666666, 26.916666666666668], [93.75666666666666, 26.91583333333333], [93.7575, 26.91583333333333], [93.75833333333333, 26.91583333333333], [93.75916666666666, 26.91583333333333], [93.75916666666666, 26.915], [93.75833333333333, 26.915], [93.7575, 26.915], [93.7575, 26.914166666666667], [93.75666666666666, 26.914166666666667], [93.75666666666666, 26.913333333333334], [93.75583333333333, 26.913333333333334], [93.755, 26.913333333333334], [93.75416666666666, 26.913333333333334], [93.75333333333333, 26.913333333333334], [93.75333333333333, 26.914166666666667], [93.7525, 26.914166666666667], [93.75166666666667, 26.914166666666667], [93.75166666666667, 26.915], [93.75083333333333, 26.915], [93.75083333333333, 26.914166666666667], [93.75, 26.914166666666667], [93.75, 26.915], [93.74916666666667, 26.915], [93.74916666666667, 26.91583333333333]], [[93.75416666666666, 26.914166666666667], [93.755, 26.914166666666667], [93.755, 26.915], [93.75416666666666, 26.915], [93.75333333333333, 26.915], [93.75333333333333, 26.914166666666667], [93.75416666666666, 26.914166666666667]], [[93.7525, 26.915], [93.7525, 26.91583333333333], [93.75166666666667, 26.91583333333333], [93.75166666666667, 26.915], [93.7525, 26.915]]]}}, {"type": "Feature", "properties": {"product": "forest_loss", "area_ha": 7.64}, "geometry": {"type": "Polygon", "coordinates": [[[93.74666666666666, 26.921666666666667], [93.74583333333332, 26.921666666666667], [93.74583333333332, 26.920833333333334], [93.74666666666666, 26.920833333333334], [93.74666666666666, 26.92], [93.74583333333332, 26.92], [93.74499999999999, 26.92], [93.74499999999999, 26.919166666666666], [93.74416666666666, 26.919166666666666], [93.74416666666666, 26.92], [93.74416666666666, 26.920833333333334], [93.74416666666666, 26.921666666666667], [93.74499999999999, 26.921666666666667], [93.74499999999999, 26.9225], [93.74499999999999, 26.923333333333332], [93.74583333333332, 26.923333333333332], [93.74666666666666, 26.923333333333332], [93.74666666666666, 26.9225], [93.74666666666666, 26.921666666666667]]]}}, {"type": "Feature", "properties": {"product": "forest_loss", "area_ha": 23.69}, "geometry": {"type": "Polygon", "coordinates": [[[93.75, 26.9275], [93.75, 26.928333333333335], [93.75, 26.929166666666667], [93.75, 26.93], [93.75, 26.930833333333332], [93.75, 26.931666666666665], [93.75083333333333, 26.931666666666665], [93.75083333333333, 26.930833333333332], [93.75166666666667, 26.930833333333332], [93.7525, 26.930833333333332], [93.7525, 26.93], [93.75166666666667, 26.93], [93.75166666666667, 26.929166666666667], [93.7525, 26.929166666666667], [93.75333333333333, 26.929166666666667], [93.75416666666666, 26.929166666666667], [93.75416666666666, 26.928333333333335], [93.75333333333333, 26.928333333333335], [93.7525, 26.928333333333335], [93.7525, 26.9275], [93.75333333333333, 26.9275], [93.75416666666666, 26.9275], [93.75416666666666, 26.926666666666666], [93.755, 26.926666666666666], [93.755, 26.925833333333333], [93.75416666666666, 26.925833333333333], [93.75333333333333, 26.925833333333333], [93.75333333333333, 26.925], [93.7525, 26.925], [93.7525, 26.925833333333333], [93.75166666666667, 26.925833333333333], [93.75166666666667, 26.925], [93.75083333333333, 26.925], [93.75083333333333, 26.924166666666668], [93.75, 26.924166666666668], [93.75, 26.925], [93.74916666666667, 26.925], [93.74833333333332, 26.925], [93.74749999999999, 26.925], [93.74749999999999, 26.925833333333333], [93.74749999999999, 26.926666666666666], [93.74833333333332, 26.926666666666666], [93.74833333333332, 26.925833333333333], [93.74916666666667, 26.925833333333333], [93.75, 26.925833333333333], [93.75, 26.926666666666666], [93.75083333333333, 26.926666666666666], [93.75083333333333, 26.9275], [93.75, 26.9275]], [[93.75083333333333, 26.929166666666667], [93.75083333333333, 26.928333333333335], [93.75166666666667, 26.928333333333335], [93.75166666666667, 26.929166666666667], [93.75083333333333, 26.929166666666667]]]}}, {"type": "Feature", "properties": {"product": "forest_loss", "area_ha": 6.11}, "geometry": {"type": "Polygon", "coordinates": [[[93.75, 26.9675], [93.75, 26.966666666666665], [93.75, 26.965833333333332], [93.75, 26.965], [93.75, 26.964166666666667], [93.75, 26.963333333333335], [93.75, 26.9625], [93.75, 26.961666666666666], [93.74916666666667, 26.961666666666666], [93.74916666666667, 26.9625], [93.74833333333332, 26.9625], [93.74833333333332, 26.963333333333335], [93.74916666666667, 26.963333333333335], [93.74916666666667, 26.964166666666667], [93.74916666666667, 26.965], [93.74916666666667, 26.965833333333332], [93.74916666666667, 26.966666666666665], [93.74916666666667, 26.9675], [93.75, 26.9675]]]}}, {"type": "Feature", "properties": {"product": "forest_loss", "area_ha": 6.88}, "geometry": {"type": "Polygon", "coordinates": [[[93.75083333333333, 26.970833333333335], [93.75, 26.970833333333335], [93.75, 26.97], [93.74916666666667, 26.97], [93.74916666666667, 26.970833333333335], [93.74833333333332, 26.970833333333335], [93.74749999999999, 26.970833333333335], [93.74749999999999, 26.971666666666668], [93.74833333333332, 26.971666666666668], [93.74916666666667, 26.971666666666668], [93.74916666666667, 26.9725], [93.75, 26.9725], [93.75083333333333, 26.9725], [93.75166666666667, 26.9725], [93.75166666666667, 26.971666666666668], [93.75166666666667, 26.970833333333335], [93.75083333333333, 26.970833333333335]]]}}, {"type": "Feature", "properties": {"product": "forest_loss", "area_ha": 14.51}, "geometry": {"type": "Polygon", "coordinates": [[[93.75166666666667, 27.046666666666667], [93.75083333333333, 27.046666666666667], [93.75083333333333, 27.0475], [93.75166666666667, 27.0475], [93.7525, 27.0475], [93.75333333333333, 27.0475], [93.75333333333333, 27.046666666666667], [93.75333333333333, 27.045833333333334], [93.7525, 27.045833333333334], [93.7525, 27.045], [93.7525, 27.044166666666666], [93.75333333333333, 27.044166666666666], [93.75416666666666, 27.044166666666666], [93.755, 27.044166666666666], [93.755, 27.045], [93.75583333333333, 27.045], [93.75583333333333, 27.044166666666666], [93.75583333333333, 27.043333333333333], [93.755, 27.043333333333333], [93.755, 27.0425], [93.75416666666666, 27.0425], [93.75333333333333, 27.0425], [93.7525, 27.0425], [93.7525, 27.043333333333333], [93.75166666666667, 27.043333333333333], [93.75166666666667, 27.044166666666666], [93.75083333333333, 27.044166666666666], [93.75, 27.044166666666666], [93.74916666666667, 27.044166666666666], [93.74916666666667, 27.045], [93.75, 27.045], [93.75083333333333, 27.045], [93.75166666666667, 27.045], [93.75166666666667, 27.045833333333334], [93.75166666666667, 27.046666666666667]]]}}, {"type": "Feature", "properties": {"product": "forest_loss", "area_ha": 6.11}, "geometry": {"type": "Polygon", "coordinates": [[[93.75083333333333, 27.059166666666666], [93.75083333333333, 27.058333333333334], [93.75083333333333, 27.0575], [93.75, 27.0575], [93.75, 27.058333333333334], [93.74916666666667, 27.058333333333334], [93.74833333333332, 27.058333333333334], [93.74833333333332, 27.059166666666666], [93.74833333333332, 27.06], [93.74833333333332, 27.060833333333335], [93.74916666666667, 27.060833333333335], [93.74916666666667, 27.06], [93.75, 27.06], [93.75083333333333, 27.06], [93.75083333333333, 27.059166666666666]]]}}, {"type": "Feature", "properties": {"product": "forest_loss", "area_ha": 43.51}, "geometry": {"type": "Polygon", "coordinates": [[[93.74749999999999, 27.065833333333334], [93.74749999999999, 27.066666666666666], [93.74833333333332, 27.066666666666666], [93.74916666666667, 27.066666666666666], [93.74916666666667, 27.0675], [93.74916666666667, 27.06833333333333], [93.74916666666667, 27.069166666666668], [93.75, 27.069166666666668], [93.75083333333333, 27.069166666666668], [93.75083333333333, 27.07], [93.75166666666667, 27.07], [93.75166666666667, 27.070833333333333], [93.7525, 27.070833333333333], [93.7525, 27.071666666666665], [93.75333333333333, 27.071666666666665], [93.75416666666666, 27.071666666666665], [93.75416666666666, 27.070833333333333], [93.755, 27.070833333333333], [93.755, 27.07], [93.75416666666666, 27.07], [93.75416666666666, 27.069166666666668], [93.755, 27.069166666666668], [93.755, 27.06833333333333], [93.75416666666666, 27.06833333333333], [93.75416666666666, 27.0675], [93.75416666666666, 27.066666666666666], [93.75416666666666, 27.065833333333334], [93.75333333333333, 27.065833333333334], [93.7525, 27.065833333333334], [93.7525, 27.066666666666666], [93.75166666666667, 27.066666666666666], [93.75166666666667, 27.065833333333334], [93.75083333333333, 27.065833333333334], [93.75083333333333, 27.065], [93.75, 27.065], [93.75, 27.064166666666665], [93.75, 27.063333333333333], [93.75083333333333, 27.063333333333333], [93.75083333333333, 27.0625], [93.75083333333333, 27.061666666666667], [93.75, 27.061666666666667], [93.74916666666667, 27.061666666666667], [93.74833333333332, 27.061666666666667], [93.74833333333332, 27.060833333333335], [93.74749999999999, 27.060833333333335], [93.74749999999999, 27.061666666666667], [93.74749999999999, 27.0625], [93.74666666666666, 27.0625], [93.74666666666666, 27.063333333333333], [93.74666666666666, 27.064166666666665], [93.74666666666666, 27.065], [93.74666666666666, 27.065833333333334], [93.74749999999999, 27.065833333333334]], [[93.74749999999999, 27.065], [93.74833333333332, 27.065], [93.74916666666667, 27.065], [93.74916666666667, 27.065833333333334], [93.74833333333332, 27.065833333333334], [93.74749999999999, 27.065833333333334], [93.74749999999999, 27.065]]]}}, {"type": "Feature", "properties": {"product": "forest_loss", "area_ha": 6.11}, "geometry": {"type": "Polygon", "coordinates": [[[93.74499999999999, 27.0775], [93.74416666666666, 27.0775], [93.74416666666666, 27.078333333333333], [93.74416666666666, 27.079166666666666], [93.74416666666666, 27.08], [93.74499999999999, 27.08], [93.74499999999999, 27.080833333333334], [93.74583333333332, 27.080833333333334], [93.74666666666666, 27.080833333333334], [93.74666666666666, 27.08], [93.74666666666666, 27.079166666666666], [93.74583333333332, 27.079166666666666], [93.74499999999999, 27.079166666666666], [93.74499999999999, 27.078333333333333], [93.74583333333332, 27.078333333333333], [93.74583333333332, 27.0775], [93.74499999999999, 27.0775]]]}}, {"type": "Feature", "properties": {"product": "forest_loss", "area_ha": 19.84}, "geometry": {"type": "Polygon", "coordinates": [[[93.74666666666666, 27.080833333333334], [93.74666666666666, 27.081666666666667], [93.74666666666666, 27.0825], [93.74749999999999, 27.0825], [93.74749999999999, 27.081666666666667], [93.74833333333332, 27.081666666666667], [93.74833333333332, 27.0825], [93.74916666666667, 27.0825], [93.74916666666667, 27.081666666666667], [93.74916666666667, 27.080833333333334], [93.75, 27.080833333333334], [93.75, 27.081666666666667], [93.75, 27.0825], [93.75083333333333, 27.0825], [93.75166666666667, 27.0825], [93.75166666666667, 27.081666666666667], [93.7525, 27.081666666666667], [93.7525, 27.080833333333334], [93.75333333333333, 27.080833333333334], [93.75333333333333, 27.08], [93.75416666666666, 27.08], [93.75416666666666, 27.079166666666666], [93.75416666666666, 27.078333333333333], [93.75333333333333, 27.078333333333333], [93.75333333333333, 27.0775], [93.7525, 27.0775], [93.7525, 27.078333333333333], [93.7525, 27.079166666666666], [93.75166666666667, 27.079166666666666], [93.75083333333333, 27.079166666666666], [93.75, 27.079166666666666], [93.74916666666667, 27.079166666666666], [93.74833333333332, 27.079166666666666], [93.74833333333332, 27.08], [93.74749999999999, 27.08], [93.74749999999999, 27.080833333333334], [93.74666666666666, 27.080833333333334]], [[93.75, 27.08], [93.75083333333333, 27.08], [93.75083333333333, 27.080833333333334], [93.75, 27.080833333333334], [93.75, 27.08]]]}}, {"type": "Feature", "properties": {"product": "forest_loss", "area_ha": 6.11}, "geometry": {"type": "Polygon", "coordinates": [[[93.74749999999999, 27.083333333333332], [93.74666666666666, 27.083333333333332], [93.74666666666666, 27.0825], [93.74583333333332, 27.0825], [93.74583333333332, 27.083333333333332], [93.74583333333332, 27.08416666666667], [93.74499999999999, 27.08416666666667], [93.74416666666666, 27.08416666666667], [93.74416666666666, 27.085], [93.74416666666666, 27.085833333333333], [93.74499999999999, 27.085833333333333], [93.74499999999999, 27.085], [93.74583333333332, 27.085], [93.74666666666666, 27.085], [93.74749999999999, 27.085], [93.74749999999999, 27.08416666666667], [93.74749999999999, 27.083333333333332]]]}}, {"type": "Feature", "properties": {"product": "forest_loss", "area_ha": 9.15}, "geometry": {"type": "Polygon", "coordinates": [[[93.74833333333332, 27.134166666666665], [93.74833333333332, 27.133333333333333], [93.74749999999999, 27.133333333333333], [93.74666666666666, 27.133333333333333], [93.74666666666666, 27.1325], [93.74666666666666, 27.131666666666668], [93.74583333333332, 27.131666666666668], [93.74499999999999, 27.131666666666668], [93.74499999999999, 27.1325], [93.74499999999999, 27.133333333333333], [93.74499999999999, 27.134166666666665], [93.74583333333332, 27.134166666666665], [93.74666666666666, 27.134166666666665], [93.74666666666666, 27.135], [93.74749999999999, 27.135], [93.74749999999999, 27.135833333333334], [93.74833333333332, 27.135833333333334], [93.74833333333332, 27.135], [93.74916666666667, 27.135], [93.74916666666667, 27.134166666666665], [93.74833333333332, 27.134166666666665]]]}}, {"type": "Feature", "properties": {"product": "forest_loss", "area_ha": 6.86}, "geometry": {"type": "Polygon", "coordinates": [[[93.74666666666666, 27.155833333333334], [93.74583333333332, 27.155833333333334], [93.74583333333332, 27.155], [93.74499999999999, 27.155], [93.74499999999999, 27.154166666666665], [93.74499999999999, 27.153333333333332], [93.74583333333332, 27.153333333333332], [93.74583333333332, 27.1525], [93.74499999999999, 27.1525], [93.74416666666666, 27.1525], [93.74333333333333, 27.1525], [93.74333333333333, 27.153333333333332], [93.74416666666666, 27.153333333333332], [93.74416666666666, 27.154166666666665], [93.74416666666666, 27.155], [93.74416666666666, 27.155833333333334], [93.74499999999999, 27.155833333333334], [93.74499999999999, 27.156666666666666], [93.74583333333332, 27.156666666666666], [93.74666666666666, 27.156666666666666], [93.74666666666666, 27.155833333333334]]]}}, {"type": "Feature", "properties": {"product": "forest_loss", "area_ha": 14.49}, "geometry": {"type": "Polygon", "coordinates": [[[93.74416666666666, 27.1675], [93.74416666666666, 27.168333333333333], [93.74499999999999, 27.168333333333333], [93.74583333333332, 27.168333333333333], [93.74583333333332, 27.169166666666666], [93.74666666666666, 27.169166666666666], [93.74666666666666, 27.17], [93.74749999999999, 27.17], [93.74749999999999, 27.169166666666666], [93.74749999999999, 27.168333333333333], [93.74749999999999, 27.1675], [93.74833333333332, 27.1675], [93.74916666666667, 27.1675], [93.75, 27.1675], [93.75083333333333, 27.1675], [93.75166666666667, 27.1675], [93.75166666666667, 27.166666666666668], [93.75083333333333, 27.166666666666668], [93.75, 27.166666666666668], [93.75, 27.16583333333333], [93.74916666666667, 27.16583333333333], [93.74833333333332, 27.16583333333333], [93.74749999999999, 27.16583333333333], [93.74666666666666, 27.16583333333333], [93.74666666666666, 27.166666666666668], [93.74583333333332, 27.166666666666668], [93.74583333333332, 27.1675], [93.74499999999999, 27.1675], [93.74499999999999, 27.166666666666668], [93.74416666666666, 27.166666666666668], [93.74416666666666, 27.1675]]]}}, {"type": "Feature", "properties": {"product": "forest_loss", "area_ha": 9.15}, "geometry": {"type": "Polygon", "coordinates": [[[93.75, 27.178333333333335], [93.75, 27.1775], [93.74916666666667, 27.1775], [93.74833333333332, 27.1775], [93.74833333333332, 27.178333333333335], [93.74916666666667, 27.178333333333335], [93.74916666666667, 27.179166666666667], [93.74916666666667, 27.18], [93.75, 27.18], [93.75, 27.180833333333332], [93.75, 27.18166666666667], [93.75083333333333, 27.18166666666667], [93.75166666666667, 27.18166666666667], [93.75166666666667, 27.180833333333332], [93.7525, 27.180833333333332], [93.7525, 27.18], [93.75166666666667, 27.18], [93.75083333333333, 27.18], [93.75083333333333, 27.179166666666667], [93.75166666666667, 27.179166666666667], [93.75166666666667, 27.178333333333335], [93.75083333333333, 27.178333333333335], [93.75, 27.178333333333335]]]}}, {"type": "Feature", "properties": {"product": "forest_loss", "area_ha": 7.63}, "geometry": {"type": "Polygon", "coordinates": [[[93.74916666666667, 27.183333333333334], [93.74833333333332, 27.183333333333334], [93.74749999999999, 27.183333333333334], [93.74749999999999, 27.1825], [93.74666666666666, 27.1825], [93.74583333333332, 27.1825], [93.74583333333332, 27.18166666666667], [93.74499999999999, 27.18166666666667], [93.74499999999999, 27.1825], [93.74499999999999, 27.183333333333334], [93.74583333333332, 27.183333333333334], [93.74583333333332, 27.184166666666666], [93.74583333333332, 27.185], [93.74666666666666, 27.185], [93.74666666666666, 27.184166666666666], [93.74749999999999, 27.184166666666666], [93.74833333333332, 27.184166666666666], [93.74833333333332, 27.185], [93.74916666666667, 27.185], [93.74916666666667, 27.184166666666666], [93.74916666666667, 27.183333333333334]]]}}, {"type": "Feature", "properties": {"product": "forest_loss", "area_ha": 8.41}, "geometry": {"type": "Polygon", "coordinates": [[[93.75166666666667, 26.945833333333333], [93.75166666666667, 26.945], [93.7525, 26.945], [93.7525, 26.945833333333333], [93.75333333333333, 26.945833333333333], [93.75333333333333, 26.945], [93.75416666666666, 26.945], [93.755, 26.945], [93.755, 26.944166666666668], [93.75416666666666, 26.944166666666668], [93.75416666666666, 26.94333333333333], [93.75333333333333, 26.94333333333333], [93.7525, 26.94333333333333], [93.75166666666667, 26.94333333333333], [93.75083333333333, 26.94333333333333], [93.75083333333333, 26.944166666666668], [93.75083333333333, 26.945], [93.75083333333333, 26.945833333333333], [93.75166666666667, 26.945833333333333]]]}}, {"type": "Feature", "properties": {"product": "forest_loss", "area_ha": 6.1}, "geometry": {"type": "Polygon", "coordinates": [[[93.75833333333333, 27.116666666666667], [93.75833333333333, 27.115833333333335], [93.75916666666666, 27.115833333333335], [93.75999999999999, 27.115833333333335], [93.75999999999999, 27.115], [93.75916666666666, 27.115], [93.75833333333333, 27.115], [93.75833333333333, 27.114166666666666], [93.7575, 27.114166666666666], [93.7575, 27.115], [93.75666666666666, 27.115], [93.75583333333333, 27.115], [93.75583333333333, 27.115833333333335], [93.75666666666666, 27.115833333333335], [93.75666666666666, 27.116666666666667], [93.7575, 27.116666666666667], [93.75833333333333, 27.116666666666667]]]}}, {"type": "Feature", "properties": {"product": "forest_loss", "area_ha": 16.02}, "geometry": {"type": "Polygon", "coordinates": [[[93.755, 27.125], [93.755, 27.125833333333333], [93.75583333333333, 27.125833333333333], [93.75666666666666, 27.125833333333333], [93.75666666666666, 27.126666666666665], [93.7575, 27.126666666666665], [93.7575, 27.125833333333333], [93.75833333333333, 27.125833333333333], [93.75833333333333, 27.126666666666665], [93.75916666666666, 27.126666666666665], [93.75916666666666, 27.125833333333333], [93.75999999999999, 27.125833333333333], [93.75999999999999, 27.125], [93.75999999999999, 27.124166666666667], [93.75999999999999, 27.123333333333335], [93.75999999999999, 27.1225], [93.76083333333332, 27.1225], [93.76083333333332, 27.121666666666666], [93.76083333333332, 27.120833333333334], [93.75999999999999, 27.120833333333334], [93.75999999999999, 27.121666666666666], [93.75916666666666, 27.121666666666666], [93.75916666666666, 27.1225], [93.75833333333333, 27.1225], [93.75833333333333, 27.123333333333335], [93.75916666666666, 27.123333333333335], [93.75916666666666, 27.124166666666667], [93.75916666666666, 27.125], [93.75833333333333, 27.125], [93.7575, 27.125], [93.7575, 27.124166666666667], [93.7575, 27.123333333333335], [93.7575, 27.1225], [93.75666666666666, 27.1225], [93.75666666666666, 27.123333333333335], [93.75583333333333, 27.123333333333335], [93.75583333333333, 27.124166666666667], [93.755, 27.124166666666667], [93.755, 27.125]]]}}, {"type": "Feature", "properties": {"product": "forest_loss", "area_ha": 9.94}, "geometry": {"type": "Polygon", "coordinates": [[[93.76249999999999, 26.919166666666666], [93.76249999999999, 26.92], [93.76333333333332, 26.92], [93.76333333333332, 26.920833333333334], [93.76416666666667, 26.920833333333334], [93.76416666666667, 26.921666666666667], [93.765, 26.921666666666667], [93.76583333333333, 26.921666666666667], [93.76583333333333, 26.920833333333334], [93.765, 26.920833333333334], [93.765, 26.92], [93.76583333333333, 26.92], [93.76583333333333, 26.919166666666666], [93.765, 26.919166666666666], [93.765, 26.918333333333333], [93.765, 26.9175], [93.76416666666667, 26.9175], [93.76333333333332, 26.9175], [93.76333333333332, 26.918333333333333], [93.76249999999999, 26.918333333333333], [93.76249999999999, 26.919166666666666]]]}}, {"type": "Feature", "properties": {"product": "forest_loss", "area_ha": 8.41}, "geometry": {"type": "Polygon", "coordinates": [[[93.75999999999999, 26.924166666666668], [93.76083333333332, 26.924166666666668], [93.76083333333332, 26.923333333333332], [93.76083333333332, 26.9225], [93.76083333333332, 26.921666666666667], [93.76166666666666, 26.921666666666667], [93.76166666666666, 26.920833333333334], [93.76249999999999, 26.920833333333334], [93.76249999999999, 26.92], [93.76166666666666, 26.92], [93.76166666666666, 26.919166666666666], [93.76083333333332, 26.919166666666666], [93.76083333333332, 26.92], [93.75999999999999, 26.92], [93.75999999999999, 26.920833333333334], [93.75916666666666, 26.920833333333334], [93.75916666666666, 26.921666666666667], [93.75916666666666, 26.9225], [93.75999999999999, 26.9225], [93.75999999999999, 26.923333333333332], [93.75999999999999, 26.924166666666668]]]}}, {"type": "Feature", "properties": {"product": "forest_loss", "area_ha": 14.5}, "geometry": {"type": "Polygon", "coordinates": [[[93.76249999999999, 27.065833333333334], [93.76333333333332, 27.065833333333334], [93.76416666666667, 27.065833333333334], [93.76416666666667, 27.066666666666666], [93.765, 27.066666666666666], [93.76583333333333, 27.066666666666666], [93.76666666666667, 27.066666666666666], [93.7675, 27.066666666666666], [93.76833333333333, 27.066666666666666], [93.76833333333333, 27.065833333333334], [93.7675, 27.065833333333334], [93.76666666666667, 27.065833333333334], [93.76583333333333, 27.065833333333334], [93.765, 27.065833333333334], [93.765, 27.065], [93.76416666666667, 27.065], [93.76416666666667, 27.064166666666665], [93.76333333333332, 27.064166666666665], [93.76249999999999, 27.064166666666665], [93.76166666666666, 27.064166666666665], [93.76166666666666, 27.063333333333333], [93.76166666666666, 27.0625], [93.76083333333332, 27.0625], [93.76083333333332, 27.061666666666667], [93.75999999999999, 27.061666666666667], [93.75916666666666, 27.061666666666667], [93.75916666666666, 27.0625], [93.75999999999999, 27.0625], [93.75999999999999, 27.063333333333333], [93.76083333333332, 27.063333333333333], [93.76083333333332, 27.064166666666665], [93.75999999999999, 27.064166666666665], [93.75999999999999, 27.065], [93.75999999999999, 27.065833333333334], [93.76083333333332, 27.065833333333334], [93.76083333333332, 27.065], [93.76166666666666, 27.065], [93.76249999999999, 27.065], [93.76249999999999, 27.065833333333334]]]}}, {"type": "Feature", "properties": {"product": "forest_loss", "area_ha": 6.87}, "geometry": {"type": "Polygon", "coordinates": [[[93.76166666666666, 27.070833333333333], [93.76249999999999, 27.070833333333333], [93.76333333333332, 27.070833333333333], [93.76333333333332, 27.07], [93.76333333333332, 27.069166666666668], [93.76249999999999, 27.069166666666668], [93.76166666666666, 27.069166666666668], [93.76166666666666, 27.06833333333333], [93.76083333333332, 27.06833333333333], [93.76083333333332, 27.0675], [93.75999999999999, 27.0675], [93.75999999999999, 27.06833333333333], [93.75999999999999, 27.069166666666668], [93.76083333333332, 27.069166666666668], [93.76083333333332, 27.07], [93.76083333333332, 27.070833333333333], [93.76166666666666, 27.070833333333333]]]}}, {"type": "Feature", "properties": {"product": "forest_loss", "area_ha": 9.16}, "geometry": {"type": "Polygon", "coordinates": [[[93.76249999999999, 27.121666666666666], [93.76333333333332, 27.121666666666666], [93.76333333333332, 27.120833333333334], [93.76416666666667, 27.120833333333334], [93.765, 27.120833333333334], [93.765, 27.12], [93.765, 27.11916666666667], [93.76416666666667, 27.11916666666667], [93.76416666666667, 27.12], [93.76333333333332, 27.12], [93.76333333333332, 27.11916666666667], [93.76333333333332, 27.118333333333332], [93.76333333333332, 27.1175], [93.76249999999999, 27.1175], [93.76249999999999, 27.118333333333332], [93.76166666666666, 27.118333333333332], [93.76083333333332, 27.118333333333332], [93.76083333333332, 27.11916666666667], [93.76083333333332, 27.12], [93.76166666666666, 27.12], [93.76166666666666, 27.120833333333334], [93.76249999999999, 27.120833333333334], [93.76249999999999, 27.121666666666666]], [[93.76166666666666, 27.11916666666667], [93.76249999999999, 27.11916666666667], [93.76249999999999, 27.12], [93.76166666666666, 27.12], [93.76166666666666, 27.11916666666667]]]}}, {"type": "Feature", "properties": {"product": "forest_loss", "area_ha": 7.63}, "geometry": {"type": "Polygon", "coordinates": [[[93.76583333333333, 27.125833333333333], [93.76583333333333, 27.125], [93.765, 27.125], [93.765, 27.124166666666667], [93.76416666666667, 27.124166666666667], [93.76333333333332, 27.124166666666667], [93.76249999999999, 27.124166666666667], [93.76166666666666, 27.124166666666667], [93.76166666666666, 27.125], [93.76249999999999, 27.125], [93.76333333333332, 27.125], [93.76333333333332, 27.125833333333333], [93.76249999999999, 27.125833333333333], [93.76249999999999, 27.126666666666665], [93.76333333333332, 27.126666666666665], [93.76416666666667, 27.126666666666665], [93.765, 27.126666666666665], [93.765, 27.125833333333333], [93.76583333333333, 27.125833333333333]]]}}, {"type": "Feature", "properties": {"product": "forest_loss", "area_ha": 17.54}, "geometry": {"type": "Polygon", "coordinates": [[[93.76583333333333, 27.139166666666668], [93.76583333333333, 27.14], [93.765, 27.14], [93.765, 27.139166666666668], [93.76416666666667, 27.139166666666668], [93.76416666666667, 27.14], [93.76333333333332, 27.14], [93.76249999999999, 27.14], [93.76249999999999, 27.140833333333333], [93.76249999999999, 27.141666666666666], [93.76333333333332, 27.141666666666666], [93.76416666666667, 27.141666666666666], [93.765, 27.141666666666666], [93.765, 27.140833333333333], [93.76583333333333, 27.140833333333333], [93.76583333333333, 27.141666666666666], [93.76666666666667, 27.141666666666666], [93.7675, 27.141666666666666], [93.7675, 27.140833333333333], [93.7675, 27.14], [93.7675, 27.139166666666668], [93.7675, 27.138333333333332], [93.7675, 27.1375], [93.76666666666667, 27.1375], [93.76583333333333, 27.1375], [93.76583333333333, 27.136666666666667], [93.765, 27.136666666666667], [93.765, 27.135833333333334], [93.76416666666667, 27.135833333333334], [93.76416666666667, 27.136666666666667], [93.76416666666667, 27.1375], [93.76416666666667, 27.138333333333332], [93.765, 27.138333333333332], [93.76583333333333, 27.138333333333332], [93.76583333333333, 27.139166666666668]]]}}, {"type": "Feature", "properties": {"product": "forest_loss", "area_ha": 9.92}, "geometry": {"type": "Polygon", "coordinates": [[[93.76583333333333, 27.051666666666666], [93.76583333333333, 27.0525], [93.76666666666667, 27.0525], [93.76666666666667, 27.053333333333335], [93.76666666666667, 27.054166666666667], [93.76666666666667, 27.055], [93.7675, 27.055], [93.7675, 27.055833333333332], [93.76833333333333, 27.055833333333332], [93.76833333333333, 27.055], [93.76916666666666, 27.055], [93.77, 27.055], [93.77, 27.054166666666667], [93.77, 27.053333333333335], [93.77, 27.0525], [93.77, 27.051666666666666], [93.76916666666666, 27.051666666666666], [93.76916666666666, 27.0525], [93.76916666666666, 27.053333333333335], [93.76916666666666, 27.054166666666667], [93.76833333333333, 27.054166666666667], [93.76833333333333, 27.053333333333335], [93.7675, 27.053333333333335], [93.7675, 27.0525], [93.7675, 27.051666666666666], [93.76666666666667, 27.051666666666666], [93.76583333333333, 27.051666666666666]]]}}, {"type": "Feature", "properties": {"product": "forest_loss", "area_ha": 14.5}, "geometry": {"type": "Polygon", "coordinates": [[[93.77499999999999, 27.125833333333333], [93.77583333333332, 27.125833333333333], [93.77583333333332, 27.125], [93.77583333333332, 27.124166666666667], [93.77499999999999, 27.124166666666667], [93.77416666666666, 27.124166666666667], [93.77333333333333, 27.124166666666667], [93.7725, 27.124166666666667], [93.77166666666666, 27.124166666666667], [93.77166666666666, 27.125], [93.77083333333333, 27.125], [93.77, 27.125], [93.77, 27.124166666666667], [93.76916666666666, 27.124166666666667], [93.76916666666666, 27.123333333333335], [93.76833333333333, 27.123333333333335], [93.76833333333333, 27.124166666666667], [93.76833333333333, 27.125], [93.76833333333333, 27.125833333333333], [93.76916666666666, 27.125833333333333], [93.77, 27.125833333333333], [93.77083333333333, 27.125833333333333], [93.77083333333333, 27.126666666666665], [93.77166666666666, 27.126666666666665], [93.7725, 27.126666666666665], [93.77333333333333, 27.126666666666665], [93.77333333333333, 27.125833333333333], [93.77416666666666, 27.125833333333333], [93.77499999999999, 27.125833333333333]], [[93.7725, 27.125833333333333], [93.7725, 27.125], [93.77333333333333, 27.125], [93.77333333333333, 27.125833333333333], [93.7725, 27.125833333333333]]]}}, {"type": "Feature", "properties": {"product": "forest_loss", "area_ha": 19.83}, "geometry": {"type": "Polygon", "coordinates": [[[93.76833333333333, 27.16], [93.76916666666666, 27.16], [93.76916666666666, 27.160833333333333], [93.77, 27.160833333333333], [93.77083333333333, 27.160833333333333], [93.77083333333333, 27.161666666666665], [93.77, 27.161666666666665], [93.76916666666666, 27.161666666666665], [93.76833333333333, 27.161666666666665], [93.76833333333333, 27.1625], [93.76916666666666, 27.1625], [93.76916666666666, 27.163333333333334], [93.76833333333333, 27.163333333333334], [93.76833333333333, 27.164166666666667], [93.76833333333333, 27.165], [93.76916666666666, 27.165], [93.77, 27.165], [93.77, 27.164166666666667], [93.77083333333333, 27.164166666666667], [93.77083333333333, 27.163333333333334], [93.77166666666666, 27.163333333333334], [93.7725, 27.163333333333334], [93.7725, 27.1625], [93.7725, 27.161666666666665], [93.7725, 27.160833333333333], [93.77166666666666, 27.160833333333333], [93.77166666666666, 27.16], [93.77083333333333, 27.16], [93.77, 27.16], [93.77, 27.159166666666668], [93.77083333333333, 27.159166666666668], [93.77083333333333, 27.158333333333335], [93.77, 27.158333333333335], [93.77, 27.1575], [93.76916666666666, 27.1575], [93.76833333333333, 27.1575], [93.76833333333333, 27.158333333333335], [93.7675, 27.158333333333335], [93.7675, 27.159166666666668], [93.76833333333333, 27.159166666666668], [93.76833333333333, 27.16]], [[93.77166666666666, 27.161666666666665], [93.77166666666666, 27.1625], [93.77083333333333, 27.1625], [93.77083333333333, 27.161666666666665], [93.77166666666666, 27.161666666666665]]]}}, {"type": "Feature", "properties": {"product": "forest_loss", "area_ha": 8.39}, "geometry": {"type": "Polygon", "coordinates": [[[93.7725, 27.169166666666666], [93.7725, 27.168333333333333], [93.77333333333333, 27.168333333333333], [93.77333333333333, 27.1675], [93.77416666666666, 27.1675], [93.77499999999999, 27.1675], [93.77499999999999, 27.166666666666668], [93.77416666666666, 27.166666666666668], [93.77333333333333, 27.166666666666668], [93.77333333333333, 27.16583333333333], [93.7725, 27.16583333333333], [93.7725, 27.166666666666668], [93.77166666666666, 27.166666666666668], [93.77166666666666, 27.1675], [93.77083333333333, 27.1675], [93.77, 27.1675], [93.77, 27.168333333333333], [93.77083333333333, 27.168333333333333], [93.77083333333333, 27.169166666666666], [93.77166666666666, 27.169166666666666], [93.7725, 27.169166666666666]]]}}, {"type": "Feature", "properties": {"product": "forest_loss", "area_ha": 6.1}, "geometry": {"type": "Polygon", "coordinates": [[[93.77, 27.2375], [93.77, 27.236666666666668], [93.76916666666666, 27.236666666666668], [93.76833333333333, 27.236666666666668], [93.7675, 27.236666666666668], [93.7675, 27.235833333333332], [93.76666666666667, 27.235833333333332], [93.76666666666667, 27.236666666666668], [93.76666666666667, 27.2375], [93.76583333333333, 27.2375], [93.76583333333333, 27.238333333333333], [93.76666666666667, 27.238333333333333], [93.7675, 27.238333333333333], [93.76833333333333, 27.238333333333333], [93.76833333333333, 27.2375], [93.76916666666666, 27.2375], [93.77, 27.2375]]]}}, {"type": "Feature", "properties": {"product": "forest_loss", "area_ha": 7.64}, "geometry": {"type": "Polygon", "coordinates": [[[93.77833333333332, 26.996666666666666], [93.77833333333332, 26.9975], [93.77749999999999, 26.9975], [93.77749999999999, 26.998333333333335], [93.77749999999999, 26.999166666666667], [93.77833333333332, 26.999166666666667], [93.77916666666665, 26.999166666666667], [93.77916666666665, 26.998333333333335], [93.77916666666665, 26.9975], [93.77916666666665, 26.996666666666666], [93.78, 26.996666666666666], [93.78083333333333, 26.996666666666666], [93.78083333333333, 26.995833333333334], [93.78, 26.995833333333334], [93.78, 26.995], [93.77916666666665, 26.995], [93.77916666666665, 26.995833333333334], [93.77833333333332, 26.995833333333334], [93.77749999999999, 26.995833333333334], [93.77749999999999, 26.996666666666666], [93.77833333333332, 26.996666666666666]]]}}, {"type": "Feature", "properties": {"product": "forest_loss", "area_ha": 6.11}, "geometry": {"type": "Polygon", "coordinates": [[[93.77416666666666, 27.071666666666665], [93.77333333333333, 27.071666666666665], [93.77333333333333, 27.070833333333333], [93.77333333333333, 27.07], [93.7725, 27.07], [93.77166666666666, 27.07], [93.77166666666666, 27.070833333333333], [93.7725, 27.070833333333333], [93.7725, 27.071666666666665], [93.7725, 27.0725], [93.77333333333333, 27.0725], [93.77333333333333, 27.073333333333334], [93.77333333333333, 27.074166666666667], [93.77416666666666, 27.074166666666667], [93.77499999999999, 27.074166666666667], [93.77499999999999, 27.073333333333334], [93.77416666666666, 27.073333333333334], [93.77416666666666, 27.0725], [93.77416666666666, 27.071666666666665]]]}}, {"type": "Feature", "properties": {"product": "forest_loss", "area_ha": 9.16}, "geometry": {"type": "Polygon", "coordinates": [[[93.77416666666666, 27.11], [93.77499999999999, 27.11], [93.77583333333332, 27.11], [93.77583333333332, 27.109166666666667], [93.77583333333332, 27.108333333333334], [93.77666666666666, 27.108333333333334], [93.77666666666666, 27.1075], [93.77666666666666, 27.106666666666666], [93.77583333333332, 27.106666666666666], [93.77583333333332, 27.105833333333333], [93.77499999999999, 27.105833333333333], [93.77416666666666, 27.105833333333333], [93.77416666666666, 27.106666666666666], [93.77416666666666, 27.1075], [93.77499999999999, 27.1075], [93.77499999999999, 27.108333333333334], [93.77416666666666, 27.108333333333334], [93.77416666666666, 27.109166666666667], [93.77333333333333, 27.109166666666667], [93.77333333333333, 27.11], [93.77416666666666, 27.11]]]}}, {"type": "Feature", "properties": {"product": "forest_loss", "area_ha": 41.2}, "geometry": {"type": "Polygon", "coordinates": [[[93.77583333333332, 27.113333333333333], [93.77499999999999, 27.113333333333333], [93.77416666666666, 27.113333333333333], [93.77416666666666, 27.114166666666666], [93.77416666666666, 27.115], [93.77416666666666, 27.115833333333335], [93.77499999999999, 27.115833333333335], [93.77499999999999, 27.116666666666667], [93.77583333333332, 27.116666666666667], [93.77666666666666, 27.116666666666667], [93.77749999999999, 27.116666666666667], [93.77749999999999, 27.115833333333335], [93.77666666666666, 27.115833333333335], [93.77666666666666, 27.115], [93.77666666666666, 27.114166666666666], [93.77749999999999, 27.114166666666666], [93.77749999999999, 27.113333333333333], [93.77833333333332, 27.113333333333333], [93.77916666666665, 27.113333333333333], [93.78, 27.113333333333333], [93.78, 27.114166666666666], [93.78, 27.115], [93.77916666666665, 27.115], [93.77916666666665, 27.115833333333335], [93.78, 27.115833333333335], [93.78, 27.116666666666667], [93.78083333333333, 27.116666666666667], [93.78083333333333, 27.115833333333335], [93.78166666666667, 27.115833333333335], [93.78166666666667, 27.116666666666667], [93.78166666666667, 27.1175], [93.7825, 27.1175], [93.78333333333333, 27.1175], [93.78416666666666, 27.1175], [93.78416666666666, 27.118333333333332], [93.785, 27.118333333333332], [93.785, 27.1175], [93.785, 27.116666666666667], [93.78583333333333, 27.116666666666667], [93.78583333333333, 27.115833333333335], [93.785, 27.115833333333335], [93.78416666666666, 27.115833333333335], [93.78416666666666, 27.116666666666667], [93.78333333333333, 27.116666666666667], [93.7825, 27.116666666666667], [93.7825, 27.115833333333335], [93.7825, 27.115], [93.78333333333333, 27.115], [93.78333333333333, 27.114166666666666], [93.7825, 27.114166666666666], [93.7825, 27.113333333333333], [93.7825, 27.1125], [93.7825, 27.111666666666668], [93.78166666666667, 27.111666666666668], [93.78083333333333, 27.111666666666668], [93.78083333333333, 27.1125], [93.78, 27.1125], [93.77916666666665, 27.1125], [93.77916666666665, 27.111666666666668], [93.77916666666665, 27.110833333333332], [93.77833333333332, 27.110833333333332], [93.77833333333332, 27.11], [93.77833333333332, 27.109166666666667], [93.77749999999999, 27.109166666666667], [93.77666666666666, 27.109166666666667], [93.77666666666666, 27.11], [93.77583333333332, 27.11], [93.77583333333332, 27.110833333333332], [93.77666666666666, 27.110833333333332], [93.77666666666666, 27.111666666666668], [93.77583333333332, 27.111666666666668], [93.77583333333332, 27.1125], [93.77583333333332, 27.113333333333333]], [[93.77749999999999, 27.111666666666668], [93.77833333333332, 27.111666666666668], [93.77833333333332, 27.1125], [93.77749999999999, 27.1125], [93.77749999999999, 27.111666666666668]]]}}, {"type": "Feature", "properties": {"product": "forest_loss", "area_ha": 8.39}, "geometry": {"type": "Polygon", "coordinates": [[[93.77499999999999, 27.121666666666666], [93.77499999999999, 27.120833333333334], [93.77499999999999, 27.12], [93.77583333333332, 27.12], [93.77583333333332, 27.11916666666667], [93.77583333333332, 27.118333333333332], [93.77583333333332, 27.1175], [93.77499999999999, 27.1175], [93.77416666666666, 27.1175], [93.77416666666666, 27.118333333333332], [93.77333333333333, 27.118333333333332], [93.77333333333333, 27.11916666666667], [93.7725, 27.11916666666667], [93.7725, 27.12], [93.77333333333333, 27.12], [93.77416666666666, 27.12], [93.77416666666666, 27.120833333333334], [93.77416666666666, 27.121666666666666], [93.77499999999999, 27.121666666666666]]]}}, {"type": "Feature", "properties": {"product": "forest_loss", "area_ha": 11.44}, "geometry": {"type": "Polygon", "coordinates": [[[93.77833333333332, 27.1325], [93.77833333333332, 27.131666666666668], [93.77916666666665, 27.131666666666668], [93.78, 27.131666666666668], [93.78083333333333, 27.131666666666668], [93.78166666666667, 27.131666666666668], [93.78166666666667, 27.13083333333333], [93.78083333333333, 27.13083333333333], [93.78, 27.13083333333333], [93.78, 27.13], [93.77916666666665, 27.13], [93.77833333333332, 27.13], [93.77833333333332, 27.13083333333333], [93.77749999999999, 27.13083333333333], [93.77666666666666, 27.13083333333333], [93.77666666666666, 27.131666666666668], [93.77583333333332, 27.131666666666668], [93.77499999999999, 27.131666666666668], [93.77499999999999, 27.1325], [93.77583333333332, 27.1325], [93.77583333333332, 27.133333333333333], [93.77666666666666, 27.133333333333333], [93.77749999999999, 27.133333333333333], [93.77833333333332, 27.133333333333333], [93.77833333333332, 27.1325]]]}}, {"type": "Feature", "properties": {"product": "forest_loss", "area_ha": 9.92}, "geometry": {"type": "Polygon", "coordinates": [[[93.77916666666665, 27.138333333333332], [93.78, 27.138333333333332], [93.78083333333333, 27.138333333333332], [93.78083333333333, 27.1375], [93.78166666666667, 27.1375], [93.7825, 27.1375], [93.78333333333333, 27.1375], [93.78416666666666, 27.1375], [93.785, 27.1375], [93.78583333333333, 27.1375], [93.78583333333333, 27.138333333333332], [93.78666666666666, 27.138333333333332], [93.78666666666666, 27.1375], [93.78666666666666, 27.136666666666667], [93.78583333333333, 27.136666666666667], [93.785, 27.136666666666667], [93.785, 27.135833333333334], [93.78416666666666, 27.135833333333334], [93.78416666666666, 27.136666666666667], [93.78333333333333, 27.136666666666667], [93.7825, 27.136666666666667], [93.78166666666667, 27.136666666666667], [93.78083333333333, 27.136666666666667], [93.78, 27.136666666666667], [93.78, 27.1375], [93.77916666666665, 27.1375], [93.77833333333332, 27.1375], [93.77833333333332, 27.138333333333332], [93.77916666666665, 27.138333333333332]]]}}, {"type": "Feature", "properties": {"product": "forest_loss", "area_ha": 6.86}, "geometry": {"type": "Polygon", "coordinates": [[[93.77666666666666, 27.145833333333332], [93.77666666666666, 27.145], [93.77749999999999, 27.145], [93.77833333333332, 27.145], [93.77833333333332, 27.144166666666667], [93.77916666666665, 27.144166666666667], [93.77916666666665, 27.143333333333334], [93.77916666666665, 27.1425], [93.77833333333332, 27.1425], [93.77749999999999, 27.1425], [93.77749999999999, 27.143333333333334], [93.77749999999999, 27.144166666666667], [93.77666666666666, 27.144166666666667], [93.77583333333332, 27.144166666666667], [93.77583333333332, 27.145], [93.77499999999999, 27.145], [93.77499999999999, 27.145833333333332], [93.77583333333332, 27.145833333333332], [93.77666666666666, 27.145833333333332]]]}}, {"type": "Feature", "properties": {"product": "forest_loss", "area_ha": 6.86}, "geometry": {"type": "Polygon", "coordinates": [[[93.77666666666666, 27.15], [93.77749999999999, 27.15], [93.77749999999999, 27.149166666666666], [93.77833333333332, 27.149166666666666], [93.77833333333332, 27.148333333333333], [93.77749999999999, 27.148333333333333], [93.77749999999999, 27.1475], [93.77666666666666, 27.1475], [93.77583333333332, 27.1475], [93.77499999999999, 27.1475], [93.77416666666666, 27.1475], [93.77416666666666, 27.148333333333333], [93.77499999999999, 27.148333333333333], [93.77583333333332, 27.148333333333333], [93.77583333333332, 27.149166666666666], [93.77583333333332, 27.15], [93.77666666666666, 27.15]]]}}, {"type": "Feature", "properties": {"product": "forest_loss", "area_ha": 19.07}, "geometry": {"type": "Polygon", "coordinates": [[[93.77916666666665, 27.159166666666668], [93.77833333333332, 27.159166666666668], [93.77749999999999, 27.159166666666668], [93.77749999999999, 27.16], [93.77749999999999, 27.160833333333333], [93.77749999999999, 27.161666666666665], [93.77833333333332, 27.161666666666665], [93.77916666666665, 27.161666666666665], [93.78, 27.161666666666665], [93.78, 27.160833333333333], [93.78083333333333, 27.160833333333333], [93.78166666666667, 27.160833333333333], [93.7825, 27.160833333333333], [93.7825, 27.16], [93.78166666666667, 27.16], [93.78166666666667, 27.159166666666668], [93.78166666666667, 27.158333333333335], [93.7825, 27.158333333333335], [93.78333333333333, 27.158333333333335], [93.78416666666666, 27.158333333333335], [93.78416666666666, 27.1575], [93.78333333333333, 27.1575], [93.7825, 27.1575], [93.78166666666667, 27.1575], [93.78083333333333, 27.1575], [93.78083333333333, 27.156666666666666], [93.78, 27.156666666666666], [93.77916666666665, 27.156666666666666], [93.77833333333332, 27.156666666666666], [93.77833333333332, 27.1575], [93.77833333333332, 27.158333333333335], [93.77916666666665, 27.158333333333335], [93.77916666666665, 27.159166666666668]], [[93.78, 27.159166666666668], [93.78083333333333, 27.159166666666668], [93.78083333333333, 27.16], [93.78, 27.16], [93.77916666666665, 27.16], [93.77916666666665, 27.159166666666668], [93.78, 27.159166666666668]]]}}, {"type": "Feature", "properties": {"product": "forest_loss", "area_ha": 10.68}, "geometry": {"type": "Polygon", "coordinates": [[[93.77916666666665, 27.164166666666667], [93.78, 27.164166666666667], [93.78, 27.163333333333334], [93.78083333333333, 27.163333333333334], [93.78166666666667, 27.163333333333334], [93.78166666666667, 27.164166666666667], [93.78166666666667, 27.165], [93.7825, 27.165], [93.7825, 27.16583333333333], [93.78333333333333, 27.16583333333333], [93.78333333333333, 27.165], [93.78333333333333, 27.164166666666667], [93.7825, 27.164166666666667], [93.7825, 27.163333333333334], [93.7825, 27.1625], [93.7825, 27.161666666666665], [93.78166666666667, 27.161666666666665], [93.78083333333333, 27.161666666666665], [93.78083333333333, 27.1625], [93.78, 27.1625], [93.77916666666665, 27.1625], [93.77833333333332, 27.1625], [93.77749999999999, 27.1625], [93.77749999999999, 27.163333333333334], [93.77833333333332, 27.163333333333334], [93.77833333333332, 27.164166666666667], [93.77916666666665, 27.164166666666667]]]}}, {"type": "Feature", "properties": {"product": "forest_loss", "area_ha": 6.1}, "geometry": {"type": "Polygon", "coordinates": [[[93.77499999999999, 27.165], [93.77583333333332, 27.165], [93.77583333333332, 27.164166666666667], [93.77666666666666, 27.164166666666667], [93.77749999999999, 27.164166666666667], [93.77749999999999, 27.163333333333334], [93.77666666666666, 27.163333333333334], [93.77583333333332, 27.163333333333334], [93.77583333333332, 27.1625], [93.77499999999999, 27.1625], [93.77416666666666, 27.1625], [93.77333333333333, 27.1625], [93.77333333333333, 27.163333333333334], [93.77416666666666, 27.163333333333334], [93.77416666666666, 27.164166666666667], [93.77499999999999, 27.164166666666667], [93.77499999999999, 27.165]]]}}, {"type": "Feature", "properties": {"product": "forest_loss", "area_ha": 16.78}, "geometry": {"type": "Polygon", "coordinates": [[[93.77916666666665, 27.178333333333335], [93.77916666666665, 27.1775], [93.78, 27.1775], [93.78, 27.178333333333335], [93.78083333333333, 27.178333333333335], [93.78083333333333, 27.179166666666667], [93.78166666666667, 27.179166666666667], [93.78166666666667, 27.178333333333335], [93.7825, 27.178333333333335], [93.78333333333333, 27.178333333333335], [93.78416666666666, 27.178333333333335], [93.78416666666666, 27.1775], [93.78333333333333, 27.1775], [93.7825, 27.1775], [93.78166666666667, 27.1775], [93.78166666666667, 27.176666666666666], [93.78083333333333, 27.176666666666666], [93.78, 27.176666666666666], [93.77916666666665, 27.176666666666666], [93.77833333333332, 27.176666666666666], [93.77749999999999, 27.176666666666666], [93.77749999999999, 27.175833333333333], [93.77666666666666, 27.175833333333333], [93.77666666666666, 27.176666666666666], [93.77666666666666, 27.1775], [93.77666666666666, 27.178333333333335], [93.77666666666666, 27.179166666666667], [93.77583333333332, 27.179166666666667], [93.77583333333332, 27.18], [93.77666666666666, 27.18], [93.77749999999999, 27.18], [93.77833333333332, 27.18], [93.77833333333332, 27.179166666666667], [93.77916666666665, 27.179166666666667], [93.77916666666665, 27.178333333333335]]]}}, {"type": "Feature", "properties": {"product": "forest_loss", "area_ha": 6.86}, "geometry": {"type": "Polygon", "coordinates": [[[93.77333333333333, 27.1825], [93.77333333333333, 27.183333333333334], [93.77416666666666, 27.183333333333334], [93.77416666666666, 27.1825], [93.77416666666666, 27.18166666666667], [93.77499999999999, 27.18166666666667], [93.77499999999999, 27.180833333333332], [93.77583333333332, 27.180833333333332], [93.77583333333332, 27.18], [93.77499999999999, 27.18], [93.77416666666666, 27.18], [93.77416666666666, 27.180833333333332], [93.77333333333333, 27.180833333333332], [93.77333333333333, 27.18166666666667], [93.7725, 27.18166666666667], [93.77166666666666, 27.18166666666667], [93.77166666666666, 27.1825], [93.77166666666666, 27.183333333333334], [93.7725, 27.183333333333334], [93.7725, 27.1825], [93.77333333333333, 27.1825]]]}}, {"type": "Feature", "properties": {"product": "forest_loss", "area_ha": 6.86}, "geometry": {"type": "Polygon", "coordinates": [[[93.77499999999999, 27.213333333333335], [93.77499999999999, 27.214166666666667], [93.77583333333332, 27.214166666666667], [93.77583333333332, 27.213333333333335], [93.77583333333332, 27.2125], [93.77499999999999, 27.2125], [93.77499999999999, 27.211666666666666], [93.77416666666666, 27.211666666666666], [93.77333333333333, 27.211666666666666], [93.7725, 27.211666666666666], [93.7725, 27.2125], [93.7725, 27.213333333333335], [93.77333333333333, 27.213333333333335], [93.77333333333333, 27.214166666666667], [93.77416666666666, 27.214166666666667], [93.77416666666666, 27.213333333333335], [93.77499999999999, 27.213333333333335]]]}}, {"type": "Feature", "properties": {"product": "forest_loss", "area_ha": 9.91}, "geometry": {"type": "Polygon", "coordinates": [[[93.78, 27.233333333333334], [93.78, 27.234166666666667], [93.78083333333333, 27.234166666666667], [93.78083333333333, 27.235], [93.78166666666667, 27.235], [93.78166666666667, 27.235833333333332], [93.7825, 27.235833333333332], [93.78333333333333, 27.235833333333332], [93.78333333333333, 27.235], [93.78333333333333, 27.234166666666667], [93.7825, 27.234166666666667], [93.7825, 27.233333333333334], [93.78166666666667, 27.233333333333334], [93.78166666666667, 27.2325], [93.78083333333333, 27.2325], [93.78, 27.2325], [93.77916666666665, 27.2325], [93.77916666666665, 27.231666666666666], [93.77833333333332, 27.231666666666666], [93.77833333333332, 27.2325], [93.77833333333332, 27.233333333333334], [93.77916666666665, 27.233333333333334], [93.78, 27.233333333333334]]]}}, {"type": "Feature", "properties": {"product": "forest_loss", "area_ha": 10.68}, "geometry": {"type": "Polygon", "coordinates": [[[93.78916666666666, 27.111666666666668], [93.78999999999999, 27.111666666666668], [93.78999999999999, 27.110833333333332], [93.78999999999999, 27.11], [93.78999999999999, 27.109166666666667], [93.79083333333332, 27.109166666666667], [93.79083333333332, 27.108333333333334], [93.79083333333332, 27.1075], [93.78999999999999, 27.1075], [93.78999999999999, 27.108333333333334], [93.78916666666666, 27.108333333333334], [93.78833333333333, 27.108333333333334], [93.78833333333333, 27.109166666666667], [93.7875, 27.109166666666667], [93.7875, 27.108333333333334], [93.78666666666666, 27.108333333333334], [93.78583333333333, 27.108333333333334], [93.785, 27.108333333333334], [93.785, 27.109166666666667], [93.78583333333333, 27.109166666666667], [93.78583333333333, 27.11], [93.78666666666666, 27.11], [93.7875, 27.11], [93.78833333333333, 27.11], [93.78916666666666, 27.11], [93.78916666666666, 27.110833333333332], [93.78916666666666, 27.111666666666668]]]}}, {"type": "Feature", "properties": {"product": "forest_loss", "area_ha": 12.21}, "geometry": {"type": "Polygon", "coordinates": [[[93.7875, 27.1225], [93.7875, 27.121666666666666], [93.78833333333333, 27.121666666666666], [93.78916666666666, 27.121666666666666], [93.78916666666666, 27.120833333333334], [93.78833333333333, 27.120833333333334], [93.78833333333333, 27.12], [93.78916666666666, 27.12], [93.78999999999999, 27.12], [93.78999999999999, 27.11916666666667], [93.78916666666666, 27.11916666666667], [93.78833333333333, 27.11916666666667], [93.7875, 27.11916666666667], [93.78666666666666, 27.11916666666667], [93.78666666666666, 27.118333333333332], [93.7875, 27.118333333333332], [93.7875, 27.1175], [93.78666666666666, 27.1175], [93.78583333333333, 27.1175], [93.78583333333333, 27.118333333333332], [93.785, 27.118333333333332], [93.785, 27.11916666666667], [93.785, 27.12], [93.78583333333333, 27.12], [93.78666666666666, 27.12], [93.78666666666666, 27.120833333333334], [93.78666666666666, 27.121666666666666], [93.78666666666666, 27.1225], [93.7875, 27.1225]]]}}, {"type": "Feature", "properties": {"product": "forest_loss", "area_ha": 6.87}, "geometry": {"type": "Polygon", "coordinates": [[[93.77916666666665, 27.141666666666666], [93.78, 27.141666666666666], [93.78083333333333, 27.141666666666666], [93.78083333333333, 27.140833333333333], [93.78166666666667, 27.140833333333333], [93.78166666666667, 27.141666666666666], [93.7825, 27.141666666666666], [93.7825, 27.140833333333333], [93.78333333333333, 27.140833333333333], [93.78416666666666, 27.140833333333333], [93.78416666666666, 27.14], [93.78333333333333, 27.14], [93.7825, 27.14], [93.78166666666667, 27.14], [93.78083333333333, 27.14], [93.78, 27.14], [93.77916666666665, 27.14], [93.77916666666665, 27.140833333333333], [93.77916666666665, 27.141666666666666]]]}}, {"type": "Feature", "properties": {"product": "forest_loss", "area_ha": 6.1}, "geometry": {"type": "Polygon", "coordinates": [[[93.78333333333333, 27.156666666666666], [93.78416666666666, 27.156666666666666], [93.78416666666666, 27.155833333333334], [93.78416666666666, 27.155], [93.78333333333333, 27.155], [93.7825, 27.155], [93.7825, 27.154166666666665], [93.78166666666667, 27.154166666666665], [93.78166666666667, 27.155], [93.78083333333333, 27.155], [93.78, 27.155], [93.78, 27.155833333333334], [93.78083333333333, 27.155833333333334], [93.78166666666667, 27.155833333333334], [93.7825, 27.155833333333334], [93.7825, 27.156666666666666], [93.78333333333333, 27.156666666666666]]]}}, {"type": "Feature", "properties": {"product": "forest_loss", "area_ha": 28.22}, "geometry": {"type": "Polygon", "coordinates": [[[93.78416666666666, 27.16583333333333], [93.785, 27.16583333333333], [93.785, 27.166666666666668], [93.78583333333333, 27.166666666666668], [93.78666666666666, 27.166666666666668], [93.78666666666666, 27.1675], [93.7875, 27.1675], [93.78833333333333, 27.1675], [93.78916666666666, 27.1675], [93.78999999999999, 27.1675], [93.79083333333332, 27.1675], [93.79083333333332, 27.166666666666668], [93.79166666666666, 27.166666666666668], [93.79166666666666, 27.16583333333333], [93.79166666666666, 27.165], [93.79166666666666, 27.164166666666667], [93.79166666666666, 27.163333333333334], [93.79083333333332, 27.163333333333334], [93.79083333333332, 27.1625], [93.78999999999999, 27.1625], [93.78999999999999, 27.163333333333334], [93.78999999999999, 27.164166666666667], [93.78999999999999, 27.165], [93.78916666666666, 27.165], [93.78833333333333, 27.165], [93.78833333333333, 27.16583333333333], [93.7875, 27.16583333333333], [93.78666666666666, 27.16583333333333], [93.78666666666666, 27.165], [93.78583333333333, 27.165], [93.78583333333333, 27.164166666666667], [93.78583333333333, 27.163333333333334], [93.785, 27.163333333333334], [93.785, 27.1625], [93.78583333333333, 27.1625], [93.78666666666666, 27.1625], [93.7875, 27.1625], [93.78833333333333, 27.1625], [93.78833333333333, 27.161666666666665], [93.7875, 27.161666666666665], [93.78666666666666, 27.161666666666665], [93.78583333333333, 27.161666666666665], [93.785, 27.161666666666665], [93.785, 27.160833333333333], [93.78416666666666, 27.160833333333333], [93.78333333333333, 27.160833333333333], [93.78333333333333, 27.161666666666665], [93.78333333333333, 27.1625], [93.78333333333333, 27.163333333333334], [93.78416666666666, 27.163333333333334], [93.78416666666666, 27.164166666666667], [93.785, 27.164166666666667], [93.785, 27.165], [93.78416666666666, 27.165], [93.78416666666666, 27.16583333333333]], [[93.79083333333332, 27.165], [93.79083333333332, 27.16583333333333], [93.78999999999999, 27.16583333333333], [93.78999999999999, 27.165], [93.79083333333332, 27.165]]]}}, {"type": "Feature", "properties": {"product": "forest_loss", "area_ha": 9.15}, "geometry": {"type": "Polygon", "coordinates": [[[93.78666666666666, 27.174166666666668], [93.7875, 27.174166666666668], [93.7875, 27.173333333333332], [93.78833333333333, 27.173333333333332], [93.78916666666666, 27.173333333333332], [93.78999999999999, 27.173333333333332], [93.78999999999999, 27.1725], [93.78916666666666, 27.1725], [93.78833333333333, 27.1725], [93.78833333333333, 27.171666666666667], [93.7875, 27.171666666666667], [93.78666666666666, 27.171666666666667], [93.78666666666666, 27.1725], [93.78583333333333, 27.1725], [93.785, 27.1725], [93.785, 27.171666666666667], [93.78416666666666, 27.171666666666667], [93.78416666666666, 27.1725], [93.78333333333333, 27.1725], [93.78333333333333, 27.173333333333332], [93.78416666666666, 27.173333333333332], [93.785, 27.173333333333332], [93.78583333333333, 27.173333333333332], [93.78666666666666, 27.173333333333332], [93.78666666666666, 27.174166666666668]]]}}, {"type": "Feature", "properties": {"product": "forest_loss", "area_ha": 6.86}, "geometry": {"type": "Polygon", "coordinates": [[[93.78166666666667, 27.186666666666667], [93.78166666666667, 27.1875], [93.7825, 27.1875], [93.78333333333333, 27.1875], [93.78416666666666, 27.1875], [93.78416666666666, 27.188333333333333], [93.785, 27.188333333333333], [93.785, 27.1875], [93.785, 27.186666666666667], [93.785, 27.185833333333335], [93.785, 27.185], [93.78416666666666, 27.185], [93.78416666666666, 27.185833333333335], [93.78416666666666, 27.186666666666667], [93.78333333333333, 27.186666666666667], [93.78333333333333, 27.185833333333335], [93.7825, 27.185833333333335], [93.78166666666667, 27.185833333333335], [93.78166666666667, 27.186666666666667]]]}}, {"type": "Feature", "properties": {"product": "forest_loss", "area_ha": 11.46}, "geometry": {"type": "Polygon", "coordinates": [[[93.79499999999999, 26.991666666666667], [93.79416666666665, 26.991666666666667], [93.79416666666665, 26.9925], [93.79333333333332, 26.9925], [93.79333333333332, 26.993333333333332], [93.79333333333332, 26.994166666666665], [93.79249999999999, 26.994166666666665], [93.79249999999999, 26.995], [93.79249999999999, 26.995833333333334], [93.79333333333332, 26.995833333333334], [93.79333333333332, 26.996666666666666], [93.79416666666665, 26.996666666666666], [93.79416666666665, 26.9975], [93.79499999999999, 26.9975], [93.79583333333333, 26.9975], [93.79583333333333, 26.996666666666666], [93.79583333333333, 26.995833333333334], [93.79583333333333, 26.995], [93.79499999999999, 26.995], [93.79416666666665, 26.995], [93.79416666666665, 26.994166666666665], [93.79416666666665, 26.993333333333332], [93.79499999999999, 26.993333333333332], [93.79499999999999, 26.9925], [93.79499999999999, 26.991666666666667]]]}}, {"type": "Feature", "properties": {"product": "forest_loss", "area_ha": 6.11}, "geometry": {"type": "Polygon", "coordinates": [[[93.79499999999999, 27.060833333333335], [93.79499999999999, 27.06], [93.79499999999999, 27.059166666666666], [93.79416666666665, 27.059166666666666], [93.79333333333332, 27.059166666666666], [93.79249999999999, 27.059166666666666], [93.79166666666666, 27.059166666666666], [93.79166666666666, 27.06], [93.79166666666666, 27.060833333333335], [93.79249999999999, 27.060833333333335], [93.79249999999999, 27.06], [93.79333333333332, 27.06], [93.79333333333332, 27.060833333333335], [93.79416666666665, 27.060833333333335], [93.79416666666665, 27.061666666666667], [93.79499999999999, 27.061666666666667], [93.79499999999999, 27.060833333333335]]]}}, {"type": "Feature", "properties": {"product": "forest_loss", "area_ha": 6.11}, "geometry": {"type": "Polygon", "coordinates": [[[93.79416666666665, 27.0625], [93.79416666666665, 27.061666666666667], [93.79333333333332, 27.061666666666667], [93.79249999999999, 27.061666666666667], [93.79166666666666, 27.061666666666667], [93.79083333333332, 27.061666666666667], [93.79083333333332, 27.0625], [93.79083333333332, 27.063333333333333], [93.78999999999999, 27.063333333333333], [93.78999999999999, 27.064166666666665], [93.79083333333332, 27.064166666666665], [93.79166666666666, 27.064166666666665], [93.79166666666666, 27.063333333333333], [93.79249999999999, 27.063333333333333], [93.79249999999999, 27.0625], [93.79333333333332, 27.0625], [93.79416666666665, 27.0625]]]}}, {"type": "Feature", "properties": {"product": "forest_loss", "area_ha": 6.1}, "geometry": {"type": "Polygon", "coordinates": [[[93.79333333333332, 27.116666666666667], [93.79249999999999, 27.116666666666667], [93.79249999999999, 27.115833333333335], [93.79249999999999, 27.115], [93.79166666666666, 27.115], [93.79166666666666, 27.115833333333335], [93.79083333333332, 27.115833333333335], [93.79083333333332, 27.116666666666667], [93.79166666666666, 27.116666666666667], [93.79166666666666, 27.1175], [93.79166666666666, 27.118333333333332], [93.79249999999999, 27.118333333333332], [93.79333333333332, 27.118333333333332], [93.79416666666665, 27.118333333333332], [93.79416666666665, 27.1175], [93.79333333333332, 27.1175], [93.79333333333332, 27.116666666666667]]]}}, {"type": "Feature", "properties": {"product": "forest_loss", "area_ha": 34.33}, "geometry": {"type": "Polygon", "coordinates": [[[93.79083333333332, 27.125], [93.79166666666666, 27.125], [93.79249999999999, 27.125], [93.79249999999999, 27.125833333333333], [93.79333333333332, 27.125833333333333], [93.79416666666665, 27.125833333333333], [93.79499999999999, 27.125833333333333], [93.79583333333333, 27.125833333333333], [93.79666666666667, 27.125833333333333], [93.7975, 27.125833333333333], [93.79833333333333, 27.125833333333333], [93.79916666666666, 27.125833333333333], [93.8, 27.125833333333333], [93.80083333333333, 27.125833333333333], [93.80166666666666, 27.125833333333333], [93.8025, 27.125833333333333], [93.80333333333333, 27.125833333333333], [93.80333333333333, 27.125], [93.8025, 27.125], [93.8025, 27.124166666666667], [93.80333333333333, 27.124166666666667], [93.80416666666666, 27.124166666666667], [93.80499999999999, 27.124166666666667], [93.80583333333333, 27.124166666666667], [93.80583333333333, 27.123333333333335], [93.80499999999999, 27.123333333333335], [93.80499999999999, 27.1225], [93.80416666666666, 27.1225], [93.80416666666666, 27.123333333333335], [93.80333333333333, 27.123333333333335], [93.8025, 27.123333333333335], [93.80166666666666, 27.123333333333335], [93.80083333333333, 27.123333333333335], [93.80083333333333, 27.1225], [93.80166666666666, 27.1225], [93.80166666666666, 27.121666666666666], [93.80083333333333, 27.121666666666666], [93.8, 27.121666666666666], [93.8, 27.1225], [93.8, 27.123333333333335], [93.79916666666666, 27.123333333333335], [93.79833333333333, 27.123333333333335], [93.7975, 27.123333333333335], [93.7975, 27.124166666666667], [93.7975, 27.125], [93.79666666666667, 27.125], [93.79583333333333, 27.125], [93.79583333333333, 27.124166666666667], [93.79499999999999, 27.124166666666667], [93.79416666666665, 27.124166666666667], [93.79333333333332, 27.124166666666667], [93.79333333333332, 27.123333333333335], [93.79249999999999, 27.123333333333335], [93.79166666666666, 27.123333333333335], [93.79166666666666, 27.124166666666667], [93.79083333333332, 27.124166666666667], [93.79083333333332, 27.123333333333335], [93.78999999999999, 27.123333333333335], [93.78999999999999, 27.124166666666667], [93.78916666666666, 27.124166666666667], [93.78916666666666, 27.125], [93.78999999999999, 27.125], [93.78999999999999, 27.125833333333333], [93.79083333333332, 27.125833333333333], [93.79083333333332, 27.125]]]}}, {"type": "Feature", "properties": {"product": "forest_loss", "area_ha": 11.44}, "geometry": {"type": "Polygon", "coordinates": [[[93.7875, 27.14666666666667], [93.7875, 27.1475], [93.78833333333333, 27.1475], [93.78916666666666, 27.1475], [93.78999999999999, 27.1475], [93.78999999999999, 27.148333333333333], [93.79083333333332, 27.148333333333333], [93.79166666666666, 27.148333333333333], [93.79166666666666, 27.1475], [93.79083333333332, 27.1475], [93.79083333333332, 27.14666666666667], [93.79083333333332, 27.145833333333332], [93.79083333333332, 27.145], [93.79083333333332, 27.144166666666667], [93.78999999999999, 27.144166666666667], [93.78916666666666, 27.144166666666667], [93.78916666666666, 27.143333333333334], [93.78833333333333, 27.143333333333334], [93.78833333333333, 27.144166666666667], [93.78833333333333, 27.145], [93.78833333333333, 27.145833333333332], [93.78916666666666, 27.145833333333332], [93.78916666666666, 27.14666666666667], [93.78833333333333, 27.14666666666667], [93.7875, 27.14666666666667]]]}}, {"type": "Feature", "properties": {"product": "forest_loss", "area_ha": 6.86}, "geometry": {"type": "Polygon", "coordinates": [[[93.78999999999999, 27.171666666666667], [93.79083333333332, 27.171666666666667], [93.79166666666666, 27.171666666666667], [93.79249999999999, 27.171666666666667], [93.79333333333332, 27.171666666666667], [93.79416666666665, 27.171666666666667], [93.79499999999999, 27.171666666666667], [93.79499999999999, 27.170833333333334], [93.79416666666665, 27.170833333333334], [93.79416666666665, 27.17], [93.79333333333332, 27.17], [93.79249999999999, 27.17], [93.79166666666666, 27.17], [93.79166666666666, 27.170833333333334], [93.79083333333332, 27.170833333333334], [93.78999999999999, 27.170833333333334], [93.78999999999999, 27.171666666666667]]]}}, {"type": "Feature", "properties": {"product": "forest_loss", "area_ha": 15.25}, "geometry": {"type": "Polygon", "coordinates": [[[93.79166666666666, 27.18], [93.79249999999999, 27.18], [93.79333333333332, 27.18], [93.79416666666665, 27.18], [93.79416666666665, 27.179166666666667], [93.79333333333332, 27.179166666666667], [93.79333333333332, 27.178333333333335], [93.79249999999999, 27.178333333333335], [93.79249999999999, 27.1775], [93.79166666666666, 27.1775], [93.79083333333332, 27.1775], [93.79083333333332, 27.176666666666666], [93.78999999999999, 27.176666666666666], [93.78999999999999, 27.175833333333333], [93.78916666666666, 27.175833333333333], [93.78916666666666, 27.176666666666666], [93.78833333333333, 27.176666666666666], [93.78833333333333, 27.1775], [93.78833333333333, 27.178333333333335], [93.78916666666666, 27.178333333333335], [93.78916666666666, 27.179166666666667], [93.78916666666666, 27.18], [93.78999999999999, 27.18], [93.79083333333332, 27.18], [93.79166666666666, 27.18]]]}}, {"type": "Feature", "properties": {"product": "forest_loss", "area_ha": 16.01}, "geometry": {"type": "Polygon", "coordinates": [[[93.79249999999999, 27.1975], [93.79249999999999, 27.198333333333334], [93.79333333333332, 27.198333333333334], [93.79333333333332, 27.199166666666667], [93.79333333333332, 27.2], [93.79249999999999, 27.2], [93.79166666666666, 27.2], [93.79166666666666, 27.200833333333332], [93.79249999999999, 27.200833333333332], [93.79333333333332, 27.200833333333332], [93.79416666666665, 27.200833333333332], [93.79499999999999, 27.200833333333332], [93.79499999999999, 27.2], [93.79499999999999, 27.199166666666667], [93.79416666666665, 27.199166666666667], [93.79416666666665, 27.198333333333334], [93.79416666666665, 27.1975], [93.79333333333332, 27.1975], [93.79333333333332, 27.196666666666665], [93.79416666666665, 27.196666666666665], [93.79499999999999, 27.196666666666665], [93.79499999999999, 27.195833333333333], [93.79416666666665, 27.195833333333333], [93.79416666666665, 27.195], [93.79416666666665, 27.194166666666668], [93.79333333333332, 27.194166666666668], [93.79333333333332, 27.195], [93.79249999999999, 27.195], [93.79166666666666, 27.195], [93.79083333333332, 27.195], [93.79083333333332, 27.195833333333333], [93.79083333333332, 27.196666666666665], [93.79166666666666, 27.196666666666665], [93.79166666666666, 27.1975], [93.79249999999999, 27.1975]]]}}, {"type": "Feature", "properties": {"product": "forest_loss", "area_ha": 22.9}, "geometry": {"type": "Polygon", "coordinates": [[[93.79499999999999, 27.06833333333333], [93.79499999999999, 27.069166666666668], [93.79499999999999, 27.07], [93.79583333333333, 27.07], [93.79583333333333, 27.069166666666668], [93.79666666666667, 27.069166666666668], [93.7975, 27.069166666666668], [93.79833333333333, 27.069166666666668], [93.79916666666666, 27.069166666666668], [93.79916666666666, 27.06833333333333], [93.79916666666666, 27.0675], [93.8, 27.0675], [93.80083333333333, 27.0675], [93.80083333333333, 27.066666666666666], [93.80166666666666, 27.066666666666666], [93.8025, 27.066666666666666], [93.8025, 27.065833333333334], [93.80166666666666, 27.065833333333334], [93.80166666666666, 27.065], [93.80166666666666, 27.064166666666665], [93.8025, 27.064166666666665], [93.8025, 27.063333333333333], [93.80166666666666, 27.063333333333333], [93.80166666666666, 27.0625], [93.80083333333333, 27.0625], [93.8, 27.0625], [93.8, 27.063333333333333], [93.79916666666666, 27.063333333333333], [93.79916666666666, 27.064166666666665], [93.79916666666666, 27.065], [93.79916666666666, 27.065833333333334], [93.79916666666666, 27.066666666666666], [93.79833333333333, 27.066666666666666], [93.7975, 27.066666666666666], [93.79666666666667, 27.066666666666666], [93.79666666666667, 27.0675], [93.79666666666667, 27.06833333333333], [93.79583333333333, 27.06833333333333], [93.79499999999999, 27.06833333333333]]]}}, {"type": "Feature", "properties": {"product": "forest_loss", "area_ha": 20.61}, "geometry": {"type": "Polygon", "coordinates": [[[93.8025, 27.076666666666668], [93.8025, 27.0775], [93.80333333333333, 27.0775], [93.80416666666666, 27.0775], [93.80499999999999, 27.0775], [93.80499999999999, 27.078333333333333], [93.80416666666666, 27.078333333333333], [93.80416666666666, 27.079166666666666], [93.80499999999999, 27.079166666666666], [93.80583333333333, 27.079166666666666], [93.80666666666666, 27.079166666666666], [93.80666666666666, 27.08], [93.80749999999999, 27.08], [93.80749999999999, 27.079166666666666], [93.80833333333332, 27.079166666666666], [93.80916666666666, 27.079166666666666], [93.80999999999999, 27.079166666666666], [93.81083333333332, 27.079166666666666], [93.81166666666667, 27.079166666666666], [93.81166666666667, 27.078333333333333], [93.81083333333332, 27.078333333333333], [93.81083333333332, 27.0775], [93.80999999999999, 27.0775], [93.80999999999999, 27.078333333333333], [93.80916666666666, 27.078333333333333], [93.80916666666666, 27.0775], [93.80833333333332, 27.0775], [93.80833333333332, 27.076666666666668], [93.80833333333332, 27.075833333333332], [93.80749999999999, 27.075833333333332], [93.80666666666666, 27.075833333333332], [93.80583333333333, 27.075833333333332], [93.80583333333333, 27.076666666666668], [93.80499999999999, 27.076666666666668], [93.80416666666666, 27.076666666666668], [93.80416666666666, 27.075833333333332], [93.80333333333333, 27.075833333333332], [93.80333333333333, 27.075], [93.8025, 27.075], [93.8025, 27.075833333333332], [93.8025, 27.076666666666668]], [[93.80666666666666, 27.076666666666668], [93.80749999999999, 27.076666666666668], [93.80749999999999, 27.0775], [93.80666666666666, 27.0775], [93.80583333333333, 27.0775], [93.80583333333333, 27.076666666666668], [93.80666666666666, 27.076666666666668]]]}}, {"type": "Feature", "properties": {"product": "forest_loss", "area_ha": 6.87}, "geometry": {"type": "Polygon", "coordinates": [[[93.7975, 27.1025], [93.7975, 27.101666666666667], [93.79666666666667, 27.101666666666667], [93.79583333333333, 27.101666666666667], [93.79499999999999, 27.101666666666667], [93.79499999999999, 27.1025], [93.79499999999999, 27.10333333333333], [93.79583333333333, 27.10333333333333], [93.79666666666667, 27.10333333333333], [93.79666666666667, 27.104166666666668], [93.7975, 27.104166666666668], [93.79833333333333, 27.104166666666668], [93.79833333333333, 27.10333333333333], [93.79833333333333, 27.1025], [93.7975, 27.1025]]]}}, {"type": "Feature", "properties": {"product": "forest_loss", "area_ha": 32.05}, "geometry": {"type": "Polygon", "coordinates": [[[93.79916666666666, 27.111666666666668], [93.79916666666666, 27.110833333333332], [93.8, 27.110833333333332], [93.8, 27.111666666666668], [93.80083333333333, 27.111666666666668], [93.80083333333333, 27.1125], [93.80166666666666, 27.1125], [93.80166666666666, 27.113333333333333], [93.80166666666666, 27.114166666666666], [93.80166666666666, 27.115], [93.8025, 27.115], [93.8025, 27.115833333333335], [93.80333333333333, 27.115833333333335], [93.80333333333333, 27.116666666666667], [93.80333333333333, 27.1175], [93.8025, 27.1175], [93.80166666666666, 27.1175], [93.80083333333333, 27.1175], [93.80083333333333, 27.118333333333332], [93.80166666666666, 27.118333333333332], [93.8025, 27.118333333333332], [93.80333333333333, 27.118333333333332], [93.80416666666666, 27.118333333333332], [93.80499999999999, 27.118333333333332], [93.80499999999999, 27.1175], [93.80583333333333, 27.1175], [93.80583333333333, 27.116666666666667], [93.80666666666666, 27.116666666666667], [93.80666666666666, 27.115833333333335], [93.80749999999999, 27.115833333333335], [93.80749999999999, 27.115], [93.80666666666666, 27.115], [93.80583333333333, 27.115], [93.80499999999999, 27.115], [93.80499999999999, 27.114166666666666], [93.80416666666666, 27.114166666666666], [93.80416666666666, 27.113333333333333], [93.80333333333333, 27.113333333333333], [93.8025, 27.113333333333333], [93.8025, 27.1125], [93.8025, 27.111666666666668], [93.8025, 27.110833333333332], [93.80333333333333, 27.110833333333332], [93.80333333333333, 27.11], [93.8025, 27.11], [93.80166666666666, 27.11], [93.80083333333333, 27.11], [93.8, 27.11], [93.79916666666666, 27.11], [93.79916666666666, 27.109166666666667], [93.79833333333333, 27.109166666666667], [93.7975, 27.109166666666667], [93.7975, 27.11], [93.79666666666667, 27.11], [93.79666666666667, 27.110833333333332], [93.7975, 27.110833333333332], [93.7975, 27.111666666666668], [93.79833333333333, 27.111666666666668], [93.79833333333333, 27.1125], [93.79916666666666, 27.1125], [93.79916666666666, 27.111666666666668]], [[93.80499999999999, 27.115833333333335], [93.80499999999999, 27.116666666666667], [93.80416666666666, 27.116666666666667], [93.80416666666666, 27.115833333333335], [93.80416666666666, 27.115], [93.80499999999999, 27.115], [93.80499999999999, 27.115833333333335]]]}}, {"type": "Feature", "properties": {"product": "forest_loss", "area_ha": 10.68}, "geometry": {"type": "Polygon", "coordinates": [[[93.79833333333333, 27.12], [93.79833333333333, 27.11916666666667], [93.79916666666666, 27.11916666666667], [93.8, 27.11916666666667], [93.8, 27.12], [93.8, 27.120833333333334], [93.80083333333333, 27.120833333333334], [93.80166666666666, 27.120833333333334], [93.80166666666666, 27.12], [93.80166666666666, 27.11916666666667], [93.80083333333333, 27.11916666666667], [93.80083333333333, 27.118333333333332], [93.8, 27.118333333333332], [93.8, 27.1175], [93.79916666666666, 27.1175], [93.79916666666666, 27.116666666666667], [93.79833333333333, 27.116666666666667], [93.79833333333333, 27.1175], [93.7975, 27.1175], [93.7975, 27.118333333333332], [93.7975, 27.11916666666667], [93.79666666666667, 27.11916666666667], [93.79666666666667, 27.12], [93.7975, 27.12], [93.79833333333333, 27.12]]]}}, {"type": "Feature", "properties": {"product": "forest_loss", "area_ha": 6.1}, "geometry": {"type": "Polygon", "coordinates": [[[93.8025, 27.205], [93.8025, 27.204166666666666], [93.8025, 27.203333333333333], [93.80166666666666, 27.203333333333333], [93.80166666666666, 27.204166666666666], [93.80166666666666, 27.205], [93.80083333333333, 27.205], [93.8, 27.205], [93.8, 27.205833333333334], [93.80083333333333, 27.205833333333334], [93.80083333333333, 27.206666666666667], [93.80083333333333, 27.2075], [93.80166666666666, 27.2075], [93.80166666666666, 27.206666666666667], [93.8025, 27.206666666666667], [93.8025, 27.205833333333334], [93.8025, 27.205]]]}}, {"type": "Feature", "properties": {"product": "forest_loss", "area_ha": 22.9}, "geometry": {"type": "Polygon", "coordinates": [[[93.80499999999999, 27.0675], [93.80583333333333, 27.0675], [93.80583333333333, 27.06833333333333], [93.80583333333333, 27.069166666666668], [93.80666666666666, 27.069166666666668], [93.80749999999999, 27.069166666666668], [93.80833333333332, 27.069166666666668], [93.80916666666666, 27.069166666666668], [93.80916666666666, 27.06833333333333], [93.80999999999999, 27.06833333333333], [93.80999999999999, 27.0675], [93.81083333333332, 27.0675], [93.81166666666667, 27.0675], [93.81166666666667, 27.066666666666666], [93.81083333333332, 27.066666666666666], [93.80999999999999, 27.066666666666666], [93.80999999999999, 27.065833333333334], [93.80916666666666, 27.065833333333334], [93.80916666666666, 27.066666666666666], [93.80833333333332, 27.066666666666666], [93.80833333333332, 27.065833333333334], [93.80833333333332, 27.065], [93.80833333333332, 27.064166666666665], [93.80749999999999, 27.064166666666665], [93.80666666666666, 27.064166666666665], [93.80583333333333, 27.064166666666665], [93.80583333333333, 27.065], [93.80499999999999, 27.065], [93.80499999999999, 27.065833333333334], [93.80416666666666, 27.065833333333334], [93.80416666666666, 27.066666666666666], [93.80333333333333, 27.066666666666666], [93.80333333333333, 27.0675], [93.80416666666666, 27.0675], [93.80499999999999, 27.0675]], [[93.80833333333332, 27.06833333333333], [93.80749999999999, 27.06833333333333], [93.80749999999999, 27.0675], [93.80833333333332, 27.0675], [93.80916666666666, 27.0675], [93.80916666666666, 27.06833333333333], [93.80833333333332, 27.06833333333333]]]}}, {"type": "Feature", "properties": {"product": "forest_loss", "area_ha": 16.78}, "geometry": {"type": "Polygon", "coordinates": [[[93.80749999999999, 27.144166666666667], [93.80749999999999, 27.145], [93.80749999999999, 27.145833333333332], [93.80833333333332, 27.145833333333332], [93.80916666666666, 27.145833333333332], [93.80916666666666, 27.145], [93.80999999999999, 27.145], [93.81083333333332, 27.145], [93.81083333333332, 27.144166666666667], [93.80999999999999, 27.144166666666667], [93.80999999999999, 27.143333333333334], [93.80999999999999, 27.1425], [93.80999999999999, 27.141666666666666], [93.81083333333332, 27.141666666666666], [93.81083333333332, 27.140833333333333], [93.81083333333332, 27.14], [93.81083333333332, 27.139166666666668], [93.80999999999999, 27.139166666666668], [93.80999999999999, 27.14], [93.80916666666666, 27.14], [93.80833333333332, 27.14], [93.80833333333332, 27.139166666666668], [93.80749999999999, 27.139166666666668], [93.80749999999999, 27.14], [93.80749999999999, 27.140833333333333], [93.80833333333332, 27.140833333333333], [93.80833333333332, 27.141666666666666], [93.80749999999999, 27.141666666666666], [93.80749999999999, 27.1425], [93.80749999999999, 27.143333333333334], [93.80749999999999, 27.144166666666667]], [[93.80916666666666, 27.141666666666666], [93.80916666666666, 27.140833333333333], [93.80999999999999, 27.140833333333333], [93.80999999999999, 27.141666666666666], [93.80916666666666, 27.141666666666666]], [[93.80916666666666, 27.144166666666667], [93.80833333333332, 27.144166666666667], [93.80833333333332, 27.143333333333334], [93.80916666666666, 27.143333333333334], [93.80916666666666, 27.144166666666667]]]}}, {"type": "Feature", "properties": {"product": "forest_loss", "area_ha": 12.21}, "geometry": {"type": "Polygon", "coordinates": [[[93.81416666666667, 27.055], [93.81416666666667, 27.055833333333332], [93.815, 27.055833333333332], [93.815, 27.055], [93.81583333333333, 27.055], [93.81666666666666, 27.055], [93.81666666666666, 27.055833333333332], [93.8175, 27.055833333333332], [93.81833333333333, 27.055833333333332], [93.81833333333333, 27.055], [93.81916666666666, 27.055], [93.81916666666666, 27.054166666666667], [93.82, 27.054166666666667], [93.82083333333333, 27.054166666666667], [93.82083333333333, 27.053333333333335], [93.82, 27.053333333333335], [93.82, 27.0525], [93.81916666666666, 27.0525], [93.81833333333333, 27.0525], [93.81833333333333, 27.053333333333335], [93.8175, 27.053333333333335], [93.81666666666666, 27.053333333333335], [93.81666666666666, 27.054166666666667], [93.81583333333333, 27.054166666666667], [93.815, 27.054166666666667], [93.81416666666667, 27.054166666666667], [93.81416666666667, 27.055]]]}}, {"type": "Feature", "properties": {"product": "forest_loss", "area_ha": 6.1}, "geometry": {"type": "Polygon", "coordinates": [[[93.815, 27.178333333333335], [93.81583333333333, 27.178333333333335], [93.81583333333333, 27.1775], [93.81666666666666, 27.1775], [93.81666666666666, 27.176666666666666], [93.8175, 27.176666666666666], [93.8175, 27.175833333333333], [93.81666666666666, 27.175833333333333], [93.81583333333333, 27.175833333333333], [93.81583333333333, 27.176666666666666], [93.815, 27.176666666666666], [93.81416666666667, 27.176666666666666], [93.81416666666667, 27.1775], [93.81333333333333, 27.1775], [93.81333333333333, 27.178333333333335], [93.81416666666667, 27.178333333333335], [93.815, 27.178333333333335]]]}}, {"type": "Feature", "properties": {"product": "forest_loss", "area_ha": 7.62}, "geometry": {"type": "Polygon", "coordinates": [[[93.82166666666666, 27.2175], [93.82249999999999, 27.2175], [93.82249999999999, 27.216666666666665], [93.82249999999999, 27.215833333333332], [93.82249999999999, 27.215], [93.82333333333332, 27.215], [93.82416666666666, 27.215], [93.82416666666666, 27.214166666666667], [93.82333333333332, 27.214166666666667], [93.82249999999999, 27.214166666666667], [93.82166666666666, 27.214166666666667], [93.82166666666666, 27.213333333333335], [93.82083333333333, 27.213333333333335], [93.82083333333333, 27.214166666666667], [93.82, 27.214166666666667], [93.82, 27.215], [93.82083333333333, 27.215], [93.82166666666666, 27.215], [93.82166666666666, 27.215833333333332], [93.82166666666666, 27.216666666666665], [93.82083333333333, 27.216666666666665], [93.82083333333333, 27.2175], [93.82166666666666, 27.2175]]]}}, {"type": "Feature", "properties": {"product": "forest_loss", "area_ha": 10.69}, "geometry": {"type": "Polygon", "coordinates": [[[93.82583333333332, 27.036666666666665], [93.82583333333332, 27.0375], [93.82499999999999, 27.0375], [93.82499999999999, 27.038333333333334], [93.82416666666666, 27.038333333333334], [93.82416666666666, 27.039166666666667], [93.82499999999999, 27.039166666666667], [93.82583333333332, 27.039166666666667], [93.82666666666667, 27.039166666666667], [93.8275, 27.039166666666667], [93.82833333333333, 27.039166666666667], [93.82833333333333, 27.038333333333334], [93.8275, 27.038333333333334], [93.8275, 27.0375], [93.82666666666667, 27.0375], [93.82666666666667, 27.036666666666665], [93.82666666666667, 27.035833333333333], [93.8275, 27.035833333333333], [93.8275, 27.035], [93.8275, 27.034166666666668], [93.8275, 27.033333333333335], [93.82666666666667, 27.033333333333335], [93.82666666666667, 27.034166666666668], [93.82666666666667, 27.035], [93.82583333333332, 27.035], [93.82583333333332, 27.035833333333333], [93.82583333333332, 27.036666666666665]]]}}, {"type": "Feature", "properties": {"product": "forest_loss", "area_ha": 23.66}, "geometry": {"type": "Polygon", "coordinates": [[[93.8275, 27.055], [93.8275, 27.055833333333332], [93.8275, 27.056666666666665], [93.8275, 27.0575], [93.8275, 27.058333333333334], [93.82833333333333, 27.058333333333334], [93.82833333333333, 27.0575], [93.82916666666667, 27.0575], [93.82916666666667, 27.056666666666665], [93.82916666666667, 27.055833333333332], [93.83, 27.055833333333332], [93.83, 27.055], [93.83, 27.054166666666667], [93.83, 27.053333333333335], [93.83, 27.0525], [93.83, 27.051666666666666], [93.83, 27.050833333333333], [93.82916666666667, 27.050833333333333], [93.82916666666667, 27.05], [93.82833333333333, 27.05], [93.8275, 27.05], [93.8275, 27.050833333333333], [93.82666666666667, 27.050833333333333], [93.82666666666667, 27.051666666666666], [93.82583333333332, 27.051666666666666], [93.82583333333332, 27.0525], [93.82583333333332, 27.053333333333335], [93.82583333333332, 27.054166666666667], [93.82666666666667, 27.054166666666667], [93.82666666666667, 27.055], [93.8275, 27.055]], [[93.8275, 27.053333333333335], [93.8275, 27.0525], [93.82833333333333, 27.0525], [93.82916666666667, 27.0525], [93.82916666666667, 27.053333333333335], [93.82833333333333, 27.053333333333335], [93.8275, 27.053333333333335]]]}}, {"type": "Feature", "properties": {"product": "forest_loss", "area_ha": 58.01}, "geometry": {"type": "Polygon", "coordinates": [[[93.82833333333333, 27.06833333333333], [93.82916666666667, 27.06833333333333], [93.82916666666667, 27.069166666666668], [93.83, 27.069166666666668], [93.83, 27.07], [93.83, 27.070833333333333], [93.83083333333333, 27.070833333333333], [93.83083333333333, 27.071666666666665], [93.83083333333333, 27.0725], [93.83, 27.0725], [93.83, 27.073333333333334], [93.82916666666667, 27.073333333333334], [93.82916666666667, 27.074166666666667], [93.82833333333333, 27.074166666666667], [93.82833333333333, 27.075], [93.8275, 27.075], [93.8275, 27.074166666666667], [93.8275, 27.073333333333334], [93.82666666666667, 27.073333333333334], [93.82583333333332, 27.073333333333334], [93.82583333333332, 27.074166666666667], [93.82499999999999, 27.074166666666667], [93.82416666666666, 27.074166666666667], [93.82416666666666, 27.075], [93.82416666666666, 27.075833333333332], [93.82499999999999, 27.075833333333332], [93.82499999999999, 27.075], [93.82583333333332, 27.075], [93.82666666666667, 27.075], [93.82666666666667, 27.075833333333332], [93.8275, 27.075833333333332], [93.8275, 27.076666666666668], [93.82833333333333, 27.076666666666668], [93.82833333333333, 27.0775], [93.8275, 27.0775], [93.8275, 27.078333333333333], [93.8275, 27.079166666666666], [93.82833333333333, 27.079166666666666], [93.82916666666667, 27.079166666666666], [93.82916666666667, 27.078333333333333], [93.83, 27.078333333333333], [93.83083333333333, 27.078333333333333], [93.83083333333333, 27.079166666666666], [93.83166666666666, 27.079166666666666], [93.83166666666666, 27.078333333333333], [93.83166666666666, 27.0775], [93.8325, 27.0775], [93.8325, 27.078333333333333], [93.83333333333333, 27.078333333333333], [93.83416666666666, 27.078333333333333], [93.83416666666666, 27.0775], [93.83333333333333, 27.0775], [93.83333333333333, 27.076666666666668], [93.83333333333333, 27.075833333333332], [93.8325, 27.075833333333332], [93.83166666666666, 27.075833333333332], [93.83083333333333, 27.075833333333332], [93.83083333333333, 27.075], [93.83166666666666, 27.075], [93.83166666666666, 27.074166666666667], [93.8325, 27.074166666666667], [93.83333333333333, 27.074166666666667], [93.83333333333333, 27.073333333333334], [93.83416666666666, 27.073333333333334], [93.83416666666666, 27.0725], [93.83333333333333, 27.0725], [93.83333333333333, 27.071666666666665], [93.83333333333333, 27.070833333333333], [93.8325, 27.070833333333333], [93.83166666666666, 27.070833333333333], [93.83166666666666, 27.07], [93.8325, 27.07], [93.83333333333333, 27.07], [93.83333333333333, 27.069166666666668], [93.83333333333333, 27.06833333333333], [93.8325, 27.06833333333333], [93.8325, 27.0675], [93.83166666666666, 27.0675], [93.83166666666666, 27.06833333333333], [93.83083333333333, 27.06833333333333], [93.83, 27.06833333333333], [93.83, 27.0675], [93.83, 27.066666666666666], [93.82916666666667, 27.066666666666666], [93.82833333333333, 27.066666666666666], [93.8275, 27.066666666666666], [93.82666666666667, 27.066666666666666], [93.82666666666667, 27.0675], [93.82583333333332, 27.0675], [93.82583333333332, 27.06833333333333], [93.82666666666667, 27.06833333333333], [93.82666666666667, 27.069166666666668], [93.8275, 27.069166666666668], [93.8275, 27.06833333333333], [93.8275, 27.0675], [93.82833333333333, 27.0675], [93.82833333333333, 27.06833333333333]]]}}, {"type": "Feature", "properties": {"product": "forest_loss", "area_ha": 6.1}, "geometry": {"type": "Polygon", "coordinates": [[[93.8275, 27.094166666666666], [93.82666666666667, 27.094166666666666], [93.82666666666667, 27.095], [93.8275, 27.095], [93.82833333333333, 27.095], [93.82833333333333, 27.094166666666666], [93.82833333333333, 27.093333333333334], [93.82833333333333, 27.0925], [93.8275, 27.0925], [93.8275, 27.091666666666665], [93.82833333333333, 27.091666666666665], [93.82833333333333, 27.090833333333332], [93.8275, 27.090833333333332], [93.82666666666667, 27.090833333333332], [93.82666666666667, 27.091666666666665], [93.82666666666667, 27.0925], [93.82666666666667, 27.093333333333334], [93.8275, 27.093333333333334], [93.8275, 27.094166666666666]]]}}, {"type": "Feature", "properties": {"product": "forest_loss", "area_ha": 7.63}, "geometry": {"type": "Polygon", "coordinates": [[[93.82583333333332, 27.1825], [93.82583333333332, 27.183333333333334], [93.82666666666667, 27.183333333333334], [93.8275, 27.183333333333334], [93.8275, 27.1825], [93.82666666666667, 27.1825], [93.82666666666667, 27.18166666666667], [93.82583333333332, 27.18166666666667], [93.82499999999999, 27.18166666666667], [93.82499999999999, 27.180833333333332], [93.82416666666666, 27.180833333333332], [93.82333333333332, 27.180833333333332], [93.82333333333332, 27.18], [93.82249999999999, 27.18], [93.82249999999999, 27.180833333333332], [93.82249999999999, 27.18166666666667], [93.82333333333332, 27.18166666666667], [93.82333333333332, 27.1825], [93.82416666666666, 27.1825], [93.82499999999999, 27.1825], [93.82583333333332, 27.1825]]]}}, {"type": "Feature", "properties": {"product": "forest_loss", "area_ha": 6.86}, "geometry": {"type": "Polygon", "coordinates": [[[93.82583333333332, 27.205833333333334], [93.82583333333332, 27.205], [93.82666666666667, 27.205], [93.82666666666667, 27.204166666666666], [93.8275, 27.204166666666666], [93.8275, 27.203333333333333], [93.82666666666667, 27.203333333333333], [93.82583333333332, 27.203333333333333], [93.82583333333332, 27.204166666666666], [93.82499999999999, 27.204166666666666], [93.82416666666666, 27.204166666666666], [93.82416666666666, 27.205], [93.82333333333332, 27.205], [93.82249999999999, 27.205], [93.82249999999999, 27.205833333333334], [93.82333333333332, 27.205833333333334], [93.82416666666666, 27.205833333333334], [93.82499999999999, 27.205833333333334], [93.82583333333332, 27.205833333333334]]]}}, {"type": "Feature", "properties": {"product": "forest_loss", "area_ha": 8.39}, "geometry": {"type": "Polygon", "coordinates": [[[93.83583333333333, 27.14], [93.83583333333333, 27.139166666666668], [93.83666666666666, 27.139166666666668], [93.83749999999999, 27.139166666666668], [93.83749999999999, 27.138333333333332], [93.83666666666666, 27.138333333333332], [93.83666666666666, 27.1375], [93.83583333333333, 27.1375], [93.835, 27.1375], [93.83416666666666, 27.1375], [93.83333333333333, 27.1375], [93.83333333333333, 27.138333333333332], [93.83416666666666, 27.138333333333332], [93.83416666666666, 27.139166666666668], [93.83333333333333, 27.139166666666668], [93.83333333333333, 27.14], [93.83416666666666, 27.14], [93.835, 27.14], [93.83583333333333, 27.14]]]}}, {"type": "Feature", "properties": {"product": "forest_loss", "area_ha": 6.86}, "geometry": {"type": "Polygon", "coordinates": [[[93.835, 27.175833333333333], [93.835, 27.176666666666666], [93.83416666666666, 27.176666666666666], [93.83416666666666, 27.1775], [93.835, 27.1775], [93.835, 27.178333333333335], [93.83583333333333, 27.178333333333335], [93.83583333333333, 27.1775], [93.83583333333333, 27.176666666666666], [93.83666666666666, 27.176666666666666], [93.83749999999999, 27.176666666666666], [93.83749999999999, 27.175833333333333], [93.83749999999999, 27.175], [93.83666666666666, 27.175], [93.83583333333333, 27.175], [93.835, 27.175], [93.835, 27.175833333333333]]]}}, {"type": "Feature", "properties": {"product": "forest_loss", "area_ha": 6.12}, "geometry": {"type": "Polygon", "coordinates": [[[93.85166666666666, 26.855], [93.85166666666666, 26.855833333333333], [93.85249999999999, 26.855833333333333], [93.85333333333332, 26.855833333333333], [93.85416666666666, 26.855833333333333], [93.85499999999999, 26.855833333333333], [93.85583333333332, 26.855833333333333], [93.85583333333332, 26.855], [93.85583333333332, 26.854166666666668], [93.85499999999999, 26.854166666666668], [93.85499999999999, 26.855], [93.85416666666666, 26.855], [93.85333333333332, 26.855], [93.85333333333332, 26.854166666666668], [93.85249999999999, 26.854166666666668], [93.85166666666666, 26.854166666666668], [93.85166666666666, 26.855]]]}}, {"type": "Feature", "properties": {"product": "forest_loss", "area_ha": 8.4}, "geometry": {"type": "Polygon", "coordinates": [[[93.85083333333333, 26.95], [93.85083333333333, 26.950833333333332], [93.85166666666666, 26.950833333333332], [93.85166666666666, 26.95], [93.85249999999999, 26.95], [93.85249999999999, 26.949166666666667], [93.85166666666666, 26.949166666666667], [93.85083333333333, 26.949166666666667], [93.85083333333333, 26.948333333333334], [93.85, 26.948333333333334], [93.85, 26.9475], [93.84916666666666, 26.9475], [93.84916666666666, 26.948333333333334], [93.84833333333333, 26.948333333333334], [93.8475, 26.948333333333334], [93.8475, 26.949166666666667], [93.84833333333333, 26.949166666666667], [93.84833333333333, 26.95], [93.84916666666666, 26.95], [93.85, 26.95], [93.85083333333333, 26.95]]]}}, {"type": "Feature", "properties": {"product": "forest_loss", "area_ha": 17.55}, "geometry": {"type": "Polygon", "coordinates": [[[93.86, 27.1025], [93.86, 27.10333333333333], [93.86083333333333, 27.10333333333333], [93.86166666666666, 27.10333333333333], [93.86166666666666, 27.1025], [93.86083333333333, 27.1025], [93.86083333333333, 27.101666666666667], [93.86166666666666, 27.101666666666667], [93.86166666666666, 27.100833333333334], [93.8625, 27.100833333333334], [93.8625, 27.1], [93.8625, 27.099166666666665], [93.86333333333333, 27.099166666666665], [93.86333333333333, 27.098333333333333], [93.86416666666666, 27.098333333333333], [93.86416666666666, 27.0975], [93.86333333333333, 27.0975], [93.8625, 27.0975], [93.8625, 27.096666666666668], [93.86333333333333, 27.096666666666668], [93.86333333333333, 27.095833333333335], [93.8625, 27.095833333333335], [93.86166666666666, 27.095833333333335], [93.86166666666666, 27.096666666666668], [93.86166666666666, 27.0975], [93.86166666666666, 27.098333333333333], [93.86083333333333, 27.098333333333333], [93.86, 27.098333333333333], [93.85916666666667, 27.098333333333333], [93.85916666666667, 27.099166666666665], [93.86, 27.099166666666665], [93.86083333333333, 27.099166666666665], [93.86166666666666, 27.099166666666665], [93.86166666666666, 27.1], [93.86083333333333, 27.1], [93.86, 27.1], [93.85916666666667, 27.1], [93.85833333333333, 27.1], [93.85833333333333, 27.100833333333334], [93.85916666666667, 27.100833333333334], [93.85916666666667, 27.101666666666667], [93.86, 27.101666666666667], [93.86, 27.1025]]]}}, {"type": "Feature", "properties": {"product": "forest_loss", "area_ha": 24.42}, "geometry": {"type": "Polygon", "coordinates": [[[93.86916666666666, 27.0875], [93.86916666666666, 27.088333333333335], [93.86833333333333, 27.088333333333335], [93.86749999999999, 27.088333333333335], [93.86666666666666, 27.088333333333335], [93.86666666666666, 27.089166666666667], [93.86583333333333, 27.089166666666667], [93.865, 27.089166666666667], [93.865, 27.09], [93.86416666666666, 27.09], [93.86333333333333, 27.09], [93.86333333333333, 27.090833333333332], [93.86416666666666, 27.090833333333332], [93.86416666666666, 27.091666666666665], [93.865, 27.091666666666665], [93.865, 27.0925], [93.86583333333333, 27.0925], [93.86666666666666, 27.0925], [93.86749999999999, 27.0925], [93.86749999999999, 27.091666666666665], [93.86833333333333, 27.091666666666665], [93.86833333333333, 27.090833333333332], [93.86916666666666, 27.090833333333332], [93.86999999999999, 27.090833333333332], [93.86999999999999, 27.09], [93.86999999999999, 27.089166666666667], [93.87083333333332, 27.089166666666667], [93.87166666666666, 27.089166666666667], [93.87249999999999, 27.089166666666667], [93.87249999999999, 27.088333333333335], [93.87166666666666, 27.088333333333335], [93.87166666666666, 27.0875], [93.87083333333332, 27.0875], [93.86999999999999, 27.0875], [93.86916666666666, 27.0875]]]}}, {"type": "Feature", "properties": {"product": "forest_loss", "area_ha": 6.86}, "geometry": {"type": "Polygon", "coordinates": [[[93.865, 27.188333333333333], [93.865, 27.1875], [93.865, 27.186666666666667], [93.86583333333333, 27.186666666666667], [93.86583333333333, 27.185833333333335], [93.865, 27.185833333333335], [93.86416666666666, 27.185833333333335], [93.86416666666666, 27.186666666666667], [93.86333333333333, 27.186666666666667], [93.86333333333333, 27.1875], [93.86333333333333, 27.188333333333333], [93.86333333333333, 27.189166666666665], [93.86416666666666, 27.189166666666665], [93.865, 27.189166666666665], [93.86583333333333, 27.189166666666665], [93.86583333333333, 27.188333333333333], [93.865, 27.188333333333333]]]}}, {"type": "Feature", "properties": {"product": "forest_loss", "area_ha": 6.88}, "geometry": {"type": "Polygon", "coordinates": [[[93.89083333333333, 26.93], [93.89083333333333, 26.929166666666667], [93.89083333333333, 26.928333333333335], [93.89, 26.928333333333335], [93.88916666666667, 26.928333333333335], [93.88833333333332, 26.928333333333335], [93.88749999999999, 26.928333333333335], [93.88749999999999, 26.929166666666667], [93.88666666666666, 26.929166666666667], [93.88666666666666, 26.93], [93.88749999999999, 26.93], [93.88833333333332, 26.93], [93.88916666666667, 26.93], [93.89, 26.93], [93.89083333333333, 26.93]]]}}, {"type": "Feature", "properties": {"product": "forest_loss", "area_ha": 6.11}, "geometry": {"type": "Polygon", "coordinates": [[[93.8825, 26.939166666666665], [93.8825, 26.94], [93.88333333333333, 26.94], [93.88333333333333, 26.939166666666665], [93.88416666666666, 26.939166666666665], [93.88416666666666, 26.938333333333333], [93.88416666666666, 26.9375], [93.88333333333333, 26.9375], [93.88333333333333, 26.936666666666667], [93.88333333333333, 26.935833333333335], [93.8825, 26.935833333333335], [93.8825, 26.936666666666667], [93.8825, 26.9375], [93.88166666666666, 26.9375], [93.88166666666666, 26.938333333333333], [93.8825, 26.938333333333333], [93.8825, 26.939166666666665]]]}}, {"type": "Feature", "properties": {"product": "forest_loss", "area_ha": 6.87}, "geometry": {"type": "Polygon", "coordinates": [[[93.89, 27.0875], [93.89083333333333, 27.0875], [93.89166666666667, 27.0875], [93.89166666666667, 27.086666666666666], [93.89083333333333, 27.086666666666666], [93.89, 27.086666666666666], [93.88916666666667, 27.086666666666666], [93.88833333333332, 27.086666666666666], [93.88833333333332, 27.0875], [93.88749999999999, 27.0875], [93.88666666666666, 27.0875], [93.88583333333332, 27.0875], [93.88583333333332, 27.088333333333335], [93.88666666666666, 27.088333333333335], [93.88749999999999, 27.088333333333335], [93.88833333333332, 27.088333333333335], [93.88916666666667, 27.088333333333335], [93.89, 27.088333333333335], [93.89, 27.0875]]]}}, {"type": "Feature", "properties": {"product": "forest_loss", "area_ha": 8.39}, "geometry": {"type": "Polygon", "coordinates": [[[93.88083333333333, 27.090833333333332], [93.88166666666666, 27.090833333333332], [93.8825, 27.090833333333332], [93.8825, 27.09], [93.8825, 27.089166666666667], [93.88166666666666, 27.089166666666667], [93.88083333333333, 27.089166666666667], [93.88, 27.089166666666667], [93.87916666666666, 27.089166666666667], [93.87833333333333, 27.089166666666667], [93.87833333333333, 27.09], [93.8775, 27.09], [93.8775, 27.090833333333332], [93.87833333333333, 27.090833333333332], [93.87916666666666, 27.090833333333332], [93.88, 27.090833333333332], [93.88083333333333, 27.090833333333332]]]}}, {"type": "Feature", "properties": {"product": "forest_loss", "area_ha": 6.87}, "geometry": {"type": "Polygon", "coordinates": [[[93.89, 27.1125], [93.89, 27.111666666666668], [93.88916666666667, 27.111666666666668], [93.88833333333332, 27.111666666666668], [93.88833333333332, 27.1125], [93.88749999999999, 27.1125], [93.88666666666666, 27.1125], [93.88666666666666, 27.113333333333333], [93.88749999999999, 27.113333333333333], [93.88749999999999, 27.114166666666666], [93.88833333333332, 27.114166666666666], [93.88916666666667, 27.114166666666666], [93.89, 27.114166666666666], [93.89, 27.113333333333333], [93.89, 27.1125]]]}}, {"type": "Feature", "properties": {"product": "forest_loss", "area_ha": 12.23}, "geometry": {"type": "Polygon", "coordinates": [[[93.8925, 26.910833333333333], [93.89333333333333, 26.910833333333333], [93.89333333333333, 26.91], [93.89416666666666, 26.91], [93.895, 26.91], [93.895, 26.909166666666668], [93.895, 26.908333333333335], [93.89416666666666, 26.908333333333335], [93.89416666666666, 26.9075], [93.895, 26.9075], [93.89583333333333, 26.9075], [93.89583333333333, 26.906666666666666], [93.895, 26.906666666666666], [93.895, 26.905833333333334], [93.89416666666666, 26.905833333333334], [93.89333333333333, 26.905833333333334], [93.8925, 26.905833333333334], [93.8925, 26.906666666666666], [93.89333333333333, 26.906666666666666], [93.89333333333333, 26.9075], [93.8925, 26.9075], [93.8925, 26.908333333333335], [93.8925, 26.909166666666668], [93.8925, 26.91], [93.89166666666667, 26.91], [93.89166666666667, 26.910833333333333], [93.8925, 26.910833333333333]]]}}, {"type": "Feature", "properties": {"product": "forest_loss", "area_ha": 7.64}, "geometry": {"type": "Polygon", "coordinates": [[[93.90249999999999, 26.913333333333334], [93.90249999999999, 26.914166666666667], [93.90333333333332, 26.914166666666667], [93.90333333333332, 26.913333333333334], [93.90333333333332, 26.9125], [93.90249999999999, 26.9125], [93.90166666666666, 26.9125], [93.90166666666666, 26.911666666666665], [93.90083333333332, 26.911666666666665], [93.90083333333332, 26.910833333333333], [93.89999999999999, 26.910833333333333], [93.89999999999999, 26.911666666666665], [93.89999999999999, 26.9125], [93.89916666666666, 26.9125], [93.89916666666666, 26.913333333333334], [93.89916666666666, 26.914166666666667], [93.89999999999999, 26.914166666666667], [93.89999999999999, 26.913333333333334], [93.90083333333332, 26.913333333333334], [93.90166666666666, 26.913333333333334], [93.90249999999999, 26.913333333333334]]]}}, {"type": "Feature", "properties": {"product": "forest_loss", "area_ha": 6.87}, "geometry": {"type": "Polygon", "coordinates": [[[93.895, 27.075833333333332], [93.89583333333333, 27.075833333333332], [93.89583333333333, 27.075], [93.89583333333333, 27.074166666666667], [93.895, 27.074166666666667], [93.895, 27.073333333333334], [93.895, 27.0725], [93.89416666666666, 27.0725], [93.89416666666666, 27.071666666666665], [93.89333333333333, 27.071666666666665], [93.89333333333333, 27.0725], [93.89333333333333, 27.073333333333334], [93.89333333333333, 27.074166666666667], [93.89416666666666, 27.074166666666667], [93.89416666666666, 27.075], [93.89416666666666, 27.075833333333332], [93.895, 27.075833333333332]]]}}, {"type": "Feature", "properties": {"product": "forest_loss", "area_ha": 6.1}, "geometry": {"type": "Polygon", "coordinates": [[[93.89583333333333, 27.120833333333334], [93.89666666666666, 27.120833333333334], [93.8975, 27.120833333333334], [93.8975, 27.12], [93.89666666666666, 27.12], [93.89666666666666, 27.11916666666667], [93.89666666666666, 27.118333333333332], [93.89583333333333, 27.118333333333332], [93.895, 27.118333333333332], [93.89416666666666, 27.118333333333332], [93.89416666666666, 27.11916666666667], [93.89416666666666, 27.12], [93.895, 27.12], [93.89583333333333, 27.12], [93.89583333333333, 27.120833333333334]]]}}, {"type": "Feature", "properties": {"product": "forest_loss", "area_ha": 6.11}, "geometry": {"type": "Polygon", "coordinates": [[[93.92083333333333, 26.925], [93.92083333333333, 26.924166666666668], [93.92083333333333, 26.923333333333332], [93.92083333333333, 26.9225], [93.91999999999999, 26.9225], [93.91999999999999, 26.923333333333332], [93.91999999999999, 26.924166666666668], [93.91916666666665, 26.924166666666668], [93.91916666666665, 26.925], [93.91916666666665, 26.925833333333333], [93.91999999999999, 26.925833333333333], [93.91999999999999, 26.926666666666666], [93.91999999999999, 26.9275], [93.92083333333333, 26.9275], [93.92083333333333, 26.926666666666666], [93.92083333333333, 26.925833333333333], [93.92083333333333, 26.925]]]}}, {"type": "Feature", "properties": {"product": "forest_loss", "area_ha": 6.11}, "geometry": {"type": "Polygon", "coordinates": [[[93.925, 26.9475], [93.92416666666666, 26.9475], [93.92416666666666, 26.946666666666665], [93.92333333333333, 26.946666666666665], [93.9225, 26.946666666666665], [93.9225, 26.9475], [93.9225, 26.948333333333334], [93.9225, 26.949166666666667], [93.92333333333333, 26.949166666666667], [93.92416666666666, 26.949166666666667], [93.925, 26.949166666666667], [93.925, 26.948333333333334], [93.925, 26.9475]]]}}, {"type": "Feature", "properties": {"product": "forest_loss", "area_ha": 6.11}, "geometry": {"type": "Polygon", "coordinates": [[[93.925, 26.9525], [93.925, 26.951666666666668], [93.92416666666666, 26.951666666666668], [93.92416666666666, 26.950833333333332], [93.92333333333333, 26.950833333333332], [93.9225, 26.950833333333332], [93.92166666666667, 26.950833333333332], [93.92166666666667, 26.951666666666668], [93.92166666666667, 26.9525], [93.9225, 26.9525], [93.92333333333333, 26.9525], [93.92333333333333, 26.953333333333333], [93.92416666666666, 26.953333333333333], [93.92416666666666, 26.9525], [93.925, 26.9525]]]}}, {"type": "Feature", "properties": {"product": "forest_loss", "area_ha": 6.11}, "geometry": {"type": "Polygon", "coordinates": [[[93.91333333333333, 27.019166666666667], [93.91333333333333, 27.018333333333334], [93.9125, 27.018333333333334], [93.9125, 27.0175], [93.91166666666666, 27.0175], [93.91083333333333, 27.0175], [93.91, 27.0175], [93.90916666666666, 27.0175], [93.90916666666666, 27.018333333333334], [93.90916666666666, 27.019166666666667], [93.91, 27.019166666666667], [93.91, 27.018333333333334], [93.91083333333333, 27.018333333333334], [93.91083333333333, 27.019166666666667], [93.91166666666666, 27.019166666666667], [93.9125, 27.019166666666667], [93.91333333333333, 27.019166666666667]]]}}, {"type": "Feature", "properties": {"product": "forest_loss", "area_ha": 6.11}, "geometry": {"type": "Polygon", "coordinates": [[[93.93083333333333, 26.914166666666667], [93.93166666666666, 26.914166666666667], [93.93249999999999, 26.914166666666667], [93.93249999999999, 26.913333333333334], [93.93249999999999, 26.9125], [93.93166666666666, 26.9125], [93.93083333333333, 26.9125], [93.93083333333333, 26.913333333333334], [93.92999999999999, 26.913333333333334], [93.92916666666666, 26.913333333333334], [93.92916666666666, 26.914166666666667], [93.92916666666666, 26.915], [93.92999999999999, 26.915], [93.93083333333333, 26.915], [93.93083333333333, 26.914166666666667]]]}}, {"type": "Feature", "properties": {"product": "forest_loss", "area_ha": 12.99}, "geometry": {"type": "Polygon", "coordinates": [[[93.93916666666667, 26.941666666666666], [93.93833333333333, 26.941666666666666], [93.93833333333333, 26.9425], [93.9375, 26.9425], [93.9375, 26.94333333333333], [93.93833333333333, 26.94333333333333], [93.93916666666667, 26.94333333333333], [93.94, 26.94333333333333], [93.94083333333333, 26.94333333333333], [93.94166666666666, 26.94333333333333], [93.9425, 26.94333333333333], [93.9425, 26.9425], [93.9425, 26.941666666666666], [93.94333333333333, 26.941666666666666], [93.94333333333333, 26.940833333333334], [93.9425, 26.940833333333334], [93.9425, 26.94], [93.94166666666666, 26.94], [93.94083333333333, 26.94], [93.94083333333333, 26.940833333333334], [93.94083333333333, 26.941666666666666], [93.94, 26.941666666666666], [93.94, 26.940833333333334], [93.93916666666667, 26.940833333333334], [93.93916666666667, 26.941666666666666]]]}}, {"type": "Feature", "properties": {"product": "forest_loss", "area_ha": 6.1}, "geometry": {"type": "Polygon", "coordinates": [[[93.945, 27.14], [93.945, 27.139166666666668], [93.94416666666666, 27.139166666666668], [93.94333333333333, 27.139166666666668], [93.9425, 27.139166666666668], [93.9425, 27.14], [93.94166666666666, 27.14], [93.94166666666666, 27.140833333333333], [93.94166666666666, 27.141666666666666], [93.9425, 27.141666666666666], [93.94333333333333, 27.141666666666666], [93.94333333333333, 27.140833333333333], [93.94416666666666, 27.140833333333333], [93.94416666666666, 27.14], [93.945, 27.14]]]}}, {"type": "Feature", "properties": {"product": "forest_loss", "area_ha": 8.39}, "geometry": {"type": "Polygon", "coordinates": [[[93.94416666666666, 27.161666666666665], [93.94416666666666, 27.160833333333333], [93.945, 27.160833333333333], [93.945, 27.16], [93.945, 27.159166666666668], [93.94416666666666, 27.159166666666668], [93.94416666666666, 27.158333333333335], [93.94416666666666, 27.1575], [93.94333333333333, 27.1575], [93.94333333333333, 27.158333333333335], [93.94333333333333, 27.159166666666668], [93.9425, 27.159166666666668], [93.94166666666666, 27.159166666666668], [93.94166666666666, 27.16], [93.94166666666666, 27.160833333333333], [93.9425, 27.160833333333333], [93.94333333333333, 27.160833333333333], [93.94333333333333, 27.161666666666665], [93.94416666666666, 27.161666666666665]]]}}, {"type": "Feature", "properties": {"product": "forest_loss", "area_ha": 26.75}, "geometry": {"type": "Polygon", "coordinates": [[[93.9525, 26.921666666666667], [93.95166666666667, 26.921666666666667], [93.95083333333332, 26.921666666666667], [93.95083333333332, 26.920833333333334], [93.94999999999999, 26.920833333333334], [93.94999999999999, 26.92], [93.94916666666666, 26.92], [93.94916666666666, 26.919166666666666], [93.94833333333332, 26.919166666666666], [93.94833333333332, 26.92], [93.94833333333332, 26.920833333333334], [93.94833333333332, 26.921666666666667], [93.94916666666666, 26.921666666666667], [93.94916666666666, 26.9225], [93.94999999999999, 26.9225], [93.94999999999999, 26.923333333333332], [93.95083333333332, 26.923333333333332], [93.95166666666667, 26.923333333333332], [93.95166666666667, 26.9225], [93.9525, 26.9225], [93.9525, 26.923333333333332], [93.95333333333333, 26.923333333333332], [93.95416666666667, 26.923333333333332], [93.95416666666667, 26.9225], [93.955, 26.9225], [93.95583333333333, 26.9225], [93.95666666666666, 26.9225], [93.9575, 26.9225], [93.9575, 26.921666666666667], [93.9575, 26.920833333333334], [93.95666666666666, 26.920833333333334], [93.95666666666666, 26.921666666666667], [93.95583333333333, 26.921666666666667], [93.955, 26.921666666666667], [93.95416666666667, 26.921666666666667], [93.95416666666667, 26.920833333333334], [93.95333333333333, 26.920833333333334], [93.95333333333333, 26.92], [93.9525, 26.92], [93.9525, 26.919166666666666], [93.95333333333333, 26.919166666666666], [93.95333333333333, 26.918333333333333], [93.95333333333333, 26.9175], [93.9525, 26.9175], [93.95166666666667, 26.9175], [93.95166666666667, 26.916666666666668], [93.95083333333332, 26.916666666666668], [93.94999999999999, 26.916666666666668], [93.94999999999999, 26.9175], [93.94999999999999, 26.918333333333333], [93.95083333333332, 26.918333333333333], [93.95083333333332, 26.919166666666666], [93.95166666666667, 26.919166666666666], [93.95166666666667, 26.92], [93.95166666666667, 26.920833333333334], [93.9525, 26.920833333333334], [93.9525, 26.921666666666667]]]}}, {"type": "Feature", "properties": {"product": "forest_loss", "area_ha": 7.63}, "geometry": {"type": "Polygon", "coordinates": [[[93.95166666666667, 27.054166666666667], [93.9525, 27.054166666666667], [93.9525, 27.055], [93.9525, 27.055833333333332], [93.95333333333333, 27.055833333333332], [93.95333333333333, 27.055], [93.95333333333333, 27.054166666666667], [93.95416666666667, 27.054166666666667], [93.955, 27.054166666666667], [93.955, 27.053333333333335], [93.95583333333333, 27.053333333333335], [93.95583333333333, 27.054166666666667], [93.95666666666666, 27.054166666666667], [93.95666666666666, 27.053333333333335], [93.95666666666666, 27.0525], [93.95583333333333, 27.0525], [93.955, 27.0525], [93.95416666666667, 27.0525], [93.95416666666667, 27.053333333333335], [93.95333333333333, 27.053333333333335], [93.9525, 27.053333333333335], [93.95166666666667, 27.053333333333335], [93.95166666666667, 27.054166666666667]]]}}, {"type": "Feature", "properties": {"product": "forest_loss", "area_ha": 12.96}, "geometry": {"type": "Polygon", "coordinates": [[[93.97416666666666, 27.213333333333335], [93.975, 27.213333333333335], [93.97583333333333, 27.213333333333335], [93.97583333333333, 27.2125], [93.975, 27.2125], [93.97416666666666, 27.2125], [93.97333333333333, 27.2125], [93.97333333333333, 27.211666666666666], [93.9725, 27.211666666666666], [93.9725, 27.2125], [93.9725, 27.213333333333335], [93.97166666666666, 27.213333333333335], [93.97166666666666, 27.2125], [93.97166666666666, 27.211666666666666], [93.97166666666666, 27.210833333333333], [93.97083333333333, 27.210833333333333], [93.97083333333333, 27.211666666666666], [93.97, 27.211666666666666], [93.97, 27.2125], [93.97, 27.213333333333335], [93.97083333333333, 27.213333333333335], [93.97083333333333, 27.214166666666667], [93.97166666666666, 27.214166666666667], [93.97166666666666, 27.215], [93.9725, 27.215], [93.97333333333333, 27.215], [93.97416666666666, 27.215], [93.97416666666666, 27.214166666666667], [93.97416666666666, 27.213333333333335]]]}}, {"type": "Feature", "properties": {"product": "forest_loss", "area_ha": 6.1}, "geometry": {"type": "Polygon", "coordinates": [[[93.98583333333333, 27.105833333333333], [93.98583333333333, 27.105], [93.98583333333333, 27.104166666666668], [93.98666666666666, 27.104166666666668], [93.98666666666666, 27.10333333333333], [93.98583333333333, 27.10333333333333], [93.985, 27.10333333333333], [93.98416666666667, 27.10333333333333], [93.98416666666667, 27.104166666666668], [93.98416666666667, 27.105], [93.985, 27.105], [93.985, 27.105833333333333], [93.98416666666667, 27.105833333333333], [93.98416666666667, 27.106666666666666], [93.985, 27.106666666666666], [93.98583333333333, 27.106666666666666], [93.98583333333333, 27.105833333333333]]]}}, {"type": "Feature", "properties": {"product": "forest_loss", "area_ha": 6.1}, "geometry": {"type": "Polygon", "coordinates": [[[93.9875, 27.141666666666666], [93.9875, 27.140833333333333], [93.9875, 27.14], [93.98666666666666, 27.14], [93.98666666666666, 27.140833333333333], [93.98583333333333, 27.140833333333333], [93.98583333333333, 27.141666666666666], [93.985, 27.141666666666666], [93.98416666666667, 27.141666666666666], [93.98416666666667, 27.1425], [93.98416666666667, 27.143333333333334], [93.985, 27.143333333333334], [93.985, 27.1425], [93.98583333333333, 27.1425], [93.98666666666666, 27.1425], [93.9875, 27.1425], [93.9875, 27.141666666666666]]]}}, {"type": "Feature", "properties": {"product": "forest_loss", "area_ha": 19.83}, "geometry": {"type": "Polygon", "coordinates": [[[93.98333333333333, 27.150833333333335], [93.98249999999999, 27.150833333333335], [93.98249999999999, 27.151666666666667], [93.98333333333333, 27.151666666666667], [93.98333333333333, 27.1525], [93.98416666666667, 27.1525], [93.985, 27.1525], [93.985, 27.151666666666667], [93.98583333333333, 27.151666666666667], [93.98583333333333, 27.1525], [93.98666666666666, 27.1525], [93.9875, 27.1525], [93.98833333333333, 27.1525], [93.98916666666666, 27.1525], [93.98916666666666, 27.151666666666667], [93.98833333333333, 27.151666666666667], [93.9875, 27.151666666666667], [93.9875, 27.150833333333335], [93.9875, 27.15], [93.98666666666666, 27.15], [93.98666666666666, 27.149166666666666], [93.9875, 27.149166666666666], [93.98833333333333, 27.149166666666666], [93.98916666666666, 27.149166666666666], [93.98916666666666, 27.148333333333333], [93.98833333333333, 27.148333333333333], [93.98833333333333, 27.1475], [93.9875, 27.1475], [93.9875, 27.148333333333333], [93.98666666666666, 27.148333333333333], [93.98583333333333, 27.148333333333333], [93.985, 27.148333333333333], [93.985, 27.149166666666666], [93.98416666666667, 27.149166666666666], [93.98416666666667, 27.15], [93.98333333333333, 27.15], [93.98333333333333, 27.150833333333335]]]}}, {"type": "Feature", "properties": {"product": "forest_loss", "area_ha": 9.91}, "geometry": {"type": "Polygon", "coordinates": [[[93.97916666666666, 27.179166666666667], [93.97999999999999, 27.179166666666667], [93.98083333333332, 27.179166666666667], [93.98166666666665, 27.179166666666667], [93.98249999999999, 27.179166666666667], [93.98249999999999, 27.178333333333335], [93.98166666666665, 27.178333333333335], [93.98166666666665, 27.1775], [93.98249999999999, 27.1775], [93.98249999999999, 27.176666666666666], [93.98166666666665, 27.176666666666666], [93.98083333333332, 27.176666666666666], [93.98083333333332, 27.175833333333333], [93.98083333333332, 27.175], [93.97999999999999, 27.175], [93.97999999999999, 27.175833333333333], [93.97999999999999, 27.176666666666666], [93.97916666666666, 27.176666666666666], [93.97916666666666, 27.1775], [93.97916666666666, 27.178333333333335], [93.97916666666666, 27.179166666666667]]]}}, {"type": "Feature", "properties": {"product": "forest_loss", "area_ha": 7.62}, "geometry": {"type": "Polygon", "coordinates": [[[93.99, 27.188333333333333], [93.99, 27.1875], [93.99, 27.186666666666667], [93.99, 27.185833333333335], [93.99083333333333, 27.185833333333335], [93.99166666666666, 27.185833333333335], [93.99166666666666, 27.185], [93.99083333333333, 27.185], [93.99, 27.185], [93.98916666666666, 27.185], [93.98916666666666, 27.185833333333335], [93.98833333333333, 27.185833333333335], [93.98833333333333, 27.186666666666667], [93.9875, 27.186666666666667], [93.9875, 27.1875], [93.98833333333333, 27.1875], [93.98833333333333, 27.188333333333333], [93.98916666666666, 27.188333333333333], [93.99, 27.188333333333333]]]}}, {"type": "Feature", "properties": {"product": "forest_loss", "area_ha": 18.29}, "geometry": {"type": "Polygon", "coordinates": [[[93.97916666666666, 27.219166666666666], [93.97833333333332, 27.219166666666666], [93.97749999999999, 27.219166666666666], [93.97749999999999, 27.22], [93.97666666666666, 27.22], [93.97666666666666, 27.220833333333335], [93.97749999999999, 27.220833333333335], [93.97833333333332, 27.220833333333335], [93.97916666666666, 27.220833333333335], [93.97999999999999, 27.220833333333335], [93.98083333333332, 27.220833333333335], [93.98083333333332, 27.221666666666668], [93.98166666666665, 27.221666666666668], [93.98166666666665, 27.220833333333335], [93.98166666666665, 27.22], [93.98166666666665, 27.219166666666666], [93.98249999999999, 27.219166666666666], [93.98249999999999, 27.218333333333334], [93.98249999999999, 27.2175], [93.98249999999999, 27.216666666666665], [93.98166666666665, 27.216666666666665], [93.98166666666665, 27.215833333333332], [93.98083333333332, 27.215833333333332], [93.98083333333332, 27.216666666666665], [93.97999999999999, 27.216666666666665], [93.97999999999999, 27.2175], [93.97916666666666, 27.2175], [93.97916666666666, 27.218333333333334], [93.97916666666666, 27.219166666666666]]]}}, {"type": "Feature", "properties": {"product": "forest_loss", "area_ha": 6.1}, "geometry": {"type": "Polygon", "coordinates": [[[93.98416666666667, 27.23], [93.98333333333333, 27.23], [93.98333333333333, 27.230833333333333], [93.98333333333333, 27.231666666666666], [93.98416666666667, 27.231666666666666], [93.98416666666667, 27.230833333333333], [93.985, 27.230833333333333], [93.985, 27.231666666666666], [93.98583333333333, 27.231666666666666], [93.98666666666666, 27.231666666666666], [93.98666666666666, 27.230833333333333], [93.98583333333333, 27.230833333333333], [93.98583333333333, 27.23], [93.98583333333333, 27.229166666666668], [93.985, 27.229166666666668], [93.98416666666667, 27.229166666666668], [93.98416666666667, 27.23]]]}}, {"type": "Feature", "properties": {"product": "forest_loss", "area_ha": 6.11}, "geometry": {"type": "Polygon", "coordinates": [[[93.99333333333333, 27.091666666666665], [93.99416666666666, 27.091666666666665], [93.99499999999999, 27.091666666666665], [93.99499999999999, 27.0925], [93.99583333333332, 27.0925], [93.99583333333332, 27.091666666666665], [93.99583333333332, 27.090833333333332], [93.99499999999999, 27.090833333333332], [93.99499999999999, 27.09], [93.99499999999999, 27.089166666666667], [93.99499999999999, 27.088333333333335], [93.99416666666666, 27.088333333333335], [93.99416666666666, 27.089166666666667], [93.99416666666666, 27.09], [93.99333333333333, 27.09], [93.99333333333333, 27.090833333333332], [93.99333333333333, 27.091666666666665]]]}}, {"type": "Feature", "properties": {"product": "forest_loss", "area_ha": 12.21}, "geometry": {"type": "Polygon", "coordinates": [[[93.98916666666666, 27.13], [93.99, 27.13], [93.99083333333333, 27.13], [93.99166666666666, 27.13], [93.99249999999999, 27.13], [93.99333333333333, 27.13], [93.99416666666666, 27.13], [93.99416666666666, 27.129166666666666], [93.99499999999999, 27.129166666666666], [93.99499999999999, 27.128333333333334], [93.99583333333332, 27.128333333333334], [93.99666666666666, 27.128333333333334], [93.99666666666666, 27.1275], [93.99583333333332, 27.1275], [93.99583333333332, 27.126666666666665], [93.99583333333332, 27.125833333333333], [93.99499999999999, 27.125833333333333], [93.99416666666666, 27.125833333333333], [93.99416666666666, 27.126666666666665], [93.99416666666666, 27.1275], [93.99416666666666, 27.128333333333334], [93.99333333333333, 27.128333333333334], [93.99333333333333, 27.129166666666666], [93.99249999999999, 27.129166666666666], [93.99166666666666, 27.129166666666666], [93.99083333333333, 27.129166666666666], [93.99083333333333, 27.128333333333334], [93.99, 27.128333333333334], [93.99, 27.129166666666666], [93.98916666666666, 27.129166666666666], [93.98916666666666, 27.13]]]}}, {"type": "Feature", "properties": {"product": "forest_loss", "area_ha": 10.68}, "geometry": {"type": "Polygon", "coordinates": [[[93.99249999999999, 27.16], [93.99333333333333, 27.16], [93.99416666666666, 27.16], [93.99499999999999, 27.16], [93.99499999999999, 27.159166666666668], [93.99499999999999, 27.158333333333335], [93.99499999999999, 27.1575], [93.99416666666666, 27.1575], [93.99416666666666, 27.156666666666666], [93.99499999999999, 27.156666666666666], [93.99499999999999, 27.155833333333334], [93.99416666666666, 27.155833333333334], [93.99416666666666, 27.155], [93.99333333333333, 27.155], [93.99333333333333, 27.155833333333334], [93.99249999999999, 27.155833333333334], [93.99249999999999, 27.156666666666666], [93.99249999999999, 27.1575], [93.99249999999999, 27.158333333333335], [93.99333333333333, 27.158333333333335], [93.99333333333333, 27.159166666666668], [93.99249999999999, 27.159166666666668], [93.99249999999999, 27.16]]]}}], "properties": {"aoi": "papum-pare", "product": "forest_loss", "total_ha": 4324.5, "n_patches": 343}}