{"type": "FeatureCollection", "features": [{"type": "Feature", "properties": {"product": "water_loss", "area_ha": 7.65}, "geometry": {"type": "Polygon", "coordinates": [[[93.675, 26.873333333333335], [93.675, 26.8725], [93.675, 26.871666666666666], [93.675, 26.870833333333334], [93.675, 26.87], [93.67416666666666, 26.87], [93.67416666666666, 26.870833333333334], [93.67333333333333, 26.870833333333334], [93.67333333333333, 26.87], [93.6725, 26.87], [93.6725, 26.870833333333334], [93.6725, 26.871666666666666], [93.6725, 26.8725], [93.67333333333333, 26.8725], [93.67333333333333, 26.873333333333335], [93.67416666666666, 26.873333333333335], [93.675, 26.873333333333335]]]}}, {"type": "Feature", "properties": {"product": "water_loss", "area_ha": 10.7}, "geometry": {"type": "Polygon", "coordinates": [[[93.68416666666666, 26.873333333333335], [93.68499999999999, 26.873333333333335], [93.68583333333332, 26.873333333333335], [93.68666666666667, 26.873333333333335], [93.6875, 26.873333333333335], [93.68833333333333, 26.873333333333335], [93.68833333333333, 26.874166666666667], [93.68916666666667, 26.874166666666667], [93.68916666666667, 26.873333333333335], [93.68916666666667, 26.8725], [93.68833333333333, 26.8725], [93.6875, 26.8725], [93.6875, 26.871666666666666], [93.68666666666667, 26.871666666666666], [93.68666666666667, 26.870833333333334], [93.68583333333332, 26.870833333333334], [93.68499999999999, 26.870833333333334], [93.68499999999999, 26.871666666666666], [93.68416666666666, 26.871666666666666], [93.68333333333332, 26.871666666666666], [93.68333333333332, 26.8725], [93.68416666666666, 26.8725], [93.68416666666666, 26.873333333333335]]]}}, {"type": "Feature", "properties": {"product": "water_loss", "area_ha": 6.1}, "geometry": {"type": "Polygon", "coordinates": [[[93.78333333333333, 27.13], [93.78416666666666, 27.13], [93.785, 27.13], [93.78583333333333, 27.13], [93.78666666666666, 27.13], [93.7875, 27.13], [93.7875, 27.129166666666666], [93.78666666666666, 27.129166666666666], [93.78583333333333, 27.129166666666666], [93.785, 27.129166666666666], [93.78416666666666, 27.129166666666666], [93.78333333333333, 27.129166666666666], [93.7825, 27.129166666666666], [93.78166666666667, 27.129166666666666], [93.78166666666667, 27.13], [93.7825, 27.13], [93.7825, 27.13083333333333], [93.78333333333333, 27.13083333333333], [93.78333333333333, 27.13]]]}}, {"type": "Feature", "properties": {"product": "water_loss", "area_ha": 38.23}, "geometry": {"type": "Polygon", "coordinates": [[[93.8325, 26.858333333333334], [93.83333333333333, 26.858333333333334], [93.83416666666666, 26.858333333333334], [93.835, 26.858333333333334], [93.835, 26.859166666666667], [93.83583333333333, 26.859166666666667], [93.83666666666666, 26.859166666666667], [93.83749999999999, 26.859166666666667], [93.83833333333332, 26.859166666666667], [93.83833333333332, 26.86], [93.83916666666666, 26.86], [93.83999999999999, 26.86], [93.83999999999999, 26.859166666666667], [93.84083333333332, 26.859166666666667], [93.84166666666665, 26.859166666666667], [93.84166666666665, 26.858333333333334], [93.8425, 26.858333333333334], [93.8425, 26.8575], [93.84333333333333, 26.8575], [93.84333333333333, 26.856666666666666], [93.8425, 26.856666666666666], [93.8425, 26.855833333333333], [93.84166666666665, 26.855833333333333], [93.84083333333332, 26.855833333333333], [93.83999999999999, 26.855833333333333], [93.83916666666666, 26.855833333333333], [93.83833333333332, 26.855833333333333], [93.83749999999999, 26.855833333333333], [93.83749999999999, 26.855], [93.83666666666666, 26.855], [93.83583333333333, 26.855], [93.835, 26.855], [93.835, 26.855833333333333], [93.83416666666666, 26.855833333333333], [93.83333333333333, 26.855833333333333], [93.83333333333333, 26.856666666666666], [93.8325, 26.856666666666666], [93.83166666666666, 26.856666666666666], [93.83166666666666, 26.8575], [93.8325, 26.8575], [93.8325, 26.858333333333334]]]}}, {"type": "Feature", "properties": {"product": "water_loss", "area_ha": 48.17}, "geometry": {"type": "Polygon", "coordinates": [[[93.82666666666667, 26.859166666666667], [93.82583333333332, 26.859166666666667], [93.82499999999999, 26.859166666666667], [93.82416666666666, 26.859166666666667], [93.82333333333332, 26.859166666666667], [93.82333333333332, 26.858333333333334], [93.82249999999999, 26.858333333333334], [93.82166666666666, 26.858333333333334], [93.82083333333333, 26.858333333333334], [93.82, 26.858333333333334], [93.82, 26.859166666666667], [93.82083333333333, 26.859166666666667], [93.82166666666666, 26.859166666666667], [93.82166666666666, 26.86], [93.82249999999999, 26.86], [93.82333333333332, 26.86], [93.82333333333332, 26.860833333333332], [93.82416666666666, 26.860833333333332], [93.82499999999999, 26.860833333333332], [93.82499999999999, 26.861666666666668], [93.82583333333332, 26.861666666666668], [93.82666666666667, 26.861666666666668], [93.8275, 26.861666666666668], [93.82833333333333, 26.861666666666668], [93.82833333333333, 26.8625], [93.82916666666667, 26.8625], [93.83, 26.8625], [93.83083333333333, 26.8625], [93.83166666666666, 26.8625], [93.8325, 26.8625], [93.83333333333333, 26.8625], [93.83416666666666, 26.8625], [93.835, 26.8625], [93.83583333333333, 26.8625], [93.83666666666666, 26.8625], [93.83749999999999, 26.8625], [93.83833333333332, 26.8625], [93.83833333333332, 26.861666666666668], [93.83749999999999, 26.861666666666668], [93.83749999999999, 26.860833333333332], [93.83666666666666, 26.860833333333332], [93.83583333333333, 26.860833333333332], [93.835, 26.860833333333332], [93.83416666666666, 26.860833333333332], [93.83416666666666, 26.86], [93.83333333333333, 26.86], [93.83333333333333, 26.859166666666667], [93.8325, 26.859166666666667], [93.83166666666666, 26.859166666666667], [93.83166666666666, 26.86], [93.83083333333333, 26.86], [93.83083333333333, 26.859166666666667], [93.83083333333333, 26.858333333333334], [93.83, 26.858333333333334], [93.82916666666667, 26.858333333333334], [93.82916666666667, 26.8575], [93.82833333333333, 26.8575], [93.8275, 26.8575], [93.8275, 26.858333333333334], [93.8275, 26.859166666666667], [93.82666666666667, 26.859166666666667]]]}}, {"type": "Feature", "properties": {"product": "water_loss", "area_ha": 17.55}, "geometry": {"type": "Polygon", "coordinates": [[[93.835, 27.105833333333333], [93.83583333333333, 27.105833333333333], [93.83583333333333, 27.105], [93.83583333333333, 27.104166666666668], [93.83666666666666, 27.104166666666668], [93.83749999999999, 27.104166666666668], [93.83749999999999, 27.105], [93.83833333333332, 27.105], [93.83833333333332, 27.104166666666668], [93.83833333333332, 27.10333333333333], [93.83749999999999, 27.10333333333333], [93.83666666666666, 27.10333333333333], [93.83583333333333, 27.10333333333333], [93.835, 27.10333333333333], [93.835, 27.104166666666668], [93.83416666666666, 27.104166666666668], [93.83333333333333, 27.104166666666668], [93.8325, 27.104166666666668], [93.8325, 27.105], [93.8325, 27.105833333333333], [93.8325, 27.106666666666666], [93.83166666666666, 27.106666666666666], [93.83166666666666, 27.1075], [93.83166666666666, 27.108333333333334], [93.83083333333333, 27.108333333333334], [93.83083333333333, 27.109166666666667], [93.83166666666666, 27.109166666666667], [93.8325, 27.109166666666667], [93.83333333333333, 27.109166666666667], [93.83333333333333, 27.108333333333334], [93.83416666666666, 27.108333333333334], [93.83416666666666, 27.1075], [93.835, 27.1075], [93.835, 27.106666666666666], [93.83416666666666, 27.106666666666666], [93.83333333333333, 27.106666666666666], [93.83333333333333, 27.105833333333333], [93.83333333333333, 27.105], [93.83416666666666, 27.105], [93.83416666666666, 27.105833333333333], [93.835, 27.105833333333333]]]}}, {"type": "Feature", "properties": {"product": "water_loss", "area_ha": 14.5}, "geometry": {"type": "Polygon", "coordinates": [[[93.82, 27.1175], [93.81916666666666, 27.1175], [93.81916666666666, 27.118333333333332], [93.81916666666666, 27.11916666666667], [93.81833333333333, 27.11916666666667], [93.81833333333333, 27.12], [93.81916666666666, 27.12], [93.81916666666666, 27.120833333333334], [93.82, 27.120833333333334], [93.82083333333333, 27.120833333333334], [93.82083333333333, 27.12], [93.82083333333333, 27.11916666666667], [93.82083333333333, 27.118333333333332], [93.82166666666666, 27.118333333333332], [93.82166666666666, 27.1175], [93.82166666666666, 27.116666666666667], [93.82166666666666, 27.115833333333335], [93.82166666666666, 27.115], [93.82249999999999, 27.115], [93.82249999999999, 27.114166666666666], [93.82333333333332, 27.114166666666666], [93.82333333333332, 27.113333333333333], [93.82249999999999, 27.113333333333333], [93.82166666666666, 27.113333333333333], [93.82166666666666, 27.114166666666666], [93.82083333333333, 27.114166666666666], [93.82083333333333, 27.115], [93.82083333333333, 27.115833333333335], [93.82, 27.115833333333335], [93.82, 27.116666666666667], [93.82, 27.1175]]]}}, {"type": "Feature", "properties": {"product": "water_loss", "area_ha": 11.44}, "geometry": {"type": "Polygon", "coordinates": [[[93.80833333333332, 27.125], [93.80833333333332, 27.124166666666667], [93.80749999999999, 27.124166666666667], [93.80749999999999, 27.125], [93.80666666666666, 27.125], [93.80666666666666, 27.125833333333333], [93.80583333333333, 27.125833333333333], [93.80583333333333, 27.126666666666665], [93.80666666666666, 27.126666666666665], [93.80749999999999, 27.126666666666665], [93.80833333333332, 27.126666666666665], [93.80833333333332, 27.125833333333333], [93.80916666666666, 27.125833333333333], [93.80999999999999, 27.125833333333333], [93.81083333333332, 27.125833333333333], [93.81083333333332, 27.125], [93.81166666666667, 27.125], [93.8125, 27.125], [93.8125, 27.124166666666667], [93.8125, 27.123333333333335], [93.81166666666667, 27.123333333333335], [93.81083333333332, 27.123333333333335], [93.80999999999999, 27.123333333333335], [93.80999999999999, 27.124166666666667], [93.80999999999999, 27.125], [93.80916666666666, 27.125], [93.80833333333332, 27.125]]]}}, {"type": "Feature", "properties": {"product": "water_loss", "area_ha": 7.65}, "geometry": {"type": "Polygon", "coordinates": [[[93.85, 26.863333333333333], [93.85083333333333, 26.863333333333333], [93.85166666666666, 26.863333333333333], [93.85166666666666, 26.8625], [93.85083333333333, 26.8625], [93.85083333333333, 26.861666666666668], [93.85, 26.861666666666668], [93.85, 26.860833333333332], [93.84916666666666, 26.860833333333332], [93.84833333333333, 26.860833333333332], [93.84833333333333, 26.86], [93.8475, 26.86], [93.8475, 26.860833333333332], [93.8475, 26.861666666666668], [93.84833333333333, 26.861666666666668], [93.84833333333333, 26.8625], [93.84916666666666, 26.8625], [93.84916666666666, 26.863333333333333], [93.85, 26.863333333333333]]]}}, {"type": "Feature", "properties": {"product": "water_loss", "area_ha": 16.82}, "geometry": {"type": "Polygon", "coordinates": [[[93.8625, 26.869166666666665], [93.8625, 26.87], [93.86333333333333, 26.87], [93.86416666666666, 26.87], [93.865, 26.87], [93.865, 26.869166666666665], [93.865, 26.868333333333332], [93.86416666666666, 26.868333333333332], [93.86333333333333, 26.868333333333332], [93.8625, 26.868333333333332], [93.8625, 26.8675], [93.8625, 26.866666666666667], [93.86166666666666, 26.866666666666667], [93.86083333333333, 26.866666666666667], [93.86, 26.866666666666667], [93.85916666666667, 26.866666666666667], [93.85833333333333, 26.866666666666667], [93.85749999999999, 26.866666666666667], [93.85666666666665, 26.866666666666667], [93.85583333333332, 26.866666666666667], [93.85583333333332, 26.8675], [93.85666666666665, 26.8675], [93.85749999999999, 26.8675], [93.85749999999999, 26.868333333333332], [93.85833333333333, 26.868333333333332], [93.85916666666667, 26.868333333333332], [93.86, 26.868333333333332], [93.86083333333333, 26.868333333333332], [93.86083333333333, 26.869166666666665], [93.86166666666666, 26.869166666666665], [93.8625, 26.869166666666665]]]}}, {"type": "Feature", "properties": {"product": "water_loss", "area_ha": 6.88}, "geometry": {"type": "Polygon", "coordinates": [[[93.85249999999999, 26.870833333333334], [93.85249999999999, 26.871666666666666], [93.85249999999999, 26.8725], [93.85249999999999, 26.873333333333335], [93.85333333333332, 26.873333333333335], [93.85333333333332, 26.8725], [93.85416666666666, 26.8725], [93.85416666666666, 26.871666666666666], [93.85499999999999, 26.871666666666666], [93.85499999999999, 26.870833333333334], [93.85499999999999, 26.87], [93.85499999999999, 26.869166666666665], [93.85416666666666, 26.869166666666665], [93.85416666666666, 26.87], [93.85333333333332, 26.87], [93.85333333333332, 26.870833333333334], [93.85249999999999, 26.870833333333334]]]}}, {"type": "Feature", "properties": {"product": "water_loss", "area_ha": 6.11}, "geometry": {"type": "Polygon", "coordinates": [[[93.86, 26.905], [93.86083333333333, 26.905], [93.86083333333333, 26.904166666666665], [93.86, 26.904166666666665], [93.86, 26.903333333333332], [93.86083333333333, 26.903333333333332], [93.86083333333333, 26.9025], [93.86, 26.9025], [93.85916666666667, 26.9025], [93.85916666666667, 26.903333333333332], [93.85833333333333, 26.903333333333332], [93.85833333333333, 26.904166666666665], [93.85749999999999, 26.904166666666665], [93.85749999999999, 26.905], [93.85833333333333, 26.905], [93.85916666666667, 26.905], [93.86, 26.905]]]}}, {"type": "Feature", "properties": {"product": "water_loss", "area_ha": 17.55}, "geometry": {"type": "Polygon", "coordinates": [[[93.86, 27.091666666666665], [93.85916666666667, 27.091666666666665], [93.85916666666667, 27.0925], [93.85833333333333, 27.0925], [93.85833333333333, 27.093333333333334], [93.85916666666667, 27.093333333333334], [93.85916666666667, 27.094166666666666], [93.85833333333333, 27.094166666666666], [93.85833333333333, 27.095], [93.85916666666667, 27.095], [93.86, 27.095], [93.86, 27.094166666666666], [93.86, 27.093333333333334], [93.86, 27.0925], [93.86083333333333, 27.0925], [93.86166666666666, 27.0925], [93.86166666666666, 27.091666666666665], [93.86166666666666, 27.090833333333332], [93.8625, 27.090833333333332], [93.8625, 27.09], [93.86333333333333, 27.09], [93.86416666666666, 27.09], [93.86416666666666, 27.089166666666667], [93.865, 27.089166666666667], [93.86583333333333, 27.089166666666667], [93.86666666666666, 27.089166666666667], [93.86666666666666, 27.088333333333335], [93.86749999999999, 27.088333333333335], [93.86833333333333, 27.088333333333335], [93.86833333333333, 27.0875], [93.86749999999999, 27.0875], [93.86666666666666, 27.0875], [93.86583333333333, 27.0875], [93.86583333333333, 27.088333333333335], [93.865, 27.088333333333335], [93.86416666666666, 27.088333333333335], [93.86333333333333, 27.088333333333335], [93.8625, 27.088333333333335], [93.8625, 27.089166666666667], [93.86166666666666, 27.089166666666667], [93.86166666666666, 27.09], [93.86083333333333, 27.09], [93.86083333333333, 27.090833333333332], [93.86, 27.090833333333332], [93.86, 27.091666666666665]]]}}, {"type": "Feature", "properties": {"product": "water_loss", "area_ha": 154.46}, "geometry": {"type": "Polygon", "coordinates": [[[93.86916666666666, 26.8575], [93.86833333333333, 26.8575], [93.86749999999999, 26.8575], [93.86666666666666, 26.8575], [93.86583333333333, 26.8575], [93.86583333333333, 26.856666666666666], [93.865, 26.856666666666666], [93.865, 26.8575], [93.86416666666666, 26.8575], [93.86416666666666, 26.858333333333334], [93.86333333333333, 26.858333333333334], [93.8625, 26.858333333333334], [93.8625, 26.859166666666667], [93.86166666666666, 26.859166666666667], [93.86166666666666, 26.86], [93.8625, 26.86], [93.8625, 26.860833333333332], [93.8625, 26.861666666666668], [93.86333333333333, 26.861666666666668], [93.86333333333333, 26.8625], [93.86333333333333, 26.863333333333333], [93.86333333333333, 26.864166666666666], [93.86416666666666, 26.864166666666666], [93.865, 26.864166666666666], [93.86583333333333, 26.864166666666666], [93.86583333333333, 26.865], [93.86583333333333, 26.865833333333335], [93.86666666666666, 26.865833333333335], [93.86666666666666, 26.866666666666667], [93.86749999999999, 26.866666666666667], [93.86833333333333, 26.866666666666667], [93.86833333333333, 26.8675], [93.86916666666666, 26.8675], [93.86916666666666, 26.868333333333332], [93.86999999999999, 26.868333333333332], [93.86999999999999, 26.869166666666665], [93.87083333333332, 26.869166666666665], [93.87083333333332, 26.868333333333332], [93.87083333333332, 26.8675], [93.87083333333332, 26.866666666666667], [93.86999999999999, 26.866666666666667], [93.86999999999999, 26.865833333333335], [93.86999999999999, 26.865], [93.87083333333332, 26.865], [93.87166666666666, 26.865], [93.87166666666666, 26.865833333333335], [93.87249999999999, 26.865833333333335], [93.87333333333332, 26.865833333333335], [93.87333333333332, 26.866666666666667], [93.87416666666667, 26.866666666666667], [93.875, 26.866666666666667], [93.87583333333333, 26.866666666666667], [93.87583333333333, 26.8675], [93.875, 26.8675], [93.87416666666667, 26.8675], [93.87416666666667, 26.868333333333332], [93.875, 26.868333333333332], [93.875, 26.869166666666665], [93.87583333333333, 26.869166666666665], [93.87666666666667, 26.869166666666665], [93.87666666666667, 26.868333333333332], [93.87666666666667, 26.8675], [93.8775, 26.8675], [93.87833333333333, 26.8675], [93.87916666666666, 26.8675], [93.88, 26.8675], [93.88, 26.866666666666667], [93.88083333333333, 26.866666666666667], [93.88083333333333, 26.865833333333335], [93.88, 26.865833333333335], [93.87916666666666, 26.865833333333335], [93.87916666666666, 26.865], [93.87833333333333, 26.865], [93.87833333333333, 26.864166666666666], [93.87916666666666, 26.864166666666666], [93.87916666666666, 26.863333333333333], [93.88, 26.863333333333333], [93.88, 26.8625], [93.88, 26.861666666666668], [93.88, 26.860833333333332], [93.87916666666666, 26.860833333333332], [93.87833333333333, 26.860833333333332], [93.8775, 26.860833333333332], [93.87666666666667, 26.860833333333332], [93.87583333333333, 26.860833333333332], [93.87583333333333, 26.86], [93.87666666666667, 26.86], [93.87666666666667, 26.859166666666667], [93.87666666666667, 26.858333333333334], [93.87583333333333, 26.858333333333334], [93.875, 26.858333333333334], [93.87416666666667, 26.858333333333334], [93.87333333333332, 26.858333333333334], [93.87333333333332, 26.8575], [93.87416666666667, 26.8575], [93.87416666666667, 26.856666666666666], [93.87333333333332, 26.856666666666666], [93.87333333333332, 26.855833333333333], [93.87249999999999, 26.855833333333333], [93.87166666666666, 26.855833333333333], [93.87083333333332, 26.855833333333333], [93.86999999999999, 26.855833333333333], [93.86999999999999, 26.856666666666666], [93.87083333333332, 26.856666666666666], [93.87166666666666, 26.856666666666666], [93.87166666666666, 26.8575], [93.87083333333332, 26.8575], [93.86999999999999, 26.8575], [93.86916666666666, 26.8575]], [[93.86916666666666, 26.865], [93.86916666666666, 26.864166666666666], [93.86999999999999, 26.864166666666666], [93.86999999999999, 26.865], [93.86916666666666, 26.865]], [[93.86833333333333, 26.861666666666668], [93.86916666666666, 26.861666666666668], [93.86916666666666, 26.8625], [93.86833333333333, 26.8625], [93.86833333333333, 26.861666666666668]], [[93.86666666666666, 26.859166666666667], [93.86749999999999, 26.859166666666667], [93.86833333333333, 26.859166666666667], [93.86833333333333, 26.86], [93.86749999999999, 26.86], [93.86666666666666, 26.86], [93.86666666666666, 26.859166666666667]], [[93.87333333333332, 26.86], [93.87333333333332, 26.859166666666667], [93.87416666666667, 26.859166666666667], [93.87416666666667, 26.86], [93.87333333333332, 26.86]], [[93.875, 26.86], [93.875, 26.860833333333332], [93.87416666666667, 26.860833333333332], [93.87416666666667, 26.86], [93.875, 26.86]]]}}, {"type": "Feature", "properties": {"product": "water_loss", "area_ha": 16.05}, "geometry": {"type": "Polygon", "coordinates": [[[93.86749999999999, 26.8925], [93.86833333333333, 26.8925], [93.86833333333333, 26.893333333333334], [93.86833333333333, 26.894166666666667], [93.86916666666666, 26.894166666666667], [93.86999999999999, 26.894166666666667], [93.86999999999999, 26.893333333333334], [93.87083333333332, 26.893333333333334], [93.87083333333332, 26.8925], [93.87166666666666, 26.8925], [93.87166666666666, 26.893333333333334], [93.87249999999999, 26.893333333333334], [93.87333333333332, 26.893333333333334], [93.87416666666667, 26.893333333333334], [93.87416666666667, 26.8925], [93.87416666666667, 26.891666666666666], [93.87333333333332, 26.891666666666666], [93.87333333333332, 26.890833333333333], [93.87249999999999, 26.890833333333333], [93.87166666666666, 26.890833333333333], [93.87083333333332, 26.890833333333333], [93.86999999999999, 26.890833333333333], [93.86916666666666, 26.890833333333333], [93.86916666666666, 26.891666666666666], [93.86833333333333, 26.891666666666666], [93.86749999999999, 26.891666666666666], [93.86749999999999, 26.8925]]]}}, {"type": "Feature", "properties": {"product": "water_loss", "area_ha": 9.17}, "geometry": {"type": "Polygon", "coordinates": [[[93.8625, 26.894166666666667], [93.86333333333333, 26.894166666666667], [93.86416666666666, 26.894166666666667], [93.865, 26.894166666666667], [93.86583333333333, 26.894166666666667], [93.86583333333333, 26.895], [93.86666666666666, 26.895], [93.86749999999999, 26.895], [93.86749999999999, 26.894166666666667], [93.86749999999999, 26.893333333333334], [93.86749999999999, 26.8925], [93.86666666666666, 26.8925], [93.86666666666666, 26.891666666666666], [93.86583333333333, 26.891666666666666], [93.86583333333333, 26.8925], [93.865, 26.8925], [93.865, 26.893333333333334], [93.86416666666666, 26.893333333333334], [93.86333333333333, 26.893333333333334], [93.8625, 26.893333333333334], [93.8625, 26.894166666666667]]]}}, {"type": "Feature", "properties": {"product": "water_loss", "area_ha": 6.87}, "geometry": {"type": "Polygon", "coordinates": [[[93.87416666666667, 27.085833333333333], [93.875, 27.085833333333333], [93.875, 27.085], [93.87583333333333, 27.085], [93.87666666666667, 27.085], [93.8775, 27.085], [93.87833333333333, 27.085], [93.87916666666666, 27.085], [93.87916666666666, 27.08416666666667], [93.87833333333333, 27.08416666666667], [93.8775, 27.08416666666667], [93.87666666666667, 27.08416666666667], [93.87583333333333, 27.08416666666667], [93.875, 27.08416666666667], [93.87416666666667, 27.08416666666667], [93.87416666666667, 27.085], [93.87333333333332, 27.085], [93.87249999999999, 27.085], [93.87249999999999, 27.085833333333333], [93.87333333333332, 27.085833333333333], [93.87416666666667, 27.085833333333333]]]}}, {"type": "Feature", "properties": {"product": "water_loss", "area_ha": 10.7}, "geometry": {"type": "Polygon", "coordinates": [[[93.87416666666667, 26.890833333333333], [93.87416666666667, 26.891666666666666], [93.875, 26.891666666666666], [93.87583333333333, 26.891666666666666], [93.87583333333333, 26.8925], [93.87666666666667, 26.8925], [93.8775, 26.8925], [93.8775, 26.893333333333334], [93.87833333333333, 26.893333333333334], [93.87916666666666, 26.893333333333334], [93.88, 26.893333333333334], [93.88, 26.8925], [93.88, 26.891666666666666], [93.87916666666666, 26.891666666666666], [93.87916666666666, 26.890833333333333], [93.87833333333333, 26.890833333333333], [93.8775, 26.890833333333333], [93.87666666666667, 26.890833333333333], [93.87583333333333, 26.890833333333333], [93.875, 26.890833333333333], [93.87416666666667, 26.890833333333333]]]}}, {"type": "Feature", "properties": {"product": "water_loss", "area_ha": 6.88}, "geometry": {"type": "Polygon", "coordinates": [[[93.88916666666667, 26.9125], [93.88916666666667, 26.911666666666665], [93.89, 26.911666666666665], [93.89, 26.910833333333333], [93.89, 26.91], [93.89, 26.909166666666668], [93.89, 26.908333333333335], [93.88916666666667, 26.908333333333335], [93.88833333333332, 26.908333333333335], [93.88833333333332, 26.909166666666668], [93.88833333333332, 26.91], [93.88833333333332, 26.910833333333333], [93.88833333333332, 26.911666666666665], [93.88833333333332, 26.9125], [93.88916666666667, 26.9125]]]}}, {"type": "Feature", "properties": {"product": "water_loss", "area_ha": 6.11}, "geometry": {"type": "Polygon", "coordinates": [[[93.88, 27.085833333333333], [93.88083333333333, 27.085833333333333], [93.88083333333333, 27.086666666666666], [93.88166666666666, 27.086666666666666], [93.88166666666666, 27.085833333333333], [93.8825, 27.085833333333333], [93.8825, 27.085], [93.88333333333333, 27.085], [93.88416666666666, 27.085], [93.88499999999999, 27.085], [93.88499999999999, 27.08416666666667], [93.88416666666666, 27.08416666666667], [93.88333333333333, 27.08416666666667], [93.8825, 27.08416666666667], [93.88166666666666, 27.08416666666667], [93.88166666666666, 27.085], [93.88083333333333, 27.085], [93.88, 27.085], [93.88, 27.085833333333333]]]}}, {"type": "Feature", "properties": {"product": "water_loss", "area_ha": 16.03}, "geometry": {"type": "Polygon", "coordinates": [[[93.88416666666666, 27.086666666666666], [93.88416666666666, 27.0875], [93.88499999999999, 27.0875], [93.88583333333332, 27.0875], [93.88666666666666, 27.0875], [93.88749999999999, 27.0875], [93.88833333333332, 27.0875], [93.88833333333332, 27.086666666666666], [93.88916666666667, 27.086666666666666], [93.89, 27.086666666666666], [93.89083333333333, 27.086666666666666], [93.89083333333333, 27.085833333333333], [93.89166666666667, 27.085833333333333], [93.89166666666667, 27.086666666666666], [93.8925, 27.086666666666666], [93.8925, 27.085833333333333], [93.89333333333333, 27.085833333333333], [93.89416666666666, 27.085833333333333], [93.89416666666666, 27.085], [93.89333333333333, 27.085], [93.8925, 27.085], [93.89166666666667, 27.085], [93.89083333333333, 27.085], [93.89, 27.085], [93.88916666666667, 27.085], [93.88916666666667, 27.085833333333333], [93.88833333333332, 27.085833333333333], [93.88833333333332, 27.085], [93.88749999999999, 27.085], [93.88666666666666, 27.085], [93.88583333333332, 27.085], [93.88583333333332, 27.085833333333333], [93.88666666666666, 27.085833333333333], [93.88666666666666, 27.086666666666666], [93.88583333333332, 27.086666666666666], [93.88499999999999, 27.086666666666666], [93.88499999999999, 27.085833333333333], [93.88416666666666, 27.085833333333333], [93.88416666666666, 27.086666666666666]]]}}, {"type": "Feature", "properties": {"product": "water_loss", "area_ha": 134.59}, "geometry": {"type": "Polygon", "coordinates": [[[93.89916666666666, 26.8525], [93.89833333333333, 26.8525], [93.8975, 26.8525], [93.89666666666666, 26.8525], [93.89666666666666, 26.851666666666667], [93.89583333333333, 26.851666666666667], [93.895, 26.851666666666667], [93.89416666666666, 26.851666666666667], [93.89416666666666, 26.8525], [93.895, 26.8525], [93.895, 26.85333333333333], [93.89583333333333, 26.85333333333333], [93.89583333333333, 26.854166666666668], [93.89666666666666, 26.854166666666668], [93.89666666666666, 26.855], [93.8975, 26.855], [93.89833333333333, 26.855], [93.89833333333333, 26.855833333333333], [93.89916666666666, 26.855833333333333], [93.89916666666666, 26.856666666666666], [93.89999999999999, 26.856666666666666], [93.90083333333332, 26.856666666666666], [93.90083333333332, 26.8575], [93.90166666666666, 26.8575], [93.90249999999999, 26.8575], [93.90249999999999, 26.858333333333334], [93.90333333333332, 26.858333333333334], [93.90416666666665, 26.858333333333334], [93.905, 26.858333333333334], [93.905, 26.859166666666667], [93.90583333333333, 26.859166666666667], [93.90583333333333, 26.858333333333334], [93.90666666666667, 26.858333333333334], [93.90666666666667, 26.859166666666667], [93.9075, 26.859166666666667], [93.90833333333333, 26.859166666666667], [93.90916666666666, 26.859166666666667], [93.91, 26.859166666666667], [93.91083333333333, 26.859166666666667], [93.91166666666666, 26.859166666666667], [93.91166666666666, 26.86], [93.9125, 26.86], [93.91333333333333, 26.86], [93.91416666666666, 26.86], [93.91499999999999, 26.86], [93.91583333333332, 26.86], [93.91583333333332, 26.860833333333332], [93.91666666666666, 26.860833333333332], [93.91749999999999, 26.860833333333332], [93.91833333333332, 26.860833333333332], [93.91833333333332, 26.86], [93.91833333333332, 26.859166666666667], [93.91916666666665, 26.859166666666667], [93.91999999999999, 26.859166666666667], [93.91999999999999, 26.858333333333334], [93.92083333333333, 26.858333333333334], [93.92166666666667, 26.858333333333334], [93.92166666666667, 26.859166666666667], [93.9225, 26.859166666666667], [93.92333333333333, 26.859166666666667], [93.92333333333333, 26.858333333333334], [93.92416666666666, 26.858333333333334], [93.92416666666666, 26.8575], [93.92416666666666, 26.856666666666666], [93.92333333333333, 26.856666666666666], [93.9225, 26.856666666666666], [93.92166666666667, 26.856666666666666], [93.92166666666667, 26.855833333333333], [93.92083333333333, 26.855833333333333], [93.91999999999999, 26.855833333333333], [93.91916666666665, 26.855833333333333], [93.91916666666665, 26.855], [93.91833333333332, 26.855], [93.91749999999999, 26.855], [93.91749999999999, 26.855833333333333], [93.91666666666666, 26.855833333333333], [93.91583333333332, 26.855833333333333], [93.91583333333332, 26.856666666666666], [93.91499999999999, 26.856666666666666], [93.91416666666666, 26.856666666666666], [93.91333333333333, 26.856666666666666], [93.9125, 26.856666666666666], [93.9125, 26.855833333333333], [93.91166666666666, 26.855833333333333], [93.91166666666666, 26.855], [93.91166666666666, 26.854166666666668], [93.91083333333333, 26.854166666666668], [93.91, 26.854166666666668], [93.91, 26.85333333333333], [93.90916666666666, 26.85333333333333], [93.90833333333333, 26.85333333333333], [93.9075, 26.85333333333333], [93.90666666666667, 26.85333333333333], [93.90666666666667, 26.8525], [93.90583333333333, 26.8525], [93.905, 26.8525], [93.905, 26.851666666666667], [93.90416666666665, 26.851666666666667], [93.90333333333332, 26.851666666666667], [93.90333333333332, 26.8525], [93.90249999999999, 26.8525], [93.90166666666666, 26.8525], [93.90083333333332, 26.8525], [93.90083333333332, 26.85333333333333], [93.89999999999999, 26.85333333333333], [93.89916666666666, 26.85333333333333], [93.89916666666666, 26.8525]], [[93.92166666666667, 26.8575], [93.9225, 26.8575], [93.9225, 26.858333333333334], [93.92166666666667, 26.858333333333334], [93.92166666666667, 26.8575]]]}}, {"type": "Feature", "properties": {"product": "water_loss", "area_ha": 34.4}, "geometry": {"type": "Polygon", "coordinates": [[[93.90249999999999, 26.885], [93.90333333333332, 26.885], [93.90333333333332, 26.885833333333334], [93.90416666666665, 26.885833333333334], [93.905, 26.885833333333334], [93.90583333333333, 26.885833333333334], [93.90583333333333, 26.886666666666667], [93.90666666666667, 26.886666666666667], [93.9075, 26.886666666666667], [93.9075, 26.8875], [93.90833333333333, 26.8875], [93.90916666666666, 26.8875], [93.91, 26.8875], [93.91083333333333, 26.8875], [93.91083333333333, 26.886666666666667], [93.91083333333333, 26.885833333333334], [93.91, 26.885833333333334], [93.91, 26.885], [93.90916666666666, 26.885], [93.90916666666666, 26.884166666666665], [93.90833333333333, 26.884166666666665], [93.90833333333333, 26.883333333333333], [93.9075, 26.883333333333333], [93.90666666666667, 26.883333333333333], [93.90666666666667, 26.8825], [93.90583333333333, 26.8825], [93.905, 26.8825], [93.905, 26.881666666666668], [93.90416666666665, 26.881666666666668], [93.90333333333332, 26.881666666666668], [93.90333333333332, 26.88083333333333], [93.90249999999999, 26.88083333333333], [93.90166666666666, 26.88083333333333], [93.90166666666666, 26.881666666666668], [93.90083333333332, 26.881666666666668], [93.90083333333332, 26.8825], [93.90166666666666, 26.8825], [93.90249999999999, 26.8825], [93.90249999999999, 26.883333333333333], [93.90249999999999, 26.884166666666665], [93.90249999999999, 26.885]]]}}, {"type": "Feature", "properties": {"product": "water_loss", "area_ha": 9.94}, "geometry": {"type": "Polygon", "coordinates": [[[93.90666666666667, 26.923333333333332], [93.9075, 26.923333333333332], [93.90833333333333, 26.923333333333332], [93.90833333333333, 26.924166666666668], [93.90916666666666, 26.924166666666668], [93.91, 26.924166666666668], [93.91, 26.923333333333332], [93.91083333333333, 26.923333333333332], [93.91083333333333, 26.9225], [93.91, 26.9225], [93.90916666666666, 26.9225], [93.90916666666666, 26.921666666666667], [93.90833333333333, 26.921666666666667], [93.9075, 26.921666666666667], [93.90666666666667, 26.921666666666667], [93.90583333333333, 26.921666666666667], [93.905, 26.921666666666667], [93.90416666666665, 26.921666666666667], [93.90416666666665, 26.9225], [93.905, 26.9225], [93.90583333333333, 26.9225], [93.90666666666667, 26.9225], [93.90666666666667, 26.923333333333332]]]}}, {"type": "Feature", "properties": {"product": "water_loss", "area_ha": 70.98}, "geometry": {"type": "Polygon", "coordinates": [[[93.90166666666666, 27.0775], [93.90166666666666, 27.078333333333333], [93.90249999999999, 27.078333333333333], [93.90249999999999, 27.079166666666666], [93.90166666666666, 27.079166666666666], [93.90083333333332, 27.079166666666666], [93.90083333333332, 27.08], [93.90083333333332, 27.080833333333334], [93.90083333333332, 27.081666666666667], [93.90166666666666, 27.081666666666667], [93.90166666666666, 27.080833333333334], [93.90166666666666, 27.08], [93.90249999999999, 27.08], [93.90249999999999, 27.080833333333334], [93.90333333333332, 27.080833333333334], [93.90333333333332, 27.081666666666667], [93.90333333333332, 27.0825], [93.90416666666665, 27.0825], [93.90416666666665, 27.083333333333332], [93.905, 27.083333333333332], [93.905, 27.0825], [93.905, 27.081666666666667], [93.905, 27.080833333333334], [93.90583333333333, 27.080833333333334], [93.90583333333333, 27.08], [93.90666666666667, 27.08], [93.90666666666667, 27.079166666666666], [93.9075, 27.079166666666666], [93.9075, 27.078333333333333], [93.90833333333333, 27.078333333333333], [93.90833333333333, 27.0775], [93.90833333333333, 27.076666666666668], [93.90916666666666, 27.076666666666668], [93.90916666666666, 27.075833333333332], [93.91, 27.075833333333332], [93.91, 27.075], [93.91, 27.074166666666667], [93.91, 27.073333333333334], [93.91083333333333, 27.073333333333334], [93.91166666666666, 27.073333333333334], [93.91166666666666, 27.0725], [93.9125, 27.0725], [93.9125, 27.071666666666665], [93.9125, 27.070833333333333], [93.91333333333333, 27.070833333333333], [93.91333333333333, 27.07], [93.91416666666666, 27.07], [93.91416666666666, 27.070833333333333], [93.91499999999999, 27.070833333333333], [93.91583333333332, 27.070833333333333], [93.91583333333332, 27.07], [93.91499999999999, 27.07], [93.91499999999999, 27.069166666666668], [93.91583333333332, 27.069166666666668], [93.91583333333332, 27.06833333333333], [93.91583333333332, 27.0675], [93.91666666666666, 27.0675], [93.91749999999999, 27.0675], [93.91749999999999, 27.06833333333333], [93.91833333333332, 27.06833333333333], [93.91833333333332, 27.0675], [93.91916666666665, 27.0675], [93.91999999999999, 27.0675], [93.91999999999999, 27.066666666666666], [93.92083333333333, 27.066666666666666], [93.92166666666667, 27.066666666666666], [93.9225, 27.066666666666666], [93.9225, 27.065833333333334], [93.92166666666667, 27.065833333333334], [93.92083333333333, 27.065833333333334], [93.92083333333333, 27.065], [93.92083333333333, 27.064166666666665], [93.92083333333333, 27.063333333333333], [93.91999999999999, 27.063333333333333], [93.91999999999999, 27.064166666666665], [93.91916666666665, 27.064166666666665], [93.91916666666665, 27.065], [93.91833333333332, 27.065], [93.91833333333332, 27.065833333333334], [93.91749999999999, 27.065833333333334], [93.91749999999999, 27.066666666666666], [93.91666666666666, 27.066666666666666], [93.91666666666666, 27.065833333333334], [93.91666666666666, 27.065], [93.91749999999999, 27.065], [93.91749999999999, 27.064166666666665], [93.91749999999999, 27.063333333333333], [93.91666666666666, 27.063333333333333], [93.91666666666666, 27.064166666666665], [93.91583333333332, 27.064166666666665], [93.91583333333332, 27.065], [93.91499999999999, 27.065], [93.91499999999999, 27.065833333333334], [93.91499999999999, 27.066666666666666], [93.91499999999999, 27.0675], [93.91499999999999, 27.06833333333333], [93.91416666666666, 27.06833333333333], [93.91416666666666, 27.069166666666668], [93.91333333333333, 27.069166666666668], [93.91333333333333, 27.06833333333333], [93.9125, 27.06833333333333], [93.9125, 27.069166666666668], [93.91166666666666, 27.069166666666668], [93.91083333333333, 27.069166666666668], [93.91083333333333, 27.07], [93.91, 27.07], [93.91, 27.070833333333333], [93.91, 27.071666666666665], [93.91, 27.0725], [93.90916666666666, 27.0725], [93.90833333333333, 27.0725], [93.90833333333333, 27.073333333333334], [93.90916666666666, 27.073333333333334], [93.90916666666666, 27.074166666666667], [93.90833333333333, 27.074166666666667], [93.9075, 27.074166666666667], [93.9075, 27.075], [93.90833333333333, 27.075], [93.90833333333333, 27.075833333333332], [93.9075, 27.075833333333332], [93.9075, 27.076666666666668], [93.9075, 27.0775], [93.90666666666667, 27.0775], [93.90666666666667, 27.076666666666668], [93.90666666666667, 27.075833333333332], [93.90583333333333, 27.075833333333332], [93.90583333333333, 27.076666666666668], [93.905, 27.076666666666668], [93.905, 27.0775], [93.905, 27.078333333333333], [93.90416666666665, 27.078333333333333], [93.90416666666665, 27.0775], [93.90333333333332, 27.0775], [93.90249999999999, 27.0775], [93.90166666666666, 27.0775]], [[93.91166666666666, 27.07], [93.91166666666666, 27.070833333333333], [93.91083333333333, 27.070833333333333], [93.91083333333333, 27.07], [93.91166666666666, 27.07]]]}}, {"type": "Feature", "properties": {"product": "water_loss", "area_ha": 13.74}, "geometry": {"type": "Polygon", "coordinates": [[[93.89916666666666, 27.08416666666667], [93.89833333333333, 27.08416666666667], [93.8975, 27.08416666666667], [93.89666666666666, 27.08416666666667], [93.89583333333333, 27.08416666666667], [93.89583333333333, 27.085], [93.89666666666666, 27.085], [93.89666666666666, 27.085833333333333], [93.8975, 27.085833333333333], [93.89833333333333, 27.085833333333333], [93.89916666666666, 27.085833333333333], [93.89999999999999, 27.085833333333333], [93.89999999999999, 27.085], [93.90083333333332, 27.085], [93.90166666666666, 27.085], [93.90166666666666, 27.08416666666667], [93.90249999999999, 27.08416666666667], [93.90333333333332, 27.08416666666667], [93.90416666666665, 27.08416666666667], [93.90416666666665, 27.083333333333332], [93.90333333333332, 27.083333333333332], [93.90333333333332, 27.0825], [93.90249999999999, 27.0825], [93.90166666666666, 27.0825], [93.90166666666666, 27.083333333333332], [93.90083333333332, 27.083333333333332], [93.89999999999999, 27.083333333333332], [93.89999999999999, 27.08416666666667], [93.89916666666666, 27.08416666666667]]]}}, {"type": "Feature", "properties": {"product": "water_loss", "area_ha": 6.88}, "geometry": {"type": "Polygon", "coordinates": [[[93.91, 26.876666666666665], [93.91083333333333, 26.876666666666665], [93.91166666666666, 26.876666666666665], [93.9125, 26.876666666666665], [93.9125, 26.875833333333333], [93.91166666666666, 26.875833333333333], [93.91166666666666, 26.875], [93.91083333333333, 26.875], [93.91083333333333, 26.874166666666667], [93.91, 26.874166666666667], [93.90916666666666, 26.874166666666667], [93.90833333333333, 26.874166666666667], [93.90833333333333, 26.875], [93.90916666666666, 26.875], [93.90916666666666, 26.875833333333333], [93.91, 26.875833333333333], [93.91, 26.876666666666665]]]}}, {"type": "Feature", "properties": {"product": "water_loss", "area_ha": 10.7}, "geometry": {"type": "Polygon", "coordinates": [[[93.91749999999999, 26.9075], [93.91833333333332, 26.9075], [93.91833333333332, 26.906666666666666], [93.91916666666665, 26.906666666666666], [93.91999999999999, 26.906666666666666], [93.91999999999999, 26.905833333333334], [93.91916666666665, 26.905833333333334], [93.91833333333332, 26.905833333333334], [93.91749999999999, 26.905833333333334], [93.91749999999999, 26.906666666666666], [93.91666666666666, 26.906666666666666], [93.91666666666666, 26.9075], [93.91583333333332, 26.9075], [93.91499999999999, 26.9075], [93.91416666666666, 26.9075], [93.91333333333333, 26.9075], [93.9125, 26.9075], [93.91166666666666, 26.9075], [93.91083333333333, 26.9075], [93.91, 26.9075], [93.91, 26.908333333333335], [93.91083333333333, 26.908333333333335], [93.91166666666666, 26.908333333333335], [93.9125, 26.908333333333335], [93.91333333333333, 26.908333333333335], [93.91416666666666, 26.908333333333335], [93.91499999999999, 26.908333333333335], [93.91583333333332, 26.908333333333335], [93.91666666666666, 26.908333333333335], [93.91749999999999, 26.908333333333335], [93.91749999999999, 26.9075]]]}}, {"type": "Feature", "properties": {"product": "water_loss", "area_ha": 6.1}, "geometry": {"type": "Polygon", "coordinates": [[[93.91333333333333, 27.134166666666665], [93.91416666666666, 27.134166666666665], [93.91499999999999, 27.134166666666665], [93.91499999999999, 27.133333333333333], [93.91416666666666, 27.133333333333333], [93.91333333333333, 27.133333333333333], [93.91333333333333, 27.1325], [93.9125, 27.1325], [93.91166666666666, 27.1325], [93.91083333333333, 27.1325], [93.91083333333333, 27.133333333333333], [93.91083333333333, 27.134166666666665], [93.91166666666666, 27.134166666666665], [93.9125, 27.134166666666665], [93.91333333333333, 27.134166666666665]]]}}, {"type": "Feature", "properties": {"product": "water_loss", "area_ha": 7.65}, "geometry": {"type": "Polygon", "coordinates": [[[93.91749999999999, 26.865833333333335], [93.91833333333332, 26.865833333333335], [93.91916666666665, 26.865833333333335], [93.91999999999999, 26.865833333333335], [93.92083333333333, 26.865833333333335], [93.92166666666667, 26.865833333333335], [93.92166666666667, 26.865], [93.92083333333333, 26.865], [93.91999999999999, 26.865], [93.91916666666665, 26.865], [93.91916666666665, 26.864166666666666], [93.91833333333332, 26.864166666666666], [93.91749999999999, 26.864166666666666], [93.91666666666666, 26.864166666666666], [93.91583333333332, 26.864166666666666], [93.91583333333332, 26.865], [93.91666666666666, 26.865], [93.91666666666666, 26.865833333333335], [93.91749999999999, 26.865833333333335]]]}}, {"type": "Feature", "properties": {"product": "water_loss", "area_ha": 13.76}, "geometry": {"type": "Polygon", "coordinates": [[[93.91999999999999, 26.875], [93.91999999999999, 26.875833333333333], [93.92083333333333, 26.875833333333333], [93.92083333333333, 26.876666666666665], [93.92166666666667, 26.876666666666665], [93.9225, 26.876666666666665], [93.92333333333333, 26.876666666666665], [93.92416666666666, 26.876666666666665], [93.925, 26.876666666666665], [93.92583333333333, 26.876666666666665], [93.92666666666666, 26.876666666666665], [93.9275, 26.876666666666665], [93.9275, 26.875833333333333], [93.92666666666666, 26.875833333333333], [93.92583333333333, 26.875833333333333], [93.92583333333333, 26.875], [93.925, 26.875], [93.92416666666666, 26.875], [93.92416666666666, 26.874166666666667], [93.92333333333333, 26.874166666666667], [93.9225, 26.874166666666667], [93.92166666666667, 26.874166666666667], [93.92166666666667, 26.875], [93.92083333333333, 26.875], [93.91999999999999, 26.875]]]}}, {"type": "Feature", "properties": {"product": "water_loss", "area_ha": 16.05}, "geometry": {"type": "Polygon", "coordinates": [[[93.91999999999999, 26.905833333333334], [93.92083333333333, 26.905833333333334], [93.92083333333333, 26.906666666666666], [93.92166666666667, 26.906666666666666], [93.9225, 26.906666666666666], [93.92333333333333, 26.906666666666666], [93.92416666666666, 26.906666666666666], [93.92416666666666, 26.9075], [93.92416666666666, 26.908333333333335], [93.92416666666666, 26.909166666666668], [93.92333333333333, 26.909166666666668], [93.92333333333333, 26.91], [93.92333333333333, 26.910833333333333], [93.92333333333333, 26.911666666666665], [93.92333333333333, 26.9125], [93.92416666666666, 26.9125], [93.92416666666666, 26.913333333333334], [93.925, 26.913333333333334], [93.925, 26.9125], [93.925, 26.911666666666665], [93.92416666666666, 26.911666666666665], [93.92416666666666, 26.910833333333333], [93.92416666666666, 26.91], [93.925, 26.91], [93.925, 26.909166666666668], [93.92583333333333, 26.909166666666668], [93.92583333333333, 26.908333333333335], [93.92583333333333, 26.9075], [93.925, 26.9075], [93.925, 26.906666666666666], [93.925, 26.905833333333334], [93.92416666666666, 26.905833333333334], [93.92416666666666, 26.905], [93.92333333333333, 26.905], [93.92333333333333, 26.905833333333334], [93.9225, 26.905833333333334], [93.9225, 26.905], [93.92166666666667, 26.905], [93.92083333333333, 26.905], [93.91999999999999, 26.905], [93.91999999999999, 26.905833333333334]]]}}, {"type": "Feature", "properties": {"product": "water_loss", "area_ha": 22.15}, "geometry": {"type": "Polygon", "coordinates": [[[93.925, 27.0175], [93.92583333333333, 27.0175], [93.92583333333333, 27.018333333333334], [93.92583333333333, 27.019166666666667], [93.92666666666666, 27.019166666666667], [93.9275, 27.019166666666667], [93.9275, 27.018333333333334], [93.92666666666666, 27.018333333333334], [93.92666666666666, 27.0175], [93.92666666666666, 27.016666666666666], [93.92666666666666, 27.015833333333333], [93.92666666666666, 27.015], [93.92666666666666, 27.014166666666668], [93.9275, 27.014166666666668], [93.9275, 27.015], [93.92833333333333, 27.015], [93.92833333333333, 27.014166666666668], [93.92833333333333, 27.013333333333332], [93.92833333333333, 27.0125], [93.92833333333333, 27.011666666666667], [93.92833333333333, 27.010833333333334], [93.92916666666666, 27.010833333333334], [93.92916666666666, 27.01], [93.92916666666666, 27.009166666666665], [93.92833333333333, 27.009166666666665], [93.92833333333333, 27.01], [93.9275, 27.01], [93.9275, 27.010833333333334], [93.9275, 27.011666666666667], [93.92666666666666, 27.011666666666667], [93.92666666666666, 27.0125], [93.92666666666666, 27.013333333333332], [93.92583333333333, 27.013333333333332], [93.92583333333333, 27.0125], [93.925, 27.0125], [93.92416666666666, 27.0125], [93.92416666666666, 27.013333333333332], [93.92416666666666, 27.014166666666668], [93.92416666666666, 27.015], [93.92416666666666, 27.015833333333333], [93.925, 27.015833333333333], [93.925, 27.016666666666666], [93.925, 27.0175]]]}}, {"type": "Feature", "properties": {"product": "water_loss", "area_ha": 12.98}, "geometry": {"type": "Polygon", "coordinates": [[[93.92833333333333, 27.045833333333334], [93.92833333333333, 27.045], [93.92916666666666, 27.045], [93.92916666666666, 27.044166666666666], [93.92833333333333, 27.044166666666666], [93.92833333333333, 27.043333333333333], [93.92833333333333, 27.0425], [93.9275, 27.0425], [93.9275, 27.043333333333333], [93.9275, 27.044166666666666], [93.92666666666666, 27.044166666666666], [93.92666666666666, 27.045], [93.92583333333333, 27.045], [93.92583333333333, 27.045833333333334], [93.92583333333333, 27.046666666666667], [93.925, 27.046666666666667], [93.925, 27.0475], [93.925, 27.048333333333332], [93.925, 27.049166666666668], [93.92583333333333, 27.049166666666668], [93.92666666666666, 27.049166666666668], [93.92666666666666, 27.048333333333332], [93.9275, 27.048333333333332], [93.9275, 27.0475], [93.92666666666666, 27.0475], [93.92666666666666, 27.046666666666667], [93.9275, 27.046666666666667], [93.9275, 27.045833333333334], [93.92833333333333, 27.045833333333334]]]}}, {"type": "Feature", "properties": {"product": "water_loss", "area_ha": 10.69}, "geometry": {"type": "Polygon", "coordinates": [[[93.925, 27.055], [93.92583333333333, 27.055], [93.92583333333333, 27.054166666666667], [93.92666666666666, 27.054166666666667], [93.9275, 27.054166666666667], [93.9275, 27.053333333333335], [93.9275, 27.0525], [93.9275, 27.051666666666666], [93.92833333333333, 27.051666666666666], [93.92833333333333, 27.050833333333333], [93.92833333333333, 27.05], [93.92833333333333, 27.049166666666668], [93.9275, 27.049166666666668], [93.9275, 27.05], [93.92666666666666, 27.05], [93.92666666666666, 27.050833333333333], [93.92666666666666, 27.051666666666666], [93.92583333333333, 27.051666666666666], [93.92583333333333, 27.0525], [93.925, 27.0525], [93.925, 27.053333333333335], [93.925, 27.054166666666667], [93.925, 27.055]]]}}, {"type": "Feature", "properties": {"product": "water_loss", "area_ha": 24.43}, "geometry": {"type": "Polygon", "coordinates": [[[93.92166666666667, 27.058333333333334], [93.92166666666667, 27.059166666666666], [93.92083333333333, 27.059166666666666], [93.92083333333333, 27.06], [93.92083333333333, 27.060833333333335], [93.92166666666667, 27.060833333333335], [93.9225, 27.060833333333335], [93.92333333333333, 27.060833333333335], [93.92333333333333, 27.061666666666667], [93.92416666666666, 27.061666666666667], [93.925, 27.061666666666667], [93.925, 27.0625], [93.92583333333333, 27.0625], [93.92583333333333, 27.061666666666667], [93.92583333333333, 27.060833333333335], [93.92583333333333, 27.06], [93.92583333333333, 27.059166666666666], [93.92583333333333, 27.058333333333334], [93.925, 27.058333333333334], [93.925, 27.0575], [93.925, 27.056666666666665], [93.92583333333333, 27.056666666666665], [93.92583333333333, 27.0575], [93.92666666666666, 27.0575], [93.92666666666666, 27.056666666666665], [93.92666666666666, 27.055833333333332], [93.92666666666666, 27.055], [93.92583333333333, 27.055], [93.92583333333333, 27.055833333333332], [93.925, 27.055833333333332], [93.92416666666666, 27.055833333333332], [93.92333333333333, 27.055833333333332], [93.92333333333333, 27.056666666666665], [93.9225, 27.056666666666665], [93.9225, 27.0575], [93.92166666666667, 27.0575], [93.92166666666667, 27.058333333333334]], [[93.925, 27.059166666666666], [93.925, 27.06], [93.92416666666666, 27.06], [93.92416666666666, 27.059166666666666], [93.92416666666666, 27.058333333333334], [93.925, 27.058333333333334], [93.925, 27.059166666666666]]]}}, {"type": "Feature", "properties": {"product": "water_loss", "area_ha": 68.06}, "geometry": {"type": "Polygon", "coordinates": [[[93.92916666666666, 26.854166666666668], [93.92916666666666, 26.85333333333333], [93.92999999999999, 26.85333333333333], [93.92999999999999, 26.854166666666668], [93.93083333333333, 26.854166666666668], [93.93166666666666, 26.854166666666668], [93.93249999999999, 26.854166666666668], [93.93333333333332, 26.854166666666668], [93.93416666666666, 26.854166666666668], [93.93416666666666, 26.855], [93.93416666666666, 26.855833333333333], [93.93499999999999, 26.855833333333333], [93.93583333333332, 26.855833333333333], [93.93583333333332, 26.856666666666666], [93.93666666666667, 26.856666666666666], [93.9375, 26.856666666666666], [93.9375, 26.8575], [93.93833333333333, 26.8575], [93.93916666666667, 26.8575], [93.94, 26.8575], [93.94083333333333, 26.8575], [93.94166666666666, 26.8575], [93.94166666666666, 26.858333333333334], [93.9425, 26.858333333333334], [93.94333333333333, 26.858333333333334], [93.94416666666666, 26.858333333333334], [93.945, 26.858333333333334], [93.94583333333333, 26.858333333333334], [93.94666666666666, 26.858333333333334], [93.94749999999999, 26.858333333333334], [93.94749999999999, 26.859166666666667], [93.94833333333332, 26.859166666666667], [93.94833333333332, 26.858333333333334], [93.94833333333332, 26.8575], [93.94916666666666, 26.8575], [93.94916666666666, 26.856666666666666], [93.94916666666666, 26.855833333333333], [93.94916666666666, 26.855], [93.94833333333332, 26.855], [93.94749999999999, 26.855], [93.94749999999999, 26.854166666666668], [93.94666666666666, 26.854166666666668], [93.94666666666666, 26.855], [93.94583333333333, 26.855], [93.945, 26.855], [93.94416666666666, 26.855], [93.94333333333333, 26.855], [93.9425, 26.855], [93.94166666666666, 26.855], [93.94083333333333, 26.855], [93.94, 26.855], [93.93916666666667, 26.855], [93.93833333333333, 26.855], [93.93833333333333, 26.854166666666668], [93.9375, 26.854166666666668], [93.93666666666667, 26.854166666666668], [93.93583333333332, 26.854166666666668], [93.93583333333332, 26.85333333333333], [93.93499999999999, 26.85333333333333], [93.93416666666666, 26.85333333333333], [93.93416666666666, 26.8525], [93.93333333333332, 26.8525], [93.93249999999999, 26.8525], [93.93249999999999, 26.851666666666667], [93.93166666666666, 26.851666666666667], [93.93083333333333, 26.851666666666667], [93.92999999999999, 26.851666666666667], [93.92916666666666, 26.851666666666667], [93.92833333333333, 26.851666666666667], [93.92833333333333, 26.850833333333334], [93.92833333333333, 26.85], [93.9275, 26.85], [93.92666666666666, 26.85], [93.92666666666666, 26.850833333333334], [93.92666666666666, 26.851666666666667], [93.92666666666666, 26.8525], [93.9275, 26.8525], [93.9275, 26.85333333333333], [93.9275, 26.854166666666668], [93.92833333333333, 26.854166666666668], [93.92916666666666, 26.854166666666668]], [[93.93249999999999, 26.85333333333333], [93.93166666666666, 26.85333333333333], [93.93083333333333, 26.85333333333333], [93.93083333333333, 26.8525], [93.93166666666666, 26.8525], [93.93249999999999, 26.8525], [93.93249999999999, 26.85333333333333]]]}}, {"type": "Feature", "properties": {"product": "water_loss", "area_ha": 14.52}, "geometry": {"type": "Polygon", "coordinates": [[[93.93249999999999, 26.909166666666668], [93.93249999999999, 26.91], [93.93333333333332, 26.91], [93.93333333333332, 26.910833333333333], [93.93416666666666, 26.910833333333333], [93.93416666666666, 26.911666666666665], [93.93499999999999, 26.911666666666665], [93.93499999999999, 26.910833333333333], [93.93499999999999, 26.91], [93.93416666666666, 26.91], [93.93416666666666, 26.909166666666668], [93.93333333333332, 26.909166666666668], [93.93333333333332, 26.908333333333335], [93.93416666666666, 26.908333333333335], [93.93416666666666, 26.9075], [93.93416666666666, 26.906666666666666], [93.93416666666666, 26.905833333333334], [93.93333333333332, 26.905833333333334], [93.93333333333332, 26.905], [93.93249999999999, 26.905], [93.93166666666666, 26.905], [93.93083333333333, 26.905], [93.93083333333333, 26.905833333333334], [93.93166666666666, 26.905833333333334], [93.93166666666666, 26.906666666666666], [93.93166666666666, 26.9075], [93.93166666666666, 26.908333333333335], [93.93166666666666, 26.909166666666668], [93.93249999999999, 26.909166666666668]]]}}, {"type": "Feature", "properties": {"product": "water_loss", "area_ha": 99.35}, "geometry": {"type": "Polygon", "coordinates": [[[93.93166666666666, 26.9175], [93.93166666666666, 26.916666666666668], [93.93083333333333, 26.916666666666668], [93.92999999999999, 26.916666666666668], [93.92916666666666, 26.916666666666668], [93.92833333333333, 26.916666666666668], [93.92833333333333, 26.9175], [93.92916666666666, 26.9175], [93.92916666666666, 26.918333333333333], [93.92999999999999, 26.918333333333333], [93.93083333333333, 26.918333333333333], [93.93166666666666, 26.918333333333333], [93.93249999999999, 26.918333333333333], [93.93249999999999, 26.919166666666666], [93.93333333333332, 26.919166666666666], [93.93333333333332, 26.92], [93.93333333333332, 26.920833333333334], [93.93416666666666, 26.920833333333334], [93.93416666666666, 26.921666666666667], [93.93499999999999, 26.921666666666667], [93.93499999999999, 26.9225], [93.93499999999999, 26.923333333333332], [93.93583333333332, 26.923333333333332], [93.93583333333332, 26.924166666666668], [93.93666666666667, 26.924166666666668], [93.93666666666667, 26.925], [93.9375, 26.925], [93.9375, 26.925833333333333], [93.93833333333333, 26.925833333333333], [93.93833333333333, 26.926666666666666], [93.93916666666667, 26.926666666666666], [93.93916666666667, 26.9275], [93.94, 26.9275], [93.94083333333333, 26.9275], [93.94083333333333, 26.928333333333335], [93.94166666666666, 26.928333333333335], [93.94166666666666, 26.929166666666667], [93.9425, 26.929166666666667], [93.94333333333333, 26.929166666666667], [93.94333333333333, 26.928333333333335], [93.94333333333333, 26.9275], [93.9425, 26.9275], [93.9425, 26.926666666666666], [93.94166666666666, 26.926666666666666], [93.94166666666666, 26.925833333333333], [93.94166666666666, 26.925], [93.94083333333333, 26.925], [93.94083333333333, 26.924166666666668], [93.94083333333333, 26.923333333333332], [93.94, 26.923333333333332], [93.94, 26.9225], [93.94, 26.921666666666667], [93.94, 26.920833333333334], [93.94083333333333, 26.920833333333334], [93.94083333333333, 26.92], [93.94, 26.92], [93.94, 26.919166666666666], [93.94, 26.918333333333333], [93.94, 26.9175], [93.93916666666667, 26.9175], [93.93916666666667, 26.916666666666668], [93.93916666666667, 26.91583333333333], [93.93833333333333, 26.91583333333333], [93.93833333333333, 26.915], [93.93833333333333, 26.914166666666667], [93.9375, 26.914166666666667], [93.93666666666667, 26.914166666666667], [93.93666666666667, 26.913333333333334], [93.93583333333332, 26.913333333333334], [93.93583333333332, 26.9125], [93.93499999999999, 26.9125], [93.93416666666666, 26.9125], [93.93333333333332, 26.9125], [93.93333333333332, 26.911666666666665], [93.93333333333332, 26.910833333333333], [93.93249999999999, 26.910833333333333], [93.93249999999999, 26.911666666666665], [93.93249999999999, 26.9125], [93.93249999999999, 26.913333333333334], [93.93249999999999, 26.914166666666667], [93.93249999999999, 26.915], [93.93249999999999, 26.91583333333333], [93.93249999999999, 26.916666666666668], [93.93249999999999, 26.9175], [93.93166666666666, 26.9175]], [[93.93666666666667, 26.919166666666666], [93.9375, 26.919166666666666], [93.9375, 26.92], [93.93666666666667, 26.92], [93.93666666666667, 26.919166666666666]], [[93.93583333333332, 26.919166666666666], [93.93583333333332, 26.918333333333333], [93.93666666666667, 26.918333333333333], [93.93666666666667, 26.919166666666666], [93.93583333333332, 26.919166666666666]]]}}, {"type": "Feature", "properties": {"product": "water_loss", "area_ha": 9.17}, "geometry": {"type": "Polygon", "coordinates": [[[93.93166666666666, 26.926666666666666], [93.93166666666666, 26.9275], [93.93083333333333, 26.9275], [93.93083333333333, 26.928333333333335], [93.93166666666666, 26.928333333333335], [93.93249999999999, 26.928333333333335], [93.93333333333332, 26.928333333333335], [93.93333333333332, 26.9275], [93.93416666666666, 26.9275], [93.93416666666666, 26.928333333333335], [93.93499999999999, 26.928333333333335], [93.93499999999999, 26.929166666666667], [93.93583333333332, 26.929166666666667], [93.93666666666667, 26.929166666666667], [93.93666666666667, 26.928333333333335], [93.93583333333332, 26.928333333333335], [93.93583333333332, 26.9275], [93.93583333333332, 26.926666666666666], [93.93499999999999, 26.926666666666666], [93.93416666666666, 26.926666666666666], [93.93333333333332, 26.926666666666666], [93.93249999999999, 26.926666666666666], [93.93166666666666, 26.926666666666666]]]}}, {"type": "Feature", "properties": {"product": "water_loss", "area_ha": 9.16}, "geometry": {"type": "Polygon", "coordinates": [[[93.92999999999999, 27.004166666666666], [93.93083333333333, 27.004166666666666], [93.93083333333333, 27.003333333333334], [93.93083333333333, 27.0025], [93.93166666666666, 27.0025], [93.93166666666666, 27.001666666666665], [93.93249999999999, 27.001666666666665], [93.93333333333332, 27.001666666666665], [93.93333333333332, 27.000833333333333], [93.93333333333332, 27.0], [93.93249999999999, 27.0], [93.93249999999999, 27.000833333333333], [93.93166666666666, 27.000833333333333], [93.93166666666666, 27.0], [93.93083333333333, 27.0], [93.92999999999999, 27.0], [93.92999999999999, 27.000833333333333], [93.92999999999999, 27.001666666666665], [93.92999999999999, 27.0025], [93.92916666666666, 27.0025], [93.92916666666666, 27.003333333333334], [93.92999999999999, 27.003333333333334], [93.92999999999999, 27.004166666666666]]]}}, {"type": "Feature", "properties": {"product": "water_loss", "area_ha": 6.87}, "geometry": {"type": "Polygon", "coordinates": [[[93.9275, 27.0075], [93.92833333333333, 27.0075], [93.92833333333333, 27.006666666666668], [93.92916666666666, 27.006666666666668], [93.92916666666666, 27.00583333333333], [93.92916666666666, 27.005], [93.92916666666666, 27.004166666666666], [93.92916666666666, 27.003333333333334], [93.92833333333333, 27.003333333333334], [93.92833333333333, 27.004166666666666], [93.9275, 27.004166666666666], [93.9275, 27.005], [93.9275, 27.00583333333333], [93.9275, 27.006666666666668], [93.92666666666666, 27.006666666666668], [93.92666666666666, 27.0075], [93.9275, 27.0075]]]}}, {"type": "Feature", "properties": {"product": "water_loss", "area_ha": 31.3}, "geometry": {"type": "Polygon", "coordinates": [[[93.92833333333333, 27.03], [93.92916666666666, 27.03], [93.92916666666666, 27.030833333333334], [93.92999999999999, 27.030833333333334], [93.92999999999999, 27.031666666666666], [93.92916666666666, 27.031666666666666], [93.92916666666666, 27.0325], [93.92833333333333, 27.0325], [93.92833333333333, 27.033333333333335], [93.92833333333333, 27.034166666666668], [93.92916666666666, 27.034166666666668], [93.92999999999999, 27.034166666666668], [93.92999999999999, 27.035], [93.92916666666666, 27.035], [93.92916666666666, 27.035833333333333], [93.92999999999999, 27.035833333333333], [93.92999999999999, 27.036666666666665], [93.92916666666666, 27.036666666666665], [93.92916666666666, 27.0375], [93.92999999999999, 27.0375], [93.92999999999999, 27.038333333333334], [93.93083333333333, 27.038333333333334], [93.93083333333333, 27.0375], [93.93083333333333, 27.036666666666665], [93.93083333333333, 27.035833333333333], [93.93166666666666, 27.035833333333333], [93.93166666666666, 27.035], [93.93166666666666, 27.034166666666668], [93.93166666666666, 27.033333333333335], [93.93249999999999, 27.033333333333335], [93.93249999999999, 27.0325], [93.93249999999999, 27.031666666666666], [93.93166666666666, 27.031666666666666], [93.93166666666666, 27.030833333333334], [93.93166666666666, 27.03], [93.93166666666666, 27.029166666666665], [93.93166666666666, 27.028333333333332], [93.93083333333333, 27.028333333333332], [93.93083333333333, 27.0275], [93.93083333333333, 27.026666666666667], [93.92999999999999, 27.026666666666667], [93.92999999999999, 27.025833333333335], [93.92916666666666, 27.025833333333335], [93.92833333333333, 27.025833333333335], [93.92833333333333, 27.026666666666667], [93.92833333333333, 27.0275], [93.92833333333333, 27.028333333333332], [93.92916666666666, 27.028333333333332], [93.92916666666666, 27.029166666666665], [93.92833333333333, 27.029166666666665], [93.92833333333333, 27.03]], [[93.92999999999999, 27.0325], [93.92999999999999, 27.033333333333335], [93.92916666666666, 27.033333333333335], [93.92916666666666, 27.0325], [93.92999999999999, 27.0325]]]}}, {"type": "Feature", "properties": {"product": "water_loss", "area_ha": 6.88}, "geometry": {"type": "Polygon", "coordinates": [[[93.93499999999999, 26.8825], [93.93583333333332, 26.8825], [93.93666666666667, 26.8825], [93.93666666666667, 26.881666666666668], [93.93666666666667, 26.88083333333333], [93.93583333333332, 26.88083333333333], [93.93499999999999, 26.88083333333333], [93.93416666666666, 26.88083333333333], [93.93333333333332, 26.88083333333333], [93.93249999999999, 26.88083333333333], [93.93249999999999, 26.881666666666668], [93.93333333333332, 26.881666666666668], [93.93333333333332, 26.8825], [93.93416666666666, 26.8825], [93.93499999999999, 26.8825]]]}}, {"type": "Feature", "properties": {"product": "water_loss", "area_ha": 7.64}, "geometry": {"type": "Polygon", "coordinates": [[[93.93499999999999, 26.991666666666667], [93.93499999999999, 26.9925], [93.93416666666666, 26.9925], [93.93416666666666, 26.993333333333332], [93.93416666666666, 26.994166666666665], [93.93416666666666, 26.995], [93.93499999999999, 26.995], [93.93499999999999, 26.994166666666665], [93.93499999999999, 26.993333333333332], [93.93583333333332, 26.993333333333332], [93.93666666666667, 26.993333333333332], [93.93666666666667, 26.9925], [93.93666666666667, 26.991666666666667], [93.9375, 26.991666666666667], [93.9375, 26.990833333333335], [93.9375, 26.99], [93.93666666666667, 26.99], [93.93666666666667, 26.990833333333335], [93.93583333333332, 26.990833333333335], [93.93583333333332, 26.991666666666667], [93.93499999999999, 26.991666666666667]]]}}, {"type": "Feature", "properties": {"product": "water_loss", "area_ha": 38.99}, "geometry": {"type": "Polygon", "coordinates": [[[93.94583333333333, 26.866666666666667], [93.945, 26.866666666666667], [93.94416666666666, 26.866666666666667], [93.94416666666666, 26.8675], [93.94416666666666, 26.868333333333332], [93.945, 26.868333333333332], [93.945, 26.869166666666665], [93.94416666666666, 26.869166666666665], [93.94333333333333, 26.869166666666665], [93.94333333333333, 26.87], [93.9425, 26.87], [93.9425, 26.870833333333334], [93.94333333333333, 26.870833333333334], [93.94416666666666, 26.870833333333334], [93.94416666666666, 26.871666666666666], [93.945, 26.871666666666666], [93.945, 26.8725], [93.94583333333333, 26.8725], [93.94666666666666, 26.8725], [93.94749999999999, 26.8725], [93.94833333333332, 26.8725], [93.94916666666666, 26.8725], [93.94999999999999, 26.8725], [93.94999999999999, 26.871666666666666], [93.95083333333332, 26.871666666666666], [93.95166666666667, 26.871666666666666], [93.9525, 26.871666666666666], [93.95333333333333, 26.871666666666666], [93.95333333333333, 26.870833333333334], [93.95333333333333, 26.87], [93.9525, 26.87], [93.95166666666667, 26.87], [93.95083333333332, 26.87], [93.95083333333332, 26.869166666666665], [93.94999999999999, 26.869166666666665], [93.94999999999999, 26.868333333333332], [93.94916666666666, 26.868333333333332], [93.94833333333332, 26.868333333333332], [93.94749999999999, 26.868333333333332], [93.94749999999999, 26.8675], [93.94666666666666, 26.8675], [93.94583333333333, 26.8675], [93.94583333333333, 26.866666666666667]]]}}, {"type": "Feature", "properties": {"product": "water_loss", "area_ha": 9.17}, "geometry": {"type": "Polygon", "coordinates": [[[93.95083333333332, 26.888333333333332], [93.95166666666667, 26.888333333333332], [93.95166666666667, 26.889166666666668], [93.9525, 26.889166666666668], [93.9525, 26.888333333333332], [93.95333333333333, 26.888333333333332], [93.95416666666667, 26.888333333333332], [93.95416666666667, 26.8875], [93.95333333333333, 26.8875], [93.9525, 26.8875], [93.9525, 26.886666666666667], [93.95166666666667, 26.886666666666667], [93.95083333333332, 26.886666666666667], [93.94999999999999, 26.886666666666667], [93.94916666666666, 26.886666666666667], [93.94833333333332, 26.886666666666667], [93.94833333333332, 26.8875], [93.94916666666666, 26.8875], [93.94916666666666, 26.888333333333332], [93.94999999999999, 26.888333333333332], [93.95083333333332, 26.888333333333332]]]}}, {"type": "Feature", "properties": {"product": "water_loss", "area_ha": 140.61}, "geometry": {"type": "Polygon", "coordinates": [[[93.94999999999999, 26.928333333333335], [93.94999999999999, 26.929166666666667], [93.95083333333332, 26.929166666666667], [93.95166666666667, 26.929166666666667], [93.95166666666667, 26.93], [93.9525, 26.93], [93.9525, 26.930833333333332], [93.95166666666667, 26.930833333333332], [93.95166666666667, 26.931666666666665], [93.95083333333332, 26.931666666666665], [93.95083333333332, 26.9325], [93.95166666666667, 26.9325], [93.9525, 26.9325], [93.9525, 26.933333333333334], [93.9525, 26.934166666666666], [93.95333333333333, 26.934166666666666], [93.95333333333333, 26.933333333333334], [93.95416666666667, 26.933333333333334], [93.95416666666667, 26.934166666666666], [93.955, 26.934166666666666], [93.955, 26.935], [93.955, 26.935833333333335], [93.95583333333333, 26.935833333333335], [93.95583333333333, 26.935], [93.95666666666666, 26.935], [93.9575, 26.935], [93.95833333333333, 26.935], [93.95916666666666, 26.935], [93.96, 26.935], [93.96083333333333, 26.935], [93.96083333333333, 26.934166666666666], [93.96166666666666, 26.934166666666666], [93.96249999999999, 26.934166666666666], [93.96249999999999, 26.933333333333334], [93.96166666666666, 26.933333333333334], [93.96166666666666, 26.9325], [93.96249999999999, 26.9325], [93.96333333333332, 26.9325], [93.96333333333332, 26.931666666666665], [93.96416666666666, 26.931666666666665], [93.96499999999999, 26.931666666666665], [93.96583333333332, 26.931666666666665], [93.96583333333332, 26.9325], [93.96666666666665, 26.9325], [93.9675, 26.9325], [93.9675, 26.931666666666665], [93.9675, 26.930833333333332], [93.96666666666665, 26.930833333333332], [93.96666666666665, 26.93], [93.96666666666665, 26.929166666666667], [93.96666666666665, 26.928333333333335], [93.96583333333332, 26.928333333333335], [93.96583333333332, 26.9275], [93.96583333333332, 26.926666666666666], [93.96583333333332, 26.925833333333333], [93.96499999999999, 26.925833333333333], [93.96416666666666, 26.925833333333333], [93.96333333333332, 26.925833333333333], [93.96249999999999, 26.925833333333333], [93.96166666666666, 26.925833333333333], [93.96083333333333, 26.925833333333333], [93.96, 26.925833333333333], [93.95916666666666, 26.925833333333333], [93.95916666666666, 26.925], [93.95833333333333, 26.925], [93.95833333333333, 26.925833333333333], [93.9575, 26.925833333333333], [93.9575, 26.925], [93.95666666666666, 26.925], [93.95583333333333, 26.925], [93.955, 26.925], [93.95416666666667, 26.925], [93.95333333333333, 26.925], [93.9525, 26.925], [93.9525, 26.925833333333333], [93.95166666666667, 26.925833333333333], [93.95083333333332, 26.925833333333333], [93.94999999999999, 26.925833333333333], [93.94999999999999, 26.926666666666666], [93.94999999999999, 26.9275], [93.94999999999999, 26.928333333333335]], [[93.95333333333333, 26.930833333333332], [93.95333333333333, 26.931666666666665], [93.9525, 26.931666666666665], [93.9525, 26.930833333333332], [93.95333333333333, 26.930833333333332]]]}}, {"type": "Feature", "properties": {"product": "water_loss", "area_ha": 6.11}, "geometry": {"type": "Polygon", "coordinates": [[[93.95083333333332, 26.931666666666665], [93.95083333333332, 26.930833333333332], [93.95166666666667, 26.930833333333332], [93.95166666666667, 26.93], [93.95083333333332, 26.93], [93.94999999999999, 26.93], [93.94999999999999, 26.929166666666667], [93.94916666666666, 26.929166666666667], [93.94916666666666, 26.928333333333335], [93.94833333333332, 26.928333333333335], [93.94833333333332, 26.929166666666667], [93.94833333333332, 26.93], [93.94916666666666, 26.93], [93.94916666666666, 26.930833333333332], [93.94916666666666, 26.931666666666665], [93.94999999999999, 26.931666666666665], [93.95083333333332, 26.931666666666665]]]}}, {"type": "Feature", "properties": {"product": "water_loss", "area_ha": 19.86}, "geometry": {"type": "Polygon", "coordinates": [[[93.94749999999999, 26.985833333333332], [93.94666666666666, 26.985833333333332], [93.94666666666666, 26.986666666666668], [93.94749999999999, 26.986666666666668], [93.94749999999999, 26.9875], [93.94833333333332, 26.9875], [93.94916666666666, 26.9875], [93.94916666666666, 26.986666666666668], [93.94999999999999, 26.986666666666668], [93.95083333333332, 26.986666666666668], [93.95083333333332, 26.985833333333332], [93.95166666666667, 26.985833333333332], [93.9525, 26.985833333333332], [93.9525, 26.985], [93.95333333333333, 26.985], [93.95333333333333, 26.984166666666667], [93.95416666666667, 26.984166666666667], [93.95416666666667, 26.983333333333334], [93.955, 26.983333333333334], [93.955, 26.9825], [93.95583333333333, 26.9825], [93.95666666666666, 26.9825], [93.95666666666666, 26.981666666666666], [93.95583333333333, 26.981666666666666], [93.955, 26.981666666666666], [93.95416666666667, 26.981666666666666], [93.95416666666667, 26.9825], [93.95333333333333, 26.9825], [93.95333333333333, 26.983333333333334], [93.9525, 26.983333333333334], [93.95166666666667, 26.983333333333334], [93.95166666666667, 26.984166666666667], [93.95083333333332, 26.984166666666667], [93.94999999999999, 26.984166666666667], [93.94916666666666, 26.984166666666667], [93.94916666666666, 26.985], [93.94833333333332, 26.985], [93.94749999999999, 26.985], [93.94749999999999, 26.985833333333332]]]}}, {"type": "Feature", "properties": {"product": "water_loss", "area_ha": 126.92}, "geometry": {"type": "Polygon", "coordinates": [[[93.95833333333333, 26.868333333333332], [93.95833333333333, 26.869166666666665], [93.95916666666666, 26.869166666666665], [93.95916666666666, 26.87], [93.96, 26.87], [93.96, 26.870833333333334], [93.96083333333333, 26.870833333333334], [93.96166666666666, 26.870833333333334], [93.96166666666666, 26.871666666666666], [93.96249999999999, 26.871666666666666], [93.96333333333332, 26.871666666666666], [93.96333333333332, 26.8725], [93.96416666666666, 26.8725], [93.96499999999999, 26.8725], [93.96583333333332, 26.8725], [93.96583333333332, 26.873333333333335], [93.96666666666665, 26.873333333333335], [93.96666666666665, 26.874166666666667], [93.9675, 26.874166666666667], [93.96833333333333, 26.874166666666667], [93.96833333333333, 26.873333333333335], [93.96916666666667, 26.873333333333335], [93.96916666666667, 26.8725], [93.96916666666667, 26.871666666666666], [93.97, 26.871666666666666], [93.97, 26.870833333333334], [93.97083333333333, 26.870833333333334], [93.97083333333333, 26.87], [93.97083333333333, 26.869166666666665], [93.97166666666666, 26.869166666666665], [93.97166666666666, 26.868333333333332], [93.9725, 26.868333333333332], [93.97333333333333, 26.868333333333332], [93.97416666666666, 26.868333333333332], [93.975, 26.868333333333332], [93.975, 26.869166666666665], [93.97583333333333, 26.869166666666665], [93.97583333333333, 26.868333333333332], [93.97666666666666, 26.868333333333332], [93.97749999999999, 26.868333333333332], [93.97749999999999, 26.869166666666665], [93.97749999999999, 26.87], [93.97833333333332, 26.87], [93.97916666666666, 26.87], [93.97999999999999, 26.87], [93.97999999999999, 26.870833333333334], [93.98083333333332, 26.870833333333334], [93.98166666666665, 26.870833333333334], [93.98166666666665, 26.871666666666666], [93.98249999999999, 26.871666666666666], [93.98333333333333, 26.871666666666666], [93.98416666666667, 26.871666666666666], [93.985, 26.871666666666666], [93.98583333333333, 26.871666666666666], [93.98583333333333, 26.870833333333334], [93.98666666666666, 26.870833333333334], [93.9875, 26.870833333333334], [93.9875, 26.87], [93.98833333333333, 26.87], [93.98833333333333, 26.869166666666665], [93.9875, 26.869166666666665], [93.98666666666666, 26.869166666666665], [93.98583333333333, 26.869166666666665], [93.98583333333333, 26.868333333333332], [93.985, 26.868333333333332], [93.985, 26.8675], [93.98416666666667, 26.8675], [93.98333333333333, 26.8675], [93.98249999999999, 26.8675], [93.98249999999999, 26.866666666666667], [93.98166666666665, 26.866666666666667], [93.98083333333332, 26.866666666666667], [93.98083333333332, 26.865833333333335], [93.97999999999999, 26.865833333333335], [93.97916666666666, 26.865833333333335], [93.97833333333332, 26.865833333333335], [93.97749999999999, 26.865833333333335], [93.97666666666666, 26.865833333333335], [93.97666666666666, 26.866666666666667], [93.97583333333333, 26.866666666666667], [93.975, 26.866666666666667], [93.97416666666666, 26.866666666666667], [93.97333333333333, 26.866666666666667], [93.9725, 26.866666666666667], [93.9725, 26.8675], [93.97166666666666, 26.8675], [93.97083333333333, 26.8675], [93.97, 26.8675], [93.97, 26.868333333333332], [93.96916666666667, 26.868333333333332], [93.96833333333333, 26.868333333333332], [93.96833333333333, 26.869166666666665], [93.9675, 26.869166666666665], [93.96666666666665, 26.869166666666665], [93.96583333333332, 26.869166666666665], [93.96583333333332, 26.868333333333332], [93.96666666666665, 26.868333333333332], [93.9675, 26.868333333333332], [93.9675, 26.8675], [93.96666666666665, 26.8675], [93.96666666666665, 26.866666666666667], [93.96583333333332, 26.866666666666667], [93.96499999999999, 26.866666666666667], [93.96499999999999, 26.865833333333335], [93.96416666666666, 26.865833333333335], [93.96416666666666, 26.866666666666667], [93.96333333333332, 26.866666666666667], [93.96249999999999, 26.866666666666667], [93.96249999999999, 26.865833333333335], [93.96166666666666, 26.865833333333335], [93.96083333333333, 26.865833333333335], [93.96, 26.865833333333335], [93.95916666666666, 26.865833333333335], [93.95833333333333, 26.865833333333335], [93.9575, 26.865833333333335], [93.95666666666666, 26.865833333333335], [93.95666666666666, 26.866666666666667], [93.9575, 26.866666666666667], [93.9575, 26.8675], [93.9575, 26.868333333333332], [93.95833333333333, 26.868333333333332]], [[93.96583333333332, 26.87], [93.96499999999999, 26.87], [93.96499999999999, 26.869166666666665], [93.96583333333332, 26.869166666666665], [93.96583333333332, 26.87]]]}}, {"type": "Feature", "properties": {"product": "water_loss", "area_ha": 22.94}, "geometry": {"type": "Polygon", "coordinates": [[[93.96, 26.884166666666665], [93.96083333333333, 26.884166666666665], [93.96166666666666, 26.884166666666665], [93.96166666666666, 26.885], [93.96249999999999, 26.885], [93.96333333333332, 26.885], [93.96416666666666, 26.885], [93.96416666666666, 26.885833333333334], [93.96499999999999, 26.885833333333334], [93.96583333333332, 26.885833333333334], [93.96666666666665, 26.885833333333334], [93.96666666666665, 26.885], [93.9675, 26.885], [93.96833333333333, 26.885], [93.96916666666667, 26.885], [93.96916666666667, 26.884166666666665], [93.96833333333333, 26.884166666666665], [93.96833333333333, 26.883333333333333], [93.96833333333333, 26.8825], [93.9675, 26.8825], [93.9675, 26.883333333333333], [93.96666666666665, 26.883333333333333], [93.96583333333332, 26.883333333333333], [93.96583333333332, 26.8825], [93.96499999999999, 26.8825], [93.96416666666666, 26.8825], [93.96416666666666, 26.883333333333333], [93.96333333333332, 26.883333333333333], [93.96333333333332, 26.8825], [93.96249999999999, 26.8825], [93.96166666666666, 26.8825], [93.96083333333333, 26.8825], [93.96, 26.8825], [93.95916666666666, 26.8825], [93.95916666666666, 26.883333333333333], [93.96, 26.883333333333333], [93.96, 26.884166666666665]]]}}, {"type": "Feature", "properties": {"product": "water_loss", "area_ha": 15.28}, "geometry": {"type": "Polygon", "coordinates": [[[93.96249999999999, 26.939166666666665], [93.96333333333332, 26.939166666666665], [93.96416666666666, 26.939166666666665], [93.96499999999999, 26.939166666666665], [93.96499999999999, 26.94], [93.96583333333332, 26.94], [93.96583333333332, 26.939166666666665], [93.96666666666665, 26.939166666666665], [93.9675, 26.939166666666665], [93.9675, 26.938333333333333], [93.9675, 26.9375], [93.96666666666665, 26.9375], [93.96666666666665, 26.938333333333333], [93.96583333333332, 26.938333333333333], [93.96583333333332, 26.9375], [93.96499999999999, 26.9375], [93.96499999999999, 26.938333333333333], [93.96416666666666, 26.938333333333333], [93.96416666666666, 26.9375], [93.96333333333332, 26.9375], [93.96333333333332, 26.938333333333333], [93.96249999999999, 26.938333333333333], [93.96166666666666, 26.938333333333333], [93.96166666666666, 26.9375], [93.96166666666666, 26.936666666666667], [93.96083333333333, 26.936666666666667], [93.96083333333333, 26.935833333333335], [93.96, 26.935833333333335], [93.96, 26.936666666666667], [93.95916666666666, 26.936666666666667], [93.95833333333333, 26.936666666666667], [93.95833333333333, 26.9375], [93.95916666666666, 26.9375], [93.95916666666666, 26.938333333333333], [93.96, 26.938333333333333], [93.96083333333333, 26.938333333333333], [93.96083333333333, 26.939166666666665], [93.96166666666666, 26.939166666666665], [93.96249999999999, 26.939166666666665]]]}}, {"type": "Feature", "properties": {"product": "water_loss", "area_ha": 7.64}, "geometry": {"type": "Polygon", "coordinates": [[[93.9575, 26.9425], [93.95833333333333, 26.9425], [93.95916666666666, 26.9425], [93.96, 26.9425], [93.96, 26.941666666666666], [93.95916666666666, 26.941666666666666], [93.95916666666666, 26.940833333333334], [93.95916666666666, 26.94], [93.95916666666666, 26.939166666666665], [93.95833333333333, 26.939166666666665], [93.9575, 26.939166666666665], [93.95666666666666, 26.939166666666665], [93.95666666666666, 26.94], [93.9575, 26.94], [93.9575, 26.940833333333334], [93.9575, 26.941666666666666], [93.9575, 26.9425]]]}}, {"type": "Feature", "properties": {"product": "water_loss", "area_ha": 9.17}, "geometry": {"type": "Polygon", "coordinates": [[[93.96249999999999, 26.979166666666668], [93.96166666666666, 26.979166666666668], [93.96166666666666, 26.98], [93.96249999999999, 26.98], [93.96333333333332, 26.98], [93.96416666666666, 26.98], [93.96416666666666, 26.979166666666668], [93.96499999999999, 26.979166666666668], [93.96499999999999, 26.98], [93.96583333333332, 26.98], [93.96666666666665, 26.98], [93.9675, 26.98], [93.9675, 26.979166666666668], [93.96833333333333, 26.979166666666668], [93.96833333333333, 26.97833333333333], [93.9675, 26.97833333333333], [93.96666666666665, 26.97833333333333], [93.96583333333332, 26.97833333333333], [93.96499999999999, 26.97833333333333], [93.96416666666666, 26.97833333333333], [93.96333333333332, 26.97833333333333], [93.96333333333332, 26.979166666666668], [93.96249999999999, 26.979166666666668]]]}}, {"type": "Feature", "properties": {"product": "water_loss", "area_ha": 6.1}, "geometry": {"type": "Polygon", "coordinates": [[[93.96666666666665, 27.223333333333333], [93.96666666666665, 27.2225], [93.9675, 27.2225], [93.9675, 27.221666666666668], [93.9675, 27.220833333333335], [93.96666666666665, 27.220833333333335], [93.96666666666665, 27.22], [93.96583333333332, 27.22], [93.96583333333332, 27.220833333333335], [93.96583333333332, 27.221666666666668], [93.96499999999999, 27.221666666666668], [93.96499999999999, 27.2225], [93.96583333333332, 27.2225], [93.96583333333332, 27.223333333333333], [93.96583333333332, 27.224166666666665], [93.96666666666665, 27.224166666666665], [93.96666666666665, 27.223333333333333]]]}}, {"type": "Feature", "properties": {"product": "water_loss", "area_ha": 7.62}, "geometry": {"type": "Polygon", "coordinates": [[[93.96166666666666, 27.23], [93.96166666666666, 27.229166666666668], [93.96249999999999, 27.229166666666668], [93.96333333333332, 27.229166666666668], [93.96333333333332, 27.22833333333333], [93.96333333333332, 27.2275], [93.96416666666666, 27.2275], [93.96416666666666, 27.226666666666667], [93.96416666666666, 27.225833333333334], [93.96333333333332, 27.225833333333334], [93.96333333333332, 27.226666666666667], [93.96249999999999, 27.226666666666667], [93.96166666666666, 27.226666666666667], [93.96166666666666, 27.2275], [93.96166666666666, 27.22833333333333], [93.96083333333333, 27.22833333333333], [93.96083333333333, 27.229166666666668], [93.96083333333333, 27.23], [93.96166666666666, 27.23]]]}}, {"type": "Feature", "properties": {"product": "water_loss", "area_ha": 152.17}, "geometry": {"type": "Polygon", "coordinates": [[[93.97, 26.856666666666666], [93.96916666666667, 26.856666666666666], [93.96916666666667, 26.8575], [93.96916666666667, 26.858333333333334], [93.96833333333333, 26.858333333333334], [93.96833333333333, 26.859166666666667], [93.96916666666667, 26.859166666666667], [93.96916666666667, 26.86], [93.97, 26.86], [93.97083333333333, 26.86], [93.97166666666666, 26.86], [93.9725, 26.86], [93.97333333333333, 26.86], [93.97416666666666, 26.86], [93.975, 26.86], [93.975, 26.859166666666667], [93.97583333333333, 26.859166666666667], [93.97666666666666, 26.859166666666667], [93.97749999999999, 26.859166666666667], [93.97749999999999, 26.86], [93.97833333333332, 26.86], [93.97833333333332, 26.859166666666667], [93.97916666666666, 26.859166666666667], [93.97999999999999, 26.859166666666667], [93.98083333333332, 26.859166666666667], [93.98083333333332, 26.858333333333334], [93.98166666666665, 26.858333333333334], [93.98249999999999, 26.858333333333334], [93.98249999999999, 26.859166666666667], [93.98333333333333, 26.859166666666667], [93.98416666666667, 26.859166666666667], [93.985, 26.859166666666667], [93.98583333333333, 26.859166666666667], [93.98666666666666, 26.859166666666667], [93.9875, 26.859166666666667], [93.98833333333333, 26.859166666666667], [93.98916666666666, 26.859166666666667], [93.98916666666666, 26.858333333333334], [93.99, 26.858333333333334], [93.99, 26.8575], [93.99083333333333, 26.8575], [93.99166666666666, 26.8575], [93.99166666666666, 26.856666666666666], [93.99083333333333, 26.856666666666666], [93.99, 26.856666666666666], [93.99, 26.855833333333333], [93.98916666666666, 26.855833333333333], [93.98916666666666, 26.855], [93.99, 26.855], [93.99083333333333, 26.855], [93.99083333333333, 26.854166666666668], [93.99083333333333, 26.85333333333333], [93.99, 26.85333333333333], [93.98916666666666, 26.85333333333333], [93.98916666666666, 26.8525], [93.98833333333333, 26.8525], [93.9875, 26.8525], [93.9875, 26.851666666666667], [93.98666666666666, 26.851666666666667], [93.98583333333333, 26.851666666666667], [93.985, 26.851666666666667], [93.985, 26.850833333333334], [93.98416666666667, 26.850833333333334], [93.98333333333333, 26.850833333333334], [93.98249999999999, 26.850833333333334], [93.98166666666665, 26.850833333333334], [93.98166666666665, 26.851666666666667], [93.98083333333332, 26.851666666666667], [93.97999999999999, 26.851666666666667], [93.97916666666666, 26.851666666666667], [93.97916666666666, 26.8525], [93.97833333333332, 26.8525], [93.97749999999999, 26.8525], [93.97666666666666, 26.8525], [93.97583333333333, 26.8525], [93.97583333333333, 26.85333333333333], [93.975, 26.85333333333333], [93.97416666666666, 26.85333333333333], [93.97416666666666, 26.854166666666668], [93.97333333333333, 26.854166666666668], [93.9725, 26.854166666666668], [93.9725, 26.855], [93.97166666666666, 26.855], [93.97166666666666, 26.855833333333333], [93.97083333333333, 26.855833333333333], [93.97083333333333, 26.856666666666666], [93.97, 26.856666666666666]]]}}, {"type": "Feature", "properties": {"product": "water_loss", "area_ha": 68.78}, "geometry": {"type": "Polygon", "coordinates": [[[93.97, 26.93], [93.97, 26.930833333333332], [93.97, 26.931666666666665], [93.97, 26.9325], [93.97, 26.933333333333334], [93.97083333333333, 26.933333333333334], [93.97083333333333, 26.934166666666666], [93.97166666666666, 26.934166666666666], [93.97166666666666, 26.935], [93.9725, 26.935], [93.9725, 26.935833333333335], [93.97333333333333, 26.935833333333335], [93.97333333333333, 26.936666666666667], [93.97416666666666, 26.936666666666667], [93.97416666666666, 26.9375], [93.97416666666666, 26.938333333333333], [93.975, 26.938333333333333], [93.97583333333333, 26.938333333333333], [93.97666666666666, 26.938333333333333], [93.97749999999999, 26.938333333333333], [93.97749999999999, 26.9375], [93.97666666666666, 26.9375], [93.97666666666666, 26.936666666666667], [93.97749999999999, 26.936666666666667], [93.97833333333332, 26.936666666666667], [93.97833333333332, 26.9375], [93.97916666666666, 26.9375], [93.97999999999999, 26.9375], [93.97999999999999, 26.936666666666667], [93.97999999999999, 26.935833333333335], [93.97916666666666, 26.935833333333335], [93.97916666666666, 26.935], [93.97833333333332, 26.935], [93.97833333333332, 26.934166666666666], [93.97749999999999, 26.934166666666666], [93.97749999999999, 26.933333333333334], [93.97749999999999, 26.9325], [93.97666666666666, 26.9325], [93.97666666666666, 26.931666666666665], [93.97583333333333, 26.931666666666665], [93.97583333333333, 26.930833333333332], [93.97583333333333, 26.93], [93.975, 26.93], [93.975, 26.929166666666667], [93.97416666666666, 26.929166666666667], [93.97333333333333, 26.929166666666667], [93.97333333333333, 26.928333333333335], [93.97333333333333, 26.9275], [93.9725, 26.9275], [93.9725, 26.926666666666666], [93.97166666666666, 26.926666666666666], [93.97083333333333, 26.926666666666666], [93.97, 26.926666666666666], [93.96916666666667, 26.926666666666666], [93.96916666666667, 26.9275], [93.96916666666667, 26.928333333333335], [93.97, 26.928333333333335], [93.97, 26.929166666666667], [93.97, 26.93]], [[93.97583333333333, 26.936666666666667], [93.97583333333333, 26.9375], [93.975, 26.9375], [93.975, 26.936666666666667], [93.97583333333333, 26.936666666666667]]]}}, {"type": "Feature", "properties": {"product": "water_loss", "area_ha": 6.87}, "geometry": {"type": "Polygon", "coordinates": [[[93.97166666666666, 26.981666666666666], [93.9725, 26.981666666666666], [93.97333333333333, 26.981666666666666], [93.97333333333333, 26.9825], [93.97416666666666, 26.9825], [93.975, 26.9825], [93.975, 26.981666666666666], [93.97416666666666, 26.981666666666666], [93.97416666666666, 26.980833333333333], [93.97333333333333, 26.980833333333333], [93.9725, 26.980833333333333], [93.9725, 26.98], [93.97166666666666, 26.98], [93.97166666666666, 26.980833333333333], [93.97083333333333, 26.980833333333333], [93.97083333333333, 26.981666666666666], [93.97, 26.981666666666666], [93.97, 26.9825], [93.97083333333333, 26.9825], [93.97166666666666, 26.9825], [93.97166666666666, 26.981666666666666]]]}}, {"type": "Feature", "properties": {"product": "water_loss", "area_ha": 9.16}, "geometry": {"type": "Polygon", "coordinates": [[[93.97333333333333, 27.093333333333334], [93.97416666666666, 27.093333333333334], [93.97416666666666, 27.094166666666666], [93.975, 27.094166666666666], [93.97583333333333, 27.094166666666666], [93.97583333333333, 27.093333333333334], [93.975, 27.093333333333334], [93.975, 27.0925], [93.975, 27.091666666666665], [93.975, 27.090833333333332], [93.97416666666666, 27.090833333333332], [93.97333333333333, 27.090833333333332], [93.9725, 27.090833333333332], [93.97166666666666, 27.090833333333332], [93.97083333333333, 27.090833333333332], [93.97083333333333, 27.091666666666665], [93.97166666666666, 27.091666666666665], [93.97166666666666, 27.0925], [93.9725, 27.0925], [93.97333333333333, 27.0925], [93.97333333333333, 27.093333333333334]], [[93.97333333333333, 27.091666666666665], [93.97416666666666, 27.091666666666665], [93.97416666666666, 27.0925], [93.97333333333333, 27.0925], [93.97333333333333, 27.091666666666665]]]}}, {"type": "Feature", "properties": {"product": "water_loss", "area_ha": 9.15}, "geometry": {"type": "Polygon", "coordinates": [[[93.9675, 27.213333333333335], [93.9675, 27.214166666666667], [93.96833333333333, 27.214166666666667], [93.96916666666667, 27.214166666666667], [93.97, 27.214166666666667], [93.97, 27.213333333333335], [93.97, 27.2125], [93.97, 27.211666666666666], [93.97, 27.210833333333333], [93.97, 27.21], [93.97, 27.20916666666667], [93.97, 27.208333333333332], [93.96916666666667, 27.208333333333332], [93.96916666666667, 27.20916666666667], [93.96916666666667, 27.21], [93.96833333333333, 27.21], [93.96833333333333, 27.210833333333333], [93.96916666666667, 27.210833333333333], [93.96916666666667, 27.211666666666666], [93.96916666666667, 27.2125], [93.96833333333333, 27.2125], [93.9675, 27.2125], [93.9675, 27.213333333333335]]]}}, {"type": "Feature", "properties": {"product": "water_loss", "area_ha": 14.52}, "geometry": {"type": "Polygon", "coordinates": [[[93.97666666666666, 26.953333333333333], [93.97749999999999, 26.953333333333333], [93.97833333333332, 26.953333333333333], [93.97833333333332, 26.954166666666666], [93.97916666666666, 26.954166666666666], [93.97999999999999, 26.954166666666666], [93.98083333333332, 26.954166666666666], [93.98083333333332, 26.955], [93.98166666666665, 26.955], [93.98249999999999, 26.955], [93.98249999999999, 26.955833333333334], [93.98333333333333, 26.955833333333334], [93.98416666666667, 26.955833333333334], [93.98416666666667, 26.955], [93.98416666666667, 26.954166666666666], [93.98416666666667, 26.953333333333333], [93.98333333333333, 26.953333333333333], [93.98249999999999, 26.953333333333333], [93.98166666666665, 26.953333333333333], [93.98083333333332, 26.953333333333333], [93.98083333333332, 26.9525], [93.97999999999999, 26.9525], [93.97916666666666, 26.9525], [93.97833333333332, 26.9525], [93.97749999999999, 26.9525], [93.97666666666666, 26.9525], [93.97583333333333, 26.9525], [93.97583333333333, 26.953333333333333], [93.97666666666666, 26.953333333333333]]]}}, {"type": "Feature", "properties": {"product": "water_loss", "area_ha": 16.8}, "geometry": {"type": "Polygon", "coordinates": [[[93.97833333333332, 26.985833333333332], [93.97833333333332, 26.986666666666668], [93.97916666666666, 26.986666666666668], [93.97999999999999, 26.986666666666668], [93.98083333333332, 26.986666666666668], [93.98083333333332, 26.985833333333332], [93.98166666666665, 26.985833333333332], [93.98249999999999, 26.985833333333332], [93.98333333333333, 26.985833333333332], [93.98333333333333, 26.985], [93.98249999999999, 26.985], [93.98166666666665, 26.985], [93.98083333333332, 26.985], [93.98083333333332, 26.984166666666667], [93.97999999999999, 26.984166666666667], [93.97916666666666, 26.984166666666667], [93.97916666666666, 26.983333333333334], [93.97833333333332, 26.983333333333334], [93.97833333333332, 26.9825], [93.97749999999999, 26.9825], [93.97666666666666, 26.9825], [93.97666666666666, 26.983333333333334], [93.97666666666666, 26.984166666666667], [93.97666666666666, 26.985], [93.97583333333333, 26.985], [93.97583333333333, 26.985833333333332], [93.97666666666666, 26.985833333333332], [93.97749999999999, 26.985833333333332], [93.97833333333332, 26.985833333333332]]]}}, {"type": "Feature", "properties": {"product": "water_loss", "area_ha": 6.1}, "geometry": {"type": "Polygon", "coordinates": [[[93.97583333333333, 27.1875], [93.97666666666666, 27.1875], [93.97666666666666, 27.186666666666667], [93.97666666666666, 27.185833333333335], [93.97666666666666, 27.185], [93.97749999999999, 27.185], [93.97749999999999, 27.184166666666666], [93.97749999999999, 27.183333333333334], [93.97749999999999, 27.1825], [93.97749999999999, 27.18166666666667], [93.97666666666666, 27.18166666666667], [93.97666666666666, 27.1825], [93.97666666666666, 27.183333333333334], [93.97666666666666, 27.184166666666666], [93.97583333333333, 27.184166666666666], [93.97583333333333, 27.185], [93.97583333333333, 27.185833333333335], [93.97583333333333, 27.186666666666667], [93.97583333333333, 27.1875]]]}}, {"type": "Feature", "properties": {"product": "water_loss", "area_ha": 13.0}, "geometry": {"type": "Polygon", "coordinates": [[[93.9875, 26.8975], [93.98833333333333, 26.8975], [93.98916666666666, 26.8975], [93.99, 26.8975], [93.99083333333333, 26.8975], [93.99083333333333, 26.89666666666667], [93.99166666666666, 26.89666666666667], [93.99166666666666, 26.895833333333332], [93.99083333333333, 26.895833333333332], [93.99083333333333, 26.895], [93.99, 26.895], [93.98916666666666, 26.895], [93.98833333333333, 26.895], [93.9875, 26.895], [93.9875, 26.895833333333332], [93.98666666666666, 26.895833333333332], [93.98583333333333, 26.895833333333332], [93.98583333333333, 26.89666666666667], [93.98583333333333, 26.8975], [93.98666666666666, 26.8975], [93.9875, 26.8975]]]}}, {"type": "Feature", "properties": {"product": "water_loss", "area_ha": 85.58}, "geometry": {"type": "Polygon", "coordinates": [[[93.985, 26.945], [93.985, 26.945833333333333], [93.985, 26.946666666666665], [93.98583333333333, 26.946666666666665], [93.98583333333333, 26.9475], [93.98666666666666, 26.9475], [93.98666666666666, 26.948333333333334], [93.98666666666666, 26.949166666666667], [93.9875, 26.949166666666667], [93.9875, 26.95], [93.98833333333333, 26.95], [93.98833333333333, 26.950833333333332], [93.98916666666666, 26.950833333333332], [93.99, 26.950833333333332], [93.99083333333333, 26.950833333333332], [93.99166666666666, 26.950833333333332], [93.99249999999999, 26.950833333333332], [93.99333333333333, 26.950833333333332], [93.99416666666666, 26.950833333333332], [93.99499999999999, 26.950833333333332], [93.99583333333332, 26.950833333333332], [93.99583333333332, 26.95], [93.99666666666666, 26.95], [93.99666666666666, 26.949166666666667], [93.99749999999999, 26.949166666666667], [93.99749999999999, 26.948333333333334], [93.99833333333332, 26.948333333333334], [93.99833333333332, 26.9475], [93.99749999999999, 26.9475], [93.99666666666666, 26.9475], [93.99583333333332, 26.9475], [93.99583333333332, 26.946666666666665], [93.99499999999999, 26.946666666666665], [93.99499999999999, 26.945833333333333], [93.99416666666666, 26.945833333333333], [93.99333333333333, 26.945833333333333], [93.99333333333333, 26.945], [93.99249999999999, 26.945], [93.99166666666666, 26.945], [93.99083333333333, 26.945], [93.99083333333333, 26.944166666666668], [93.99166666666666, 26.944166666666668], [93.99249999999999, 26.944166666666668], [93.99333333333333, 26.944166666666668], [93.99416666666666, 26.944166666666668], [93.99499999999999, 26.944166666666668], [93.99499999999999, 26.94333333333333], [93.99416666666666, 26.94333333333333], [93.99333333333333, 26.94333333333333], [93.99333333333333, 26.9425], [93.99249999999999, 26.9425], [93.99166666666666, 26.9425], [93.99166666666666, 26.941666666666666], [93.99083333333333, 26.941666666666666], [93.99, 26.941666666666666], [93.98916666666666, 26.941666666666666], [93.98833333333333, 26.941666666666666], [93.9875, 26.941666666666666], [93.98666666666666, 26.941666666666666], [93.98583333333333, 26.941666666666666], [93.98583333333333, 26.9425], [93.98583333333333, 26.94333333333333], [93.98583333333333, 26.944166666666668], [93.985, 26.944166666666668], [93.985, 26.945]], [[93.98916666666666, 26.94333333333333], [93.98916666666666, 26.944166666666668], [93.98833333333333, 26.944166666666668], [93.98833333333333, 26.94333333333333], [93.98916666666666, 26.94333333333333]], [[93.99, 26.948333333333334], [93.99, 26.9475], [93.99083333333333, 26.9475], [93.99083333333333, 26.948333333333334], [93.99, 26.948333333333334]], [[93.98833333333333, 26.948333333333334], [93.98916666666666, 26.948333333333334], [93.98916666666666, 26.949166666666667], [93.98833333333333, 26.949166666666667], [93.98833333333333, 26.948333333333334]]]}}, {"type": "Feature", "properties": {"product": "water_loss", "area_ha": 20.65}, "geometry": {"type": "Polygon", "coordinates": [[[93.99, 26.850833333333334], [93.99083333333333, 26.850833333333334], [93.99166666666666, 26.850833333333334], [93.99249999999999, 26.850833333333334], [93.99333333333333, 26.850833333333334], [93.99333333333333, 26.851666666666667], [93.99416666666666, 26.851666666666667], [93.99499999999999, 26.851666666666667], [93.99499999999999, 26.850833333333334], [93.99583333333332, 26.850833333333334], [93.99666666666666, 26.850833333333334], [93.99666666666666, 26.851666666666667], [93.99749999999999, 26.851666666666667], [93.99749999999999, 26.8525], [93.99833333333332, 26.8525], [93.99916666666667, 26.8525], [93.99916666666667, 26.85333333333333], [94.0, 26.85333333333333], [94.0, 26.8525], [94.0, 26.851666666666667], [94.0, 26.850833333333334], [94.0, 26.85], [93.99916666666667, 26.85], [93.99833333333332, 26.85], [93.99749999999999, 26.85], [93.99666666666666, 26.85], [93.99583333333332, 26.85], [93.99499999999999, 26.85], [93.99416666666666, 26.85], [93.99333333333333, 26.85], [93.99249999999999, 26.85], [93.99166666666666, 26.85], [93.99083333333333, 26.85], [93.99, 26.85], [93.98916666666666, 26.85], [93.98833333333333, 26.85], [93.9875, 26.85], [93.98666666666666, 26.85], [93.98666666666666, 26.850833333333334], [93.9875, 26.850833333333334], [93.98833333333333, 26.850833333333334], [93.98833333333333, 26.851666666666667], [93.98916666666666, 26.851666666666667], [93.98916666666666, 26.850833333333334], [93.99, 26.850833333333334]]]}}, {"type": "Feature", "properties": {"product": "water_loss", "area_ha": 80.29}, "geometry": {"type": "Polygon", "coordinates": [[[93.99083333333333, 26.865833333333335], [93.99166666666666, 26.865833333333335], [93.99249999999999, 26.865833333333335], [93.99333333333333, 26.865833333333335], [93.99333333333333, 26.866666666666667], [93.99416666666666, 26.866666666666667], [93.99499999999999, 26.866666666666667], [93.99499999999999, 26.865833333333335], [93.99583333333332, 26.865833333333335], [93.99666666666666, 26.865833333333335], [93.99749999999999, 26.865833333333335], [93.99833333333332, 26.865833333333335], [93.99833333333332, 26.866666666666667], [93.99916666666667, 26.866666666666667], [93.99916666666667, 26.865833333333335], [94.0, 26.865833333333335], [94.0, 26.865], [94.0, 26.864166666666666], [94.0, 26.863333333333333], [94.0, 26.8625], [94.0, 26.861666666666668], [94.0, 26.860833333333332], [94.0, 26.86], [94.0, 26.859166666666667], [94.0, 26.858333333333334], [94.0, 26.8575], [93.99916666666667, 26.8575], [93.99833333333332, 26.8575], [93.99749999999999, 26.8575], [93.99666666666666, 26.8575], [93.99583333333332, 26.8575], [93.99583333333332, 26.858333333333334], [93.99499999999999, 26.858333333333334], [93.99499999999999, 26.859166666666667], [93.99499999999999, 26.86], [93.99416666666666, 26.86], [93.99333333333333, 26.86], [93.99249999999999, 26.86], [93.99166666666666, 26.86], [93.99166666666666, 26.860833333333332], [93.99083333333333, 26.860833333333332], [93.99083333333333, 26.861666666666668], [93.99, 26.861666666666668], [93.98916666666666, 26.861666666666668], [93.98833333333333, 26.861666666666668], [93.98833333333333, 26.8625], [93.98833333333333, 26.863333333333333], [93.98916666666666, 26.863333333333333], [93.98916666666666, 26.864166666666666], [93.99, 26.864166666666666], [93.99, 26.865], [93.99083333333333, 26.865], [93.99083333333333, 26.865833333333335]]]}}, {"type": "Feature", "properties": {"product": "water_loss", "area_ha": 69.52}, "geometry": {"type": "Polygon", "coordinates": [[[93.98833333333333, 26.9625], [93.98833333333333, 26.963333333333335], [93.98833333333333, 26.964166666666667], [93.9875, 26.964166666666667], [93.9875, 26.965], [93.9875, 26.965833333333332], [93.9875, 26.966666666666665], [93.9875, 26.9675], [93.98833333333333, 26.9675], [93.98833333333333, 26.968333333333334], [93.98916666666666, 26.968333333333334], [93.98916666666666, 26.969166666666666], [93.98833333333333, 26.969166666666666], [93.98833333333333, 26.97], [93.98916666666666, 26.97], [93.99, 26.97], [93.99, 26.970833333333335], [93.99, 26.971666666666668], [93.99, 26.9725], [93.99, 26.973333333333333], [93.99083333333333, 26.973333333333333], [93.99166666666666, 26.973333333333333], [93.99166666666666, 26.974166666666665], [93.99166666666666, 26.975], [93.99166666666666, 26.975833333333334], [93.99249999999999, 26.975833333333334], [93.99249999999999, 26.976666666666667], [93.99249999999999, 26.9775], [93.99249999999999, 26.97833333333333], [93.99249999999999, 26.979166666666668], [93.99249999999999, 26.98], [93.99249999999999, 26.980833333333333], [93.99166666666666, 26.980833333333333], [93.99166666666666, 26.981666666666666], [93.99083333333333, 26.981666666666666], [93.99083333333333, 26.9825], [93.99, 26.9825], [93.99, 26.983333333333334], [93.98916666666666, 26.983333333333334], [93.98916666666666, 26.984166666666667], [93.99, 26.984166666666667], [93.99083333333333, 26.984166666666667], [93.99083333333333, 26.983333333333334], [93.99166666666666, 26.983333333333334], [93.99166666666666, 26.9825], [93.99249999999999, 26.9825], [93.99249999999999, 26.981666666666666], [93.99333333333333, 26.981666666666666], [93.99333333333333, 26.980833333333333], [93.99416666666666, 26.980833333333333], [93.99416666666666, 26.98], [93.99416666666666, 26.979166666666668], [93.99416666666666, 26.97833333333333], [93.99416666666666, 26.9775], [93.99416666666666, 26.976666666666667], [93.99416666666666, 26.975833333333334], [93.99416666666666, 26.975], [93.99416666666666, 26.974166666666665], [93.99333333333333, 26.974166666666665], [93.99333333333333, 26.973333333333333], [93.99333333333333, 26.9725], [93.99333333333333, 26.971666666666668], [93.99249999999999, 26.971666666666668], [93.99249999999999, 26.970833333333335], [93.99249999999999, 26.97], [93.99249999999999, 26.969166666666666], [93.99249999999999, 26.968333333333334], [93.99249999999999, 26.9675], [93.99249999999999, 26.966666666666665], [93.99166666666666, 26.966666666666665], [93.99166666666666, 26.965833333333332], [93.99166666666666, 26.965], [93.99166666666666, 26.964166666666667], [93.99083333333333, 26.964166666666667], [93.99083333333333, 26.963333333333335], [93.99166666666666, 26.963333333333335], [93.99166666666666, 26.9625], [93.99083333333333, 26.9625], [93.99083333333333, 26.961666666666666], [93.99083333333333, 26.960833333333333], [93.99, 26.960833333333333], [93.99, 26.96], [93.98916666666666, 26.96], [93.98833333333333, 26.96], [93.9875, 26.96], [93.9875, 26.960833333333333], [93.98833333333333, 26.960833333333333], [93.98833333333333, 26.961666666666666], [93.98916666666666, 26.961666666666666], [93.98916666666666, 26.9625], [93.98833333333333, 26.9625]], [[93.99, 26.969166666666666], [93.99, 26.968333333333334], [93.99083333333333, 26.968333333333334], [93.99083333333333, 26.969166666666666], [93.99, 26.969166666666666]]]}}, {"type": "Feature", "properties": {"product": "water_loss", "area_ha": 14.53}, "geometry": {"type": "Polygon", "coordinates": [[[93.99416666666666, 26.885833333333334], [93.99499999999999, 26.885833333333334], [93.99499999999999, 26.886666666666667], [93.99583333333332, 26.886666666666667], [93.99583333333332, 26.8875], [93.99499999999999, 26.8875], [93.99499999999999, 26.888333333333332], [93.99583333333332, 26.888333333333332], [93.99666666666666, 26.888333333333332], [93.99666666666666, 26.8875], [93.99749999999999, 26.8875], [93.99833333333332, 26.8875], [93.99916666666667, 26.8875], [93.99916666666667, 26.886666666666667], [94.0, 26.886666666666667], [94.0, 26.885833333333334], [93.99916666666667, 26.885833333333334], [93.99916666666667, 26.885], [93.99833333333332, 26.885], [93.99749999999999, 26.885], [93.99666666666666, 26.885], [93.99583333333332, 26.885], [93.99499999999999, 26.885], [93.99416666666666, 26.885], [93.99333333333333, 26.885], [93.99333333333333, 26.885833333333334], [93.99416666666666, 26.885833333333334]]]}}, {"type": "Feature", "properties": {"product": "water_loss", "area_ha": 35.14}, "geometry": {"type": "Polygon", "coordinates": [[[93.99333333333333, 26.96], [93.99333333333333, 26.960833333333333], [93.99333333333333, 26.961666666666666], [93.99333333333333, 26.9625], [93.99333333333333, 26.963333333333335], [93.99416666666666, 26.963333333333335], [93.99416666666666, 26.964166666666667], [93.99499999999999, 26.964166666666667], [93.99583333333332, 26.964166666666667], [93.99666666666666, 26.964166666666667], [93.99666666666666, 26.965], [93.99749999999999, 26.965], [93.99833333333332, 26.965], [93.99833333333332, 26.964166666666667], [93.99833333333332, 26.963333333333335], [93.99916666666667, 26.963333333333335], [94.0, 26.963333333333335], [94.0, 26.9625], [94.0, 26.961666666666666], [93.99916666666667, 26.961666666666666], [93.99916666666667, 26.960833333333333], [93.99833333333332, 26.960833333333333], [93.99833333333332, 26.96], [93.99749999999999, 26.96], [93.99666666666666, 26.96], [93.99666666666666, 26.95916666666667], [93.99583333333332, 26.95916666666667], [93.99499999999999, 26.95916666666667], [93.99499999999999, 26.958333333333332], [93.99416666666666, 26.958333333333332], [93.99333333333333, 26.958333333333332], [93.99249999999999, 26.958333333333332], [93.99166666666666, 26.958333333333332], [93.99166666666666, 26.95916666666667], [93.99166666666666, 26.96], [93.99249999999999, 26.96], [93.99333333333333, 26.96]]]}}], "properties": {"aoi": "papum-pare", "product": "water_loss", "total_ha": 2096.3, "n_patches": 72}}