{"type": "FeatureCollection", "features": [{"type": "Feature", "properties": {"product": "urban_growth", "area_ha": 6.05}, "geometry": {"type": "Polygon", "coordinates": [[[76.8625, 28.179166666666667], [76.8625, 28.178333333333335], [76.86333333333333, 28.178333333333335], [76.86333333333333, 28.177500000000002], [76.8625, 28.177500000000002], [76.8625, 28.176666666666666], [76.8625, 28.175833333333333], [76.86166666666666, 28.175833333333333], [76.86166666666666, 28.175], [76.86083333333333, 28.175], [76.86083333333333, 28.175833333333333], [76.86083333333333, 28.176666666666666], [76.86166666666666, 28.176666666666666], [76.86166666666666, 28.177500000000002], [76.86083333333333, 28.177500000000002], [76.86083333333333, 28.178333333333335], [76.86166666666666, 28.178333333333335], [76.86166666666666, 28.179166666666667], [76.8625, 28.179166666666667]]]}}, {"type": "Feature", "properties": {"product": "urban_growth", "area_ha": 12.82}, "geometry": {"type": "Polygon", "coordinates": [[[76.86583333333333, 28.394166666666667], [76.86583333333333, 28.395], [76.86666666666666, 28.395], [76.86749999999999, 28.395], [76.86833333333333, 28.395], [76.86833333333333, 28.395833333333336], [76.86749999999999, 28.395833333333336], [76.86666666666666, 28.395833333333336], [76.86666666666666, 28.39666666666667], [76.86749999999999, 28.39666666666667], [76.86833333333333, 28.39666666666667], [76.86833333333333, 28.3975], [76.86916666666666, 28.3975], [76.86916666666666, 28.39666666666667], [76.86916666666666, 28.395833333333336], [76.86999999999999, 28.395833333333336], [76.86999999999999, 28.395], [76.86916666666666, 28.395], [76.86916666666666, 28.394166666666667], [76.86833333333333, 28.394166666666667], [76.86833333333333, 28.393333333333334], [76.86749999999999, 28.393333333333334], [76.86749999999999, 28.392500000000002], [76.86833333333333, 28.392500000000002], [76.86833333333333, 28.391666666666666], [76.86833333333333, 28.390833333333333], [76.86833333333333, 28.39], [76.86749999999999, 28.39], [76.86749999999999, 28.390833333333333], [76.86749999999999, 28.391666666666666], [76.86666666666666, 28.391666666666666], [76.86666666666666, 28.392500000000002], [76.86666666666666, 28.393333333333334], [76.86666666666666, 28.394166666666667], [76.86583333333333, 28.394166666666667]]]}}, {"type": "Feature", "properties": {"product": "urban_growth", "area_ha": 9.05}, "geometry": {"type": "Polygon", "coordinates": [[[76.86, 28.4025], [76.86, 28.401666666666667], [76.86083333333333, 28.401666666666667], [76.86166666666666, 28.401666666666667], [76.8625, 28.401666666666667], [76.8625, 28.400833333333335], [76.8625, 28.400000000000002], [76.86166666666666, 28.400000000000002], [76.86083333333333, 28.400000000000002], [76.86, 28.400000000000002], [76.85916666666667, 28.400000000000002], [76.85916666666667, 28.400833333333335], [76.85833333333333, 28.400833333333335], [76.85749999999999, 28.400833333333335], [76.85749999999999, 28.401666666666667], [76.85833333333333, 28.401666666666667], [76.85833333333333, 28.4025], [76.85916666666667, 28.4025], [76.86, 28.4025]]]}}, {"type": "Feature", "properties": {"product": "urban_growth", "area_ha": 6.78}, "geometry": {"type": "Polygon", "coordinates": [[[76.85166666666666, 28.479166666666668], [76.85166666666666, 28.48], [76.85249999999999, 28.48], [76.85249999999999, 28.479166666666668], [76.85249999999999, 28.478333333333335], [76.85249999999999, 28.4775], [76.85249999999999, 28.476666666666667], [76.85166666666666, 28.476666666666667], [76.85166666666666, 28.475833333333334], [76.85166666666666, 28.475], [76.85249999999999, 28.475], [76.85249999999999, 28.47416666666667], [76.85166666666666, 28.47416666666667], [76.85083333333333, 28.47416666666667], [76.85083333333333, 28.475], [76.85083333333333, 28.475833333333334], [76.85083333333333, 28.476666666666667], [76.85083333333333, 28.4775], [76.85166666666666, 28.4775], [76.85166666666666, 28.478333333333335], [76.85166666666666, 28.479166666666668]]]}}, {"type": "Feature", "properties": {"product": "urban_growth", "area_ha": 9.8}, "geometry": {"type": "Polygon", "coordinates": [[[76.85749999999999, 28.479166666666668], [76.85833333333333, 28.479166666666668], [76.85833333333333, 28.478333333333335], [76.85916666666667, 28.478333333333335], [76.85916666666667, 28.4775], [76.86, 28.4775], [76.86, 28.476666666666667], [76.85916666666667, 28.476666666666667], [76.85833333333333, 28.476666666666667], [76.85833333333333, 28.4775], [76.85749999999999, 28.4775], [76.85749999999999, 28.476666666666667], [76.85666666666665, 28.476666666666667], [76.85583333333332, 28.476666666666667], [76.85583333333332, 28.4775], [76.85499999999999, 28.4775], [76.85499999999999, 28.478333333333335], [76.85499999999999, 28.479166666666668], [76.85583333333332, 28.479166666666668], [76.85666666666665, 28.479166666666668], [76.85749999999999, 28.479166666666668]]]}}, {"type": "Feature", "properties": {"product": "urban_growth", "area_ha": 12.09}, "geometry": {"type": "Polygon", "coordinates": [[[76.87166666666666, 28.184166666666666], [76.87166666666666, 28.185000000000002], [76.87249999999999, 28.185000000000002], [76.87249999999999, 28.185833333333335], [76.87333333333332, 28.185833333333335], [76.87416666666667, 28.185833333333335], [76.875, 28.185833333333335], [76.875, 28.185000000000002], [76.87416666666667, 28.185000000000002], [76.87333333333332, 28.185000000000002], [76.87333333333332, 28.184166666666666], [76.87416666666667, 28.184166666666666], [76.875, 28.184166666666666], [76.875, 28.183333333333334], [76.87416666666667, 28.183333333333334], [76.87333333333332, 28.183333333333334], [76.87249999999999, 28.183333333333334], [76.87249999999999, 28.1825], [76.87166666666666, 28.1825], [76.87083333333332, 28.1825], [76.87083333333332, 28.18166666666667], [76.86999999999999, 28.18166666666667], [76.86916666666666, 28.18166666666667], [76.86833333333333, 28.18166666666667], [76.86833333333333, 28.1825], [76.86916666666666, 28.1825], [76.86999999999999, 28.1825], [76.86999999999999, 28.183333333333334], [76.87083333333332, 28.183333333333334], [76.87083333333332, 28.184166666666666], [76.87166666666666, 28.184166666666666]]]}}, {"type": "Feature", "properties": {"product": "urban_growth", "area_ha": 11.34}, "geometry": {"type": "Polygon", "coordinates": [[[76.87833333333333, 28.186666666666667], [76.87833333333333, 28.1875], [76.87916666666666, 28.1875], [76.88, 28.1875], [76.88, 28.188333333333333], [76.88083333333333, 28.188333333333333], [76.88166666666666, 28.188333333333333], [76.8825, 28.188333333333333], [76.8825, 28.1875], [76.88166666666666, 28.1875], [76.88166666666666, 28.186666666666667], [76.88083333333333, 28.186666666666667], [76.88083333333333, 28.185833333333335], [76.88, 28.185833333333335], [76.87916666666666, 28.185833333333335], [76.87833333333333, 28.185833333333335], [76.87833333333333, 28.185000000000002], [76.87833333333333, 28.184166666666666], [76.8775, 28.184166666666666], [76.87666666666667, 28.184166666666666], [76.87666666666667, 28.185000000000002], [76.87666666666667, 28.185833333333335], [76.8775, 28.185833333333335], [76.8775, 28.186666666666667], [76.87833333333333, 28.186666666666667]]]}}, {"type": "Feature", "properties": {"product": "urban_growth", "area_ha": 6.79}, "geometry": {"type": "Polygon", "coordinates": [[[76.87583333333333, 28.37], [76.87583333333333, 28.370833333333334], [76.87583333333333, 28.371666666666666], [76.87666666666667, 28.371666666666666], [76.87666666666667, 28.372500000000002], [76.87666666666667, 28.373333333333335], [76.87666666666667, 28.374166666666667], [76.8775, 28.374166666666667], [76.8775, 28.373333333333335], [76.8775, 28.372500000000002], [76.8775, 28.371666666666666], [76.8775, 28.370833333333334], [76.87833333333333, 28.370833333333334], [76.87833333333333, 28.37], [76.8775, 28.37], [76.8775, 28.36916666666667], [76.87666666666667, 28.36916666666667], [76.87666666666667, 28.37], [76.87583333333333, 28.37]]]}}, {"type": "Feature", "properties": {"product": "urban_growth", "area_ha": 9.04}, "geometry": {"type": "Polygon", "coordinates": [[[76.87249999999999, 28.500833333333333], [76.87249999999999, 28.50166666666667], [76.87333333333332, 28.50166666666667], [76.87416666666667, 28.50166666666667], [76.87416666666667, 28.5025], [76.875, 28.5025], [76.875, 28.50166666666667], [76.875, 28.500833333333333], [76.875, 28.5], [76.875, 28.499166666666667], [76.87416666666667, 28.499166666666667], [76.87416666666667, 28.498333333333335], [76.87333333333332, 28.498333333333335], [76.87333333333332, 28.497500000000002], [76.87249999999999, 28.497500000000002], [76.87249999999999, 28.498333333333335], [76.87249999999999, 28.499166666666667], [76.87249999999999, 28.5], [76.87333333333332, 28.5], [76.87333333333332, 28.500833333333333], [76.87249999999999, 28.500833333333333]]]}}, {"type": "Feature", "properties": {"product": "urban_growth", "area_ha": 7.54}, "geometry": {"type": "Polygon", "coordinates": [[[76.88583333333332, 28.363333333333333], [76.88583333333332, 28.3625], [76.88666666666666, 28.3625], [76.88666666666666, 28.363333333333333], [76.88749999999999, 28.363333333333333], [76.88749999999999, 28.3625], [76.88749999999999, 28.361666666666668], [76.88666666666666, 28.361666666666668], [76.88583333333332, 28.361666666666668], [76.88499999999999, 28.361666666666668], [76.88416666666666, 28.361666666666668], [76.88333333333333, 28.361666666666668], [76.8825, 28.361666666666668], [76.8825, 28.3625], [76.88333333333333, 28.3625], [76.88416666666666, 28.3625], [76.88416666666666, 28.363333333333333], [76.88499999999999, 28.363333333333333], [76.88499999999999, 28.364166666666666], [76.88583333333332, 28.364166666666666], [76.88583333333332, 28.363333333333333]]]}}, {"type": "Feature", "properties": {"product": "urban_growth", "area_ha": 7.54}, "geometry": {"type": "Polygon", "coordinates": [[[76.88916666666667, 28.41166666666667], [76.89, 28.41166666666667], [76.89083333333333, 28.41166666666667], [76.89083333333333, 28.410833333333333], [76.89166666666667, 28.410833333333333], [76.8925, 28.410833333333333], [76.89333333333333, 28.410833333333333], [76.89333333333333, 28.41], [76.8925, 28.41], [76.89166666666667, 28.41], [76.89166666666667, 28.409166666666668], [76.89166666666667, 28.408333333333335], [76.89083333333333, 28.408333333333335], [76.89083333333333, 28.409166666666668], [76.89083333333333, 28.41], [76.89, 28.41], [76.89, 28.410833333333333], [76.88916666666667, 28.410833333333333], [76.88916666666667, 28.41], [76.88833333333332, 28.41], [76.88833333333332, 28.410833333333333], [76.88833333333332, 28.41166666666667], [76.88916666666667, 28.41166666666667]]]}}, {"type": "Feature", "properties": {"product": "urban_growth", "area_ha": 6.03}, "geometry": {"type": "Polygon", "coordinates": [[[76.905, 28.39], [76.90416666666665, 28.39], [76.90416666666665, 28.390833333333333], [76.905, 28.390833333333333], [76.90583333333333, 28.390833333333333], [76.90583333333333, 28.391666666666666], [76.90666666666667, 28.391666666666666], [76.90666666666667, 28.390833333333333], [76.9075, 28.390833333333333], [76.9075, 28.39], [76.90666666666667, 28.39], [76.90666666666667, 28.389166666666668], [76.90666666666667, 28.388333333333335], [76.90666666666667, 28.3875], [76.90583333333333, 28.3875], [76.90583333333333, 28.388333333333335], [76.90583333333333, 28.389166666666668], [76.90583333333333, 28.39], [76.905, 28.39]]]}}, {"type": "Feature", "properties": {"product": "urban_growth", "area_ha": 6.03}, "geometry": {"type": "Polygon", "coordinates": [[[76.89583333333333, 28.409166666666668], [76.89583333333333, 28.408333333333335], [76.89583333333333, 28.407500000000002], [76.89583333333333, 28.406666666666666], [76.89583333333333, 28.405833333333334], [76.895, 28.405833333333334], [76.895, 28.406666666666666], [76.895, 28.407500000000002], [76.89416666666666, 28.407500000000002], [76.89333333333333, 28.407500000000002], [76.89333333333333, 28.408333333333335], [76.89333333333333, 28.409166666666668], [76.89416666666666, 28.409166666666668], [76.895, 28.409166666666668], [76.89583333333333, 28.409166666666668]]]}}, {"type": "Feature", "properties": {"product": "urban_growth", "area_ha": 6.79}, "geometry": {"type": "Polygon", "coordinates": [[[76.89333333333333, 28.414166666666667], [76.89416666666666, 28.414166666666667], [76.895, 28.414166666666667], [76.895, 28.415], [76.89583333333333, 28.415], [76.89583333333333, 28.414166666666667], [76.89666666666666, 28.414166666666667], [76.89666666666666, 28.413333333333334], [76.89666666666666, 28.4125], [76.89583333333333, 28.4125], [76.89583333333333, 28.413333333333334], [76.895, 28.413333333333334], [76.895, 28.4125], [76.89416666666666, 28.4125], [76.89333333333333, 28.4125], [76.8925, 28.4125], [76.8925, 28.413333333333334], [76.89333333333333, 28.413333333333334], [76.89333333333333, 28.414166666666667]]]}}, {"type": "Feature", "properties": {"product": "urban_growth", "area_ha": 8.29}, "geometry": {"type": "Polygon", "coordinates": [[[76.89666666666666, 28.5], [76.89666666666666, 28.500833333333333], [76.89583333333333, 28.500833333333333], [76.89583333333333, 28.50166666666667], [76.89583333333333, 28.5025], [76.89666666666666, 28.5025], [76.89666666666666, 28.50166666666667], [76.8975, 28.50166666666667], [76.89833333333333, 28.50166666666667], [76.89833333333333, 28.500833333333333], [76.89916666666666, 28.500833333333333], [76.89916666666666, 28.5], [76.89833333333333, 28.5], [76.89833333333333, 28.499166666666667], [76.8975, 28.499166666666667], [76.89666666666666, 28.499166666666667], [76.89666666666666, 28.498333333333335], [76.89583333333333, 28.498333333333335], [76.89583333333333, 28.499166666666667], [76.89583333333333, 28.5], [76.89666666666666, 28.5]]]}}, {"type": "Feature", "properties": {"product": "urban_growth", "area_ha": 6.04}, "geometry": {"type": "Polygon", "coordinates": [[[76.91499999999999, 28.264166666666668], [76.91583333333332, 28.264166666666668], [76.91583333333332, 28.263333333333335], [76.91499999999999, 28.263333333333335], [76.91499999999999, 28.2625], [76.91583333333332, 28.2625], [76.91666666666666, 28.2625], [76.91666666666666, 28.261666666666667], [76.91666666666666, 28.260833333333334], [76.91583333333332, 28.260833333333334], [76.91583333333332, 28.261666666666667], [76.91499999999999, 28.261666666666667], [76.91416666666666, 28.261666666666667], [76.91416666666666, 28.2625], [76.91333333333333, 28.2625], [76.91333333333333, 28.263333333333335], [76.91416666666666, 28.263333333333335], [76.91416666666666, 28.264166666666668], [76.91499999999999, 28.264166666666668]]]}}, {"type": "Feature", "properties": {"product": "urban_growth", "area_ha": 6.03}, "geometry": {"type": "Polygon", "coordinates": [[[76.91916666666665, 28.394166666666667], [76.91999999999999, 28.394166666666667], [76.92083333333333, 28.394166666666667], [76.92083333333333, 28.393333333333334], [76.91999999999999, 28.393333333333334], [76.91916666666665, 28.393333333333334], [76.91916666666665, 28.392500000000002], [76.91916666666665, 28.391666666666666], [76.91999999999999, 28.391666666666666], [76.91999999999999, 28.390833333333333], [76.91916666666665, 28.390833333333333], [76.91833333333332, 28.390833333333333], [76.91833333333332, 28.391666666666666], [76.91833333333332, 28.392500000000002], [76.91749999999999, 28.392500000000002], [76.91749999999999, 28.393333333333334], [76.91833333333332, 28.393333333333334], [76.91833333333332, 28.394166666666667], [76.91916666666665, 28.394166666666667]]]}}, {"type": "Feature", "properties": {"product": "urban_growth", "area_ha": 11.31}, "geometry": {"type": "Polygon", "coordinates": [[[76.90833333333333, 28.406666666666666], [76.90916666666666, 28.406666666666666], [76.90916666666666, 28.405833333333334], [76.91, 28.405833333333334], [76.91083333333333, 28.405833333333334], [76.91083333333333, 28.405], [76.91083333333333, 28.40416666666667], [76.91, 28.40416666666667], [76.91, 28.403333333333332], [76.90916666666666, 28.403333333333332], [76.90833333333333, 28.403333333333332], [76.90833333333333, 28.4025], [76.9075, 28.4025], [76.9075, 28.403333333333332], [76.9075, 28.40416666666667], [76.90666666666667, 28.40416666666667], [76.90666666666667, 28.405], [76.9075, 28.405], [76.9075, 28.405833333333334], [76.9075, 28.406666666666666], [76.90833333333333, 28.406666666666666]]]}}, {"type": "Feature", "properties": {"product": "urban_growth", "area_ha": 13.57}, "geometry": {"type": "Polygon", "coordinates": [[[76.91833333333332, 28.407500000000002], [76.91833333333332, 28.406666666666666], [76.91916666666665, 28.406666666666666], [76.91999999999999, 28.406666666666666], [76.91999999999999, 28.405833333333334], [76.92083333333333, 28.405833333333334], [76.92083333333333, 28.405], [76.92166666666667, 28.405], [76.92166666666667, 28.40416666666667], [76.92166666666667, 28.403333333333332], [76.92083333333333, 28.403333333333332], [76.91999999999999, 28.403333333333332], [76.91916666666665, 28.403333333333332], [76.91916666666665, 28.40416666666667], [76.91999999999999, 28.40416666666667], [76.91999999999999, 28.405], [76.91916666666665, 28.405], [76.91833333333332, 28.405], [76.91749999999999, 28.405], [76.91666666666666, 28.405], [76.91666666666666, 28.405833333333334], [76.91583333333332, 28.405833333333334], [76.91499999999999, 28.405833333333334], [76.91499999999999, 28.406666666666666], [76.91583333333332, 28.406666666666666], [76.91666666666666, 28.406666666666666], [76.91666666666666, 28.407500000000002], [76.91749999999999, 28.407500000000002], [76.91833333333332, 28.407500000000002]]]}}, {"type": "Feature", "properties": {"product": "urban_growth", "area_ha": 11.31}, "geometry": {"type": "Polygon", "coordinates": [[[76.91416666666666, 28.41166666666667], [76.91499999999999, 28.41166666666667], [76.91499999999999, 28.4125], [76.91583333333332, 28.4125], [76.91666666666666, 28.4125], [76.91749999999999, 28.4125], [76.91749999999999, 28.41166666666667], [76.91833333333332, 28.41166666666667], [76.91833333333332, 28.410833333333333], [76.91833333333332, 28.41], [76.91833333333332, 28.409166666666668], [76.91749999999999, 28.409166666666668], [76.91666666666666, 28.409166666666668], [76.91666666666666, 28.41], [76.91583333333332, 28.41], [76.91583333333332, 28.409166666666668], [76.91499999999999, 28.409166666666668], [76.91499999999999, 28.41], [76.91499999999999, 28.410833333333333], [76.91416666666666, 28.410833333333333], [76.91416666666666, 28.41166666666667]]]}}, {"type": "Feature", "properties": {"product": "urban_growth", "area_ha": 9.04}, "geometry": {"type": "Polygon", "coordinates": [[[76.91666666666666, 28.511666666666667], [76.91749999999999, 28.511666666666667], [76.91833333333332, 28.511666666666667], [76.91833333333332, 28.5125], [76.91916666666665, 28.5125], [76.91916666666665, 28.511666666666667], [76.91916666666665, 28.510833333333334], [76.91833333333332, 28.510833333333334], [76.91749999999999, 28.510833333333334], [76.91666666666666, 28.510833333333334], [76.91583333333332, 28.510833333333334], [76.91583333333332, 28.51], [76.91583333333332, 28.50916666666667], [76.91499999999999, 28.50916666666667], [76.91416666666666, 28.50916666666667], [76.91333333333333, 28.50916666666667], [76.91333333333333, 28.51], [76.91333333333333, 28.510833333333334], [76.91416666666666, 28.510833333333334], [76.91499999999999, 28.510833333333334], [76.91499999999999, 28.511666666666667], [76.91583333333332, 28.511666666666667], [76.91666666666666, 28.511666666666667]]]}}, {"type": "Feature", "properties": {"product": "urban_growth", "area_ha": 6.03}, "geometry": {"type": "Polygon", "coordinates": [[[76.92583333333333, 28.3825], [76.92583333333333, 28.381666666666668], [76.925, 28.381666666666668], [76.92416666666666, 28.381666666666668], [76.92416666666666, 28.380833333333335], [76.92333333333333, 28.380833333333335], [76.92333333333333, 28.38], [76.9225, 28.38], [76.9225, 28.380833333333335], [76.9225, 28.381666666666668], [76.9225, 28.3825], [76.92333333333333, 28.3825], [76.92333333333333, 28.383333333333333], [76.92416666666666, 28.383333333333333], [76.92416666666666, 28.3825], [76.925, 28.3825], [76.92583333333333, 28.3825]]]}}, {"type": "Feature", "properties": {"product": "urban_growth", "area_ha": 6.03}, "geometry": {"type": "Polygon", "coordinates": [[[76.9225, 28.406666666666666], [76.92333333333333, 28.406666666666666], [76.92416666666666, 28.406666666666666], [76.92416666666666, 28.405833333333334], [76.92333333333333, 28.405833333333334], [76.92333333333333, 28.405], [76.92416666666666, 28.405], [76.92416666666666, 28.40416666666667], [76.92333333333333, 28.40416666666667], [76.92333333333333, 28.403333333333332], [76.9225, 28.403333333333332], [76.9225, 28.40416666666667], [76.9225, 28.405], [76.9225, 28.405833333333334], [76.92166666666667, 28.405833333333334], [76.92166666666667, 28.406666666666666], [76.92166666666667, 28.407500000000002], [76.9225, 28.407500000000002], [76.9225, 28.406666666666666]]]}}, {"type": "Feature", "properties": {"product": "urban_growth", "area_ha": 16.59}, "geometry": {"type": "Polygon", "coordinates": [[[76.92916666666666, 28.415], [76.92833333333333, 28.415], [76.9275, 28.415], [76.9275, 28.415833333333335], [76.9275, 28.416666666666668], [76.92833333333333, 28.416666666666668], [76.92916666666666, 28.416666666666668], [76.92916666666666, 28.4175], [76.92916666666666, 28.418333333333333], [76.92833333333333, 28.418333333333333], [76.92833333333333, 28.4175], [76.9275, 28.4175], [76.92666666666666, 28.4175], [76.92666666666666, 28.418333333333333], [76.92583333333333, 28.418333333333333], [76.92583333333333, 28.41916666666667], [76.92666666666666, 28.41916666666667], [76.9275, 28.41916666666667], [76.92833333333333, 28.41916666666667], [76.92916666666666, 28.41916666666667], [76.92999999999999, 28.41916666666667], [76.93083333333333, 28.41916666666667], [76.93083333333333, 28.418333333333333], [76.93083333333333, 28.4175], [76.92999999999999, 28.4175], [76.92999999999999, 28.416666666666668], [76.92999999999999, 28.415833333333335], [76.93083333333333, 28.415833333333335], [76.93166666666666, 28.415833333333335], [76.93166666666666, 28.415], [76.93166666666666, 28.414166666666667], [76.93083333333333, 28.414166666666667], [76.93083333333333, 28.413333333333334], [76.92999999999999, 28.413333333333334], [76.92999999999999, 28.414166666666667], [76.92999999999999, 28.415], [76.92916666666666, 28.415]]]}}, {"type": "Feature", "properties": {"product": "urban_growth", "area_ha": 6.79}, "geometry": {"type": "Polygon", "coordinates": [[[76.93333333333332, 28.435000000000002], [76.93333333333332, 28.434166666666666], [76.93416666666666, 28.434166666666666], [76.93416666666666, 28.433333333333334], [76.93333333333332, 28.433333333333334], [76.93249999999999, 28.433333333333334], [76.93166666666666, 28.433333333333334], [76.93083333333333, 28.433333333333334], [76.92999999999999, 28.433333333333334], [76.92916666666666, 28.433333333333334], [76.92916666666666, 28.434166666666666], [76.92999999999999, 28.434166666666666], [76.93083333333333, 28.434166666666666], [76.93083333333333, 28.435000000000002], [76.93166666666666, 28.435000000000002], [76.93249999999999, 28.435000000000002], [76.93333333333332, 28.435000000000002]]]}}, {"type": "Feature", "properties": {"product": "urban_growth", "area_ha": 13.58}, "geometry": {"type": "Polygon", "coordinates": [[[76.94333333333333, 28.39], [76.9425, 28.39], [76.94166666666666, 28.39], [76.94166666666666, 28.390833333333333], [76.94166666666666, 28.391666666666666], [76.9425, 28.391666666666666], [76.94333333333333, 28.391666666666666], [76.94333333333333, 28.392500000000002], [76.94416666666666, 28.392500000000002], [76.94416666666666, 28.391666666666666], [76.94416666666666, 28.390833333333333], [76.94416666666666, 28.39], [76.94416666666666, 28.389166666666668], [76.945, 28.389166666666668], [76.94583333333333, 28.389166666666668], [76.94666666666666, 28.389166666666668], [76.94666666666666, 28.388333333333335], [76.94583333333333, 28.388333333333335], [76.94583333333333, 28.3875], [76.945, 28.3875], [76.94416666666666, 28.3875], [76.94333333333333, 28.3875], [76.9425, 28.3875], [76.9425, 28.388333333333335], [76.94166666666666, 28.388333333333335], [76.94166666666666, 28.389166666666668], [76.9425, 28.389166666666668], [76.94333333333333, 28.389166666666668], [76.94333333333333, 28.39]]]}}, {"type": "Feature", "properties": {"product": "urban_growth", "area_ha": 10.56}, "geometry": {"type": "Polygon", "coordinates": [[[76.94, 28.414166666666667], [76.93916666666667, 28.414166666666667], [76.93833333333333, 28.414166666666667], [76.93833333333333, 28.415], [76.93833333333333, 28.415833333333335], [76.93833333333333, 28.416666666666668], [76.93916666666667, 28.416666666666668], [76.94, 28.416666666666668], [76.94, 28.415833333333335], [76.94083333333333, 28.415833333333335], [76.94166666666666, 28.415833333333335], [76.94166666666666, 28.415], [76.94166666666666, 28.414166666666667], [76.9425, 28.414166666666667], [76.9425, 28.413333333333334], [76.94166666666666, 28.413333333333334], [76.94166666666666, 28.4125], [76.94083333333333, 28.4125], [76.94, 28.4125], [76.94, 28.413333333333334], [76.94083333333333, 28.413333333333334], [76.94083333333333, 28.414166666666667], [76.94, 28.414166666666667]]]}}, {"type": "Feature", "properties": {"product": "urban_growth", "area_ha": 7.54}, "geometry": {"type": "Polygon", "coordinates": [[[76.93666666666667, 28.424166666666668], [76.9375, 28.424166666666668], [76.9375, 28.425], [76.93833333333333, 28.425], [76.93833333333333, 28.424166666666668], [76.93833333333333, 28.423333333333336], [76.93833333333333, 28.4225], [76.93833333333333, 28.421666666666667], [76.93833333333333, 28.420833333333334], [76.93833333333333, 28.42], [76.93833333333333, 28.41916666666667], [76.93833333333333, 28.418333333333333], [76.9375, 28.418333333333333], [76.9375, 28.41916666666667], [76.9375, 28.42], [76.9375, 28.420833333333334], [76.9375, 28.421666666666667], [76.9375, 28.4225], [76.93666666666667, 28.4225], [76.93666666666667, 28.423333333333336], [76.93666666666667, 28.424166666666668]]]}}, {"type": "Feature", "properties": {"product": "urban_growth", "area_ha": 13.57}, "geometry": {"type": "Polygon", "coordinates": [[[76.94, 28.420833333333334], [76.94, 28.421666666666667], [76.93916666666667, 28.421666666666667], [76.93916666666667, 28.4225], [76.93916666666667, 28.423333333333336], [76.94, 28.423333333333336], [76.94083333333333, 28.423333333333336], [76.94083333333333, 28.4225], [76.94083333333333, 28.421666666666667], [76.94166666666666, 28.421666666666667], [76.94166666666666, 28.4225], [76.94166666666666, 28.423333333333336], [76.9425, 28.423333333333336], [76.9425, 28.4225], [76.94333333333333, 28.4225], [76.94416666666666, 28.4225], [76.94416666666666, 28.421666666666667], [76.94416666666666, 28.420833333333334], [76.94333333333333, 28.420833333333334], [76.9425, 28.420833333333334], [76.9425, 28.42], [76.9425, 28.41916666666667], [76.94333333333333, 28.41916666666667], [76.94416666666666, 28.41916666666667], [76.94416666666666, 28.418333333333333], [76.94333333333333, 28.418333333333333], [76.9425, 28.418333333333333], [76.94166666666666, 28.418333333333333], [76.94166666666666, 28.41916666666667], [76.94166666666666, 28.42], [76.94166666666666, 28.420833333333334], [76.94083333333333, 28.420833333333334], [76.94, 28.420833333333334]]]}}, {"type": "Feature", "properties": {"product": "urban_growth", "area_ha": 7.54}, "geometry": {"type": "Polygon", "coordinates": [[[76.93083333333333, 28.4725], [76.93083333333333, 28.473333333333333], [76.93166666666666, 28.473333333333333], [76.93249999999999, 28.473333333333333], [76.93333333333332, 28.473333333333333], [76.93416666666666, 28.473333333333333], [76.93416666666666, 28.4725], [76.93333333333332, 28.4725], [76.93333333333332, 28.471666666666668], [76.93249999999999, 28.471666666666668], [76.93249999999999, 28.470833333333335], [76.93249999999999, 28.470000000000002], [76.93166666666666, 28.470000000000002], [76.93083333333333, 28.470000000000002], [76.93083333333333, 28.470833333333335], [76.93083333333333, 28.471666666666668], [76.93083333333333, 28.4725]], [[76.93249999999999, 28.4725], [76.93166666666666, 28.4725], [76.93166666666666, 28.471666666666668], [76.93249999999999, 28.471666666666668], [76.93249999999999, 28.4725]]]}}, {"type": "Feature", "properties": {"product": "urban_growth", "area_ha": 12.06}, "geometry": {"type": "Polygon", "coordinates": [[[76.93666666666667, 28.4875], [76.9375, 28.4875], [76.93833333333333, 28.4875], [76.93833333333333, 28.488333333333333], [76.93833333333333, 28.489166666666666], [76.93916666666667, 28.489166666666666], [76.93916666666667, 28.488333333333333], [76.93916666666667, 28.4875], [76.94, 28.4875], [76.94, 28.486666666666668], [76.94083333333333, 28.486666666666668], [76.94083333333333, 28.485833333333336], [76.94, 28.485833333333336], [76.93916666666667, 28.485833333333336], [76.93916666666667, 28.485], [76.93833333333333, 28.485], [76.93833333333333, 28.484166666666667], [76.9375, 28.484166666666667], [76.93666666666667, 28.484166666666667], [76.93583333333332, 28.484166666666667], [76.93583333333332, 28.485], [76.93666666666667, 28.485], [76.9375, 28.485], [76.9375, 28.485833333333336], [76.93666666666667, 28.485833333333336], [76.93583333333332, 28.485833333333336], [76.93583333333332, 28.486666666666668], [76.93666666666667, 28.486666666666668], [76.93666666666667, 28.4875]], [[76.93833333333333, 28.485833333333336], [76.93833333333333, 28.486666666666668], [76.9375, 28.486666666666668], [76.9375, 28.485833333333336], [76.93833333333333, 28.485833333333336]]]}}, {"type": "Feature", "properties": {"product": "urban_growth", "area_ha": 7.54}, "geometry": {"type": "Polygon", "coordinates": [[[76.93333333333332, 28.490000000000002], [76.93333333333332, 28.489166666666666], [76.93249999999999, 28.489166666666666], [76.93249999999999, 28.488333333333333], [76.93166666666666, 28.488333333333333], [76.93166666666666, 28.489166666666666], [76.93083333333333, 28.489166666666666], [76.93083333333333, 28.490000000000002], [76.93083333333333, 28.490833333333335], [76.93083333333333, 28.491666666666667], [76.93166666666666, 28.491666666666667], [76.93249999999999, 28.491666666666667], [76.93249999999999, 28.4925], [76.93333333333332, 28.4925], [76.93333333333332, 28.491666666666667], [76.93333333333332, 28.490833333333335], [76.93333333333332, 28.490000000000002]], [[76.93166666666666, 28.490000000000002], [76.93249999999999, 28.490000000000002], [76.93249999999999, 28.490833333333335], [76.93166666666666, 28.490833333333335], [76.93166666666666, 28.490000000000002]]]}}, {"type": "Feature", "properties": {"product": "urban_growth", "area_ha": 15.84}, "geometry": {"type": "Polygon", "coordinates": [[[76.95083333333332, 28.392500000000002], [76.95083333333332, 28.393333333333334], [76.94999999999999, 28.393333333333334], [76.94999999999999, 28.394166666666667], [76.94999999999999, 28.395], [76.94999999999999, 28.395833333333336], [76.94916666666666, 28.395833333333336], [76.94833333333332, 28.395833333333336], [76.94833333333332, 28.39666666666667], [76.94749999999999, 28.39666666666667], [76.94749999999999, 28.3975], [76.94833333333332, 28.3975], [76.94833333333332, 28.398333333333333], [76.94916666666666, 28.398333333333333], [76.94999999999999, 28.398333333333333], [76.94999999999999, 28.3975], [76.95083333333332, 28.3975], [76.95083333333332, 28.39666666666667], [76.95166666666667, 28.39666666666667], [76.9525, 28.39666666666667], [76.95333333333333, 28.39666666666667], [76.95333333333333, 28.3975], [76.95416666666667, 28.3975], [76.95416666666667, 28.39666666666667], [76.955, 28.39666666666667], [76.955, 28.395833333333336], [76.95416666666667, 28.395833333333336], [76.95416666666667, 28.395], [76.95333333333333, 28.395], [76.95333333333333, 28.395833333333336], [76.9525, 28.395833333333336], [76.95166666666667, 28.395833333333336], [76.95083333333332, 28.395833333333336], [76.95083333333332, 28.395], [76.95083333333332, 28.394166666666667], [76.95166666666667, 28.394166666666667], [76.95166666666667, 28.393333333333334], [76.95166666666667, 28.392500000000002], [76.95083333333332, 28.392500000000002]]]}}, {"type": "Feature", "properties": {"product": "urban_growth", "area_ha": 9.05}, "geometry": {"type": "Polygon", "coordinates": [[[76.94916666666666, 28.409166666666668], [76.94916666666666, 28.41], [76.94999999999999, 28.41], [76.94999999999999, 28.409166666666668], [76.95083333333332, 28.409166666666668], [76.95083333333332, 28.408333333333335], [76.94999999999999, 28.408333333333335], [76.94916666666666, 28.408333333333335], [76.94916666666666, 28.407500000000002], [76.94833333333332, 28.407500000000002], [76.94833333333332, 28.406666666666666], [76.94833333333332, 28.405833333333334], [76.94833333333332, 28.405], [76.94749999999999, 28.405], [76.94666666666666, 28.405], [76.94666666666666, 28.405833333333334], [76.94666666666666, 28.406666666666666], [76.94666666666666, 28.407500000000002], [76.94749999999999, 28.407500000000002], [76.94749999999999, 28.408333333333335], [76.94833333333332, 28.408333333333335], [76.94833333333332, 28.409166666666668], [76.94916666666666, 28.409166666666668]]]}}, {"type": "Feature", "properties": {"product": "urban_growth", "area_ha": 38.46}, "geometry": {"type": "Polygon", "coordinates": [[[76.94583333333333, 28.420833333333334], [76.945, 28.420833333333334], [76.945, 28.421666666666667], [76.945, 28.4225], [76.94583333333333, 28.4225], [76.94583333333333, 28.423333333333336], [76.94583333333333, 28.424166666666668], [76.945, 28.424166666666668], [76.945, 28.425], [76.94583333333333, 28.425], [76.94666666666666, 28.425], [76.94666666666666, 28.425833333333333], [76.94749999999999, 28.425833333333333], [76.94833333333332, 28.425833333333333], [76.94916666666666, 28.425833333333333], [76.94916666666666, 28.425], [76.94916666666666, 28.424166666666668], [76.94916666666666, 28.423333333333336], [76.94833333333332, 28.423333333333336], [76.94833333333332, 28.4225], [76.94916666666666, 28.4225], [76.94999999999999, 28.4225], [76.95083333333332, 28.4225], [76.95083333333332, 28.421666666666667], [76.95083333333332, 28.420833333333334], [76.95166666666667, 28.420833333333334], [76.95166666666667, 28.42], [76.95166666666667, 28.41916666666667], [76.9525, 28.41916666666667], [76.9525, 28.418333333333333], [76.95166666666667, 28.418333333333333], [76.95083333333332, 28.418333333333333], [76.95083333333332, 28.41916666666667], [76.94999999999999, 28.41916666666667], [76.94999999999999, 28.418333333333333], [76.94916666666666, 28.418333333333333], [76.94916666666666, 28.4175], [76.94833333333332, 28.4175], [76.94749999999999, 28.4175], [76.94666666666666, 28.4175], [76.94666666666666, 28.418333333333333], [76.94583333333333, 28.418333333333333], [76.945, 28.418333333333333], [76.945, 28.41916666666667], [76.94583333333333, 28.41916666666667], [76.94583333333333, 28.42], [76.94583333333333, 28.420833333333334]], [[76.94833333333332, 28.424166666666668], [76.94749999999999, 28.424166666666668], [76.94749999999999, 28.423333333333336], [76.94833333333332, 28.423333333333336], [76.94833333333332, 28.424166666666668]], [[76.94999999999999, 28.42], [76.94999999999999, 28.420833333333334], [76.94916666666666, 28.420833333333334], [76.94833333333332, 28.420833333333334], [76.94833333333332, 28.42], [76.94916666666666, 28.42], [76.94999999999999, 28.42]]]}}, {"type": "Feature", "properties": {"product": "urban_growth", "area_ha": 14.33}, "geometry": {"type": "Polygon", "coordinates": [[[76.95583333333333, 28.3975], [76.95583333333333, 28.398333333333333], [76.955, 28.398333333333333], [76.95416666666667, 28.398333333333333], [76.95416666666667, 28.399166666666666], [76.95416666666667, 28.400000000000002], [76.95416666666667, 28.400833333333335], [76.955, 28.400833333333335], [76.955, 28.400000000000002], [76.95583333333333, 28.400000000000002], [76.95583333333333, 28.399166666666666], [76.95666666666666, 28.399166666666666], [76.95666666666666, 28.398333333333333], [76.9575, 28.398333333333333], [76.9575, 28.3975], [76.95833333333333, 28.3975], [76.95833333333333, 28.398333333333333], [76.95916666666666, 28.398333333333333], [76.96, 28.398333333333333], [76.96, 28.3975], [76.95916666666666, 28.3975], [76.95916666666666, 28.39666666666667], [76.96, 28.39666666666667], [76.96, 28.395833333333336], [76.96, 28.395], [76.96, 28.394166666666667], [76.95916666666666, 28.394166666666667], [76.95916666666666, 28.395], [76.95833333333333, 28.395], [76.95833333333333, 28.395833333333336], [76.9575, 28.395833333333336], [76.9575, 28.39666666666667], [76.95666666666666, 28.39666666666667], [76.95666666666666, 28.3975], [76.95583333333333, 28.3975]]]}}, {"type": "Feature", "properties": {"product": "urban_growth", "area_ha": 6.03}, "geometry": {"type": "Polygon", "coordinates": [[[76.96583333333332, 28.398333333333333], [76.96583333333332, 28.399166666666666], [76.96666666666665, 28.399166666666666], [76.96666666666665, 28.398333333333333], [76.96666666666665, 28.3975], [76.96666666666665, 28.39666666666667], [76.96583333333332, 28.39666666666667], [76.96583333333332, 28.3975], [76.96499999999999, 28.3975], [76.96416666666666, 28.3975], [76.96416666666666, 28.39666666666667], [76.96333333333332, 28.39666666666667], [76.96249999999999, 28.39666666666667], [76.96249999999999, 28.3975], [76.96333333333332, 28.3975], [76.96333333333332, 28.398333333333333], [76.96416666666666, 28.398333333333333], [76.96499999999999, 28.398333333333333], [76.96583333333332, 28.398333333333333]]]}}, {"type": "Feature", "properties": {"product": "urban_growth", "area_ha": 11.31}, "geometry": {"type": "Polygon", "coordinates": [[[76.95833333333333, 28.40416666666667], [76.95916666666666, 28.40416666666667], [76.95916666666666, 28.405], [76.95833333333333, 28.405], [76.95833333333333, 28.405833333333334], [76.95833333333333, 28.406666666666666], [76.95916666666666, 28.406666666666666], [76.96, 28.406666666666666], [76.96, 28.405833333333334], [76.96, 28.405], [76.96083333333333, 28.405], [76.96166666666666, 28.405], [76.96166666666666, 28.40416666666667], [76.96166666666666, 28.403333333333332], [76.96166666666666, 28.4025], [76.96166666666666, 28.401666666666667], [76.96166666666666, 28.400833333333335], [76.96083333333333, 28.400833333333335], [76.96083333333333, 28.401666666666667], [76.96083333333333, 28.4025], [76.96, 28.4025], [76.95916666666666, 28.4025], [76.95916666666666, 28.403333333333332], [76.95833333333333, 28.403333333333332], [76.95833333333333, 28.40416666666667]], [[76.96, 28.403333333333332], [76.96083333333333, 28.403333333333332], [76.96083333333333, 28.40416666666667], [76.96, 28.40416666666667], [76.96, 28.403333333333332]]]}}, {"type": "Feature", "properties": {"product": "urban_growth", "area_ha": 6.79}, "geometry": {"type": "Polygon", "coordinates": [[[76.96249999999999, 28.415833333333335], [76.96333333333332, 28.415833333333335], [76.96333333333332, 28.415], [76.96333333333332, 28.414166666666667], [76.96249999999999, 28.414166666666667], [76.96166666666666, 28.414166666666667], [76.96083333333333, 28.414166666666667], [76.96083333333333, 28.415], [76.96, 28.415], [76.96, 28.415833333333335], [76.96, 28.416666666666668], [76.96083333333333, 28.416666666666668], [76.96166666666666, 28.416666666666668], [76.96166666666666, 28.415833333333335], [76.96249999999999, 28.415833333333335]]]}}, {"type": "Feature", "properties": {"product": "urban_growth", "area_ha": 12.07}, "geometry": {"type": "Polygon", "coordinates": [[[76.96333333333332, 28.41916666666667], [76.96333333333332, 28.42], [76.96333333333332, 28.420833333333334], [76.96416666666666, 28.420833333333334], [76.96416666666666, 28.42], [76.96416666666666, 28.41916666666667], [76.96499999999999, 28.41916666666667], [76.96499999999999, 28.42], [76.96499999999999, 28.420833333333334], [76.96583333333332, 28.420833333333334], [76.96666666666665, 28.420833333333334], [76.9675, 28.420833333333334], [76.9675, 28.421666666666667], [76.96833333333333, 28.421666666666667], [76.96833333333333, 28.420833333333334], [76.96833333333333, 28.42], [76.9675, 28.42], [76.96666666666665, 28.42], [76.96583333333332, 28.42], [76.96583333333332, 28.41916666666667], [76.96583333333332, 28.418333333333333], [76.96583333333332, 28.4175], [76.96499999999999, 28.4175], [76.96499999999999, 28.416666666666668], [76.96416666666666, 28.416666666666668], [76.96333333333332, 28.416666666666668], [76.96333333333332, 28.4175], [76.96333333333332, 28.418333333333333], [76.96333333333332, 28.41916666666667]]]}}, {"type": "Feature", "properties": {"product": "urban_growth", "area_ha": 6.03}, "geometry": {"type": "Polygon", "coordinates": [[[76.96083333333333, 28.4475], [76.96166666666666, 28.4475], [76.96166666666666, 28.44666666666667], [76.96166666666666, 28.445833333333333], [76.96083333333333, 28.445833333333333], [76.96083333333333, 28.445], [76.96, 28.445], [76.95916666666666, 28.445], [76.95916666666666, 28.445833333333333], [76.96, 28.445833333333333], [76.96, 28.44666666666667], [76.96, 28.4475], [76.96, 28.448333333333334], [76.96, 28.449166666666667], [76.96083333333333, 28.449166666666667], [76.96083333333333, 28.448333333333334], [76.96083333333333, 28.4475]]]}}, {"type": "Feature", "properties": {"product": "urban_growth", "area_ha": 6.78}, "geometry": {"type": "Polygon", "coordinates": [[[76.95666666666666, 28.499166666666667], [76.95666666666666, 28.498333333333335], [76.95666666666666, 28.497500000000002], [76.95666666666666, 28.496666666666666], [76.95666666666666, 28.495833333333334], [76.95666666666666, 28.495], [76.95583333333333, 28.495], [76.95583333333333, 28.495833333333334], [76.955, 28.495833333333334], [76.955, 28.496666666666666], [76.955, 28.497500000000002], [76.955, 28.498333333333335], [76.955, 28.499166666666667], [76.95583333333333, 28.499166666666667], [76.95666666666666, 28.499166666666667]]]}}, {"type": "Feature", "properties": {"product": "urban_growth", "area_ha": 12.07}, "geometry": {"type": "Polygon", "coordinates": [[[76.97083333333333, 28.360833333333336], [76.97083333333333, 28.361666666666668], [76.97083333333333, 28.3625], [76.97083333333333, 28.363333333333333], [76.97166666666666, 28.363333333333333], [76.9725, 28.363333333333333], [76.9725, 28.3625], [76.9725, 28.361666666666668], [76.97166666666666, 28.361666666666668], [76.97166666666666, 28.360833333333336], [76.9725, 28.360833333333336], [76.9725, 28.36], [76.97166666666666, 28.36], [76.97166666666666, 28.359166666666667], [76.9725, 28.359166666666667], [76.97333333333333, 28.359166666666667], [76.97333333333333, 28.358333333333334], [76.97333333333333, 28.3575], [76.97333333333333, 28.35666666666667], [76.9725, 28.35666666666667], [76.9725, 28.3575], [76.97166666666666, 28.3575], [76.97083333333333, 28.3575], [76.97083333333333, 28.358333333333334], [76.97083333333333, 28.359166666666667], [76.97, 28.359166666666667], [76.97, 28.36], [76.97083333333333, 28.36], [76.97083333333333, 28.360833333333336]]]}}, {"type": "Feature", "properties": {"product": "urban_growth", "area_ha": 6.79}, "geometry": {"type": "Polygon", "coordinates": [[[76.96833333333333, 28.3875], [76.96916666666667, 28.3875], [76.97, 28.3875], [76.97083333333333, 28.3875], [76.97166666666666, 28.3875], [76.9725, 28.3875], [76.9725, 28.386666666666667], [76.97166666666666, 28.386666666666667], [76.97166666666666, 28.385833333333334], [76.97083333333333, 28.385833333333334], [76.97083333333333, 28.386666666666667], [76.97, 28.386666666666667], [76.97, 28.385833333333334], [76.96916666666667, 28.385833333333334], [76.96916666666667, 28.385], [76.96833333333333, 28.385], [76.96833333333333, 28.385833333333334], [76.96833333333333, 28.386666666666667], [76.96833333333333, 28.3875]]]}}, {"type": "Feature", "properties": {"product": "urban_growth", "area_ha": 12.82}, "geometry": {"type": "Polygon", "coordinates": [[[76.9675, 28.390833333333333], [76.96666666666665, 28.390833333333333], [76.96666666666665, 28.391666666666666], [76.96666666666665, 28.392500000000002], [76.9675, 28.392500000000002], [76.9675, 28.391666666666666], [76.96833333333333, 28.391666666666666], [76.96833333333333, 28.392500000000002], [76.96916666666667, 28.392500000000002], [76.96916666666667, 28.391666666666666], [76.97, 28.391666666666666], [76.97, 28.392500000000002], [76.97083333333333, 28.392500000000002], [76.97166666666666, 28.392500000000002], [76.97166666666666, 28.393333333333334], [76.9725, 28.393333333333334], [76.97333333333333, 28.393333333333334], [76.97416666666666, 28.393333333333334], [76.97416666666666, 28.392500000000002], [76.97416666666666, 28.391666666666666], [76.97333333333333, 28.391666666666666], [76.97333333333333, 28.392500000000002], [76.9725, 28.392500000000002], [76.9725, 28.391666666666666], [76.97166666666666, 28.391666666666666], [76.97083333333333, 28.391666666666666], [76.97083333333333, 28.390833333333333], [76.97083333333333, 28.39], [76.97, 28.39], [76.96916666666667, 28.39], [76.96916666666667, 28.390833333333333], [76.96833333333333, 28.390833333333333], [76.96833333333333, 28.39], [76.9675, 28.39], [76.9675, 28.390833333333333]]]}}, {"type": "Feature", "properties": {"product": "urban_growth", "area_ha": 7.54}, "geometry": {"type": "Polygon", "coordinates": [[[76.96833333333333, 28.409166666666668], [76.96916666666667, 28.409166666666668], [76.96916666666667, 28.408333333333335], [76.97, 28.408333333333335], [76.97, 28.407500000000002], [76.97, 28.406666666666666], [76.97, 28.405833333333334], [76.96916666666667, 28.405833333333334], [76.96833333333333, 28.405833333333334], [76.96833333333333, 28.406666666666666], [76.96833333333333, 28.407500000000002], [76.9675, 28.407500000000002], [76.9675, 28.408333333333335], [76.96666666666665, 28.408333333333335], [76.96666666666665, 28.409166666666668], [76.9675, 28.409166666666668], [76.96833333333333, 28.409166666666668]]]}}, {"type": "Feature", "properties": {"product": "urban_growth", "area_ha": 12.82}, "geometry": {"type": "Polygon", "coordinates": [[[76.96833333333333, 28.4175], [76.96833333333333, 28.418333333333333], [76.96916666666667, 28.418333333333333], [76.97, 28.418333333333333], [76.97083333333333, 28.418333333333333], [76.97166666666666, 28.418333333333333], [76.97166666666666, 28.4175], [76.9725, 28.4175], [76.97333333333333, 28.4175], [76.97416666666666, 28.4175], [76.975, 28.4175], [76.975, 28.418333333333333], [76.97583333333333, 28.418333333333333], [76.97583333333333, 28.4175], [76.97583333333333, 28.416666666666668], [76.975, 28.416666666666668], [76.97416666666666, 28.416666666666668], [76.97416666666666, 28.415833333333335], [76.97333333333333, 28.415833333333335], [76.97333333333333, 28.415], [76.9725, 28.415], [76.97166666666666, 28.415], [76.97166666666666, 28.415833333333335], [76.9725, 28.415833333333335], [76.9725, 28.416666666666668], [76.97166666666666, 28.416666666666668], [76.97083333333333, 28.416666666666668], [76.97, 28.416666666666668], [76.96916666666667, 28.416666666666668], [76.96916666666667, 28.4175], [76.96833333333333, 28.4175]]]}}, {"type": "Feature", "properties": {"product": "urban_growth", "area_ha": 18.09}, "geometry": {"type": "Polygon", "coordinates": [[[76.96666666666665, 28.441666666666666], [76.96666666666665, 28.4425], [76.9675, 28.4425], [76.96833333333333, 28.4425], [76.96833333333333, 28.443333333333335], [76.96916666666667, 28.443333333333335], [76.96916666666667, 28.4425], [76.97, 28.4425], [76.97, 28.443333333333335], [76.97083333333333, 28.443333333333335], [76.97166666666666, 28.443333333333335], [76.97166666666666, 28.444166666666668], [76.9725, 28.444166666666668], [76.97333333333333, 28.444166666666668], [76.97333333333333, 28.443333333333335], [76.97416666666666, 28.443333333333335], [76.97416666666666, 28.4425], [76.97416666666666, 28.441666666666666], [76.97333333333333, 28.441666666666666], [76.97333333333333, 28.440833333333334], [76.9725, 28.440833333333334], [76.9725, 28.44], [76.97166666666666, 28.44], [76.97083333333333, 28.44], [76.97, 28.44], [76.96916666666667, 28.44], [76.96916666666667, 28.440833333333334], [76.96916666666667, 28.441666666666666], [76.96833333333333, 28.441666666666666], [76.9675, 28.441666666666666], [76.96666666666665, 28.441666666666666]], [[76.97333333333333, 28.4425], [76.9725, 28.4425], [76.97166666666666, 28.4425], [76.97166666666666, 28.441666666666666], [76.9725, 28.441666666666666], [76.97333333333333, 28.441666666666666], [76.97333333333333, 28.4425]]]}}, {"type": "Feature", "properties": {"product": "urban_growth", "area_ha": 10.55}, "geometry": {"type": "Polygon", "coordinates": [[[76.97083333333333, 28.485833333333336], [76.97083333333333, 28.486666666666668], [76.97083333333333, 28.4875], [76.97083333333333, 28.488333333333333], [76.97166666666666, 28.488333333333333], [76.97166666666666, 28.4875], [76.97166666666666, 28.486666666666668], [76.97166666666666, 28.485833333333336], [76.97166666666666, 28.485], [76.9725, 28.485], [76.97333333333333, 28.485], [76.97333333333333, 28.484166666666667], [76.97333333333333, 28.483333333333334], [76.97333333333333, 28.4825], [76.9725, 28.4825], [76.97166666666666, 28.4825], [76.97083333333333, 28.4825], [76.97083333333333, 28.483333333333334], [76.97083333333333, 28.484166666666667], [76.97, 28.484166666666667], [76.97, 28.485], [76.97083333333333, 28.485], [76.97083333333333, 28.485833333333336]]]}}, {"type": "Feature", "properties": {"product": "urban_growth", "area_ha": 11.31}, "geometry": {"type": "Polygon", "coordinates": [[[76.98249999999999, 28.41], [76.98249999999999, 28.410833333333333], [76.98333333333333, 28.410833333333333], [76.98416666666667, 28.410833333333333], [76.98416666666667, 28.41], [76.985, 28.41], [76.985, 28.409166666666668], [76.98583333333333, 28.409166666666668], [76.98666666666666, 28.409166666666668], [76.98666666666666, 28.41], [76.9875, 28.41], [76.98833333333333, 28.41], [76.98916666666666, 28.41], [76.98916666666666, 28.409166666666668], [76.98916666666666, 28.408333333333335], [76.98833333333333, 28.408333333333335], [76.98833333333333, 28.409166666666668], [76.9875, 28.409166666666668], [76.9875, 28.408333333333335], [76.98666666666666, 28.408333333333335], [76.98666666666666, 28.407500000000002], [76.98666666666666, 28.406666666666666], [76.98583333333333, 28.406666666666666], [76.98583333333333, 28.407500000000002], [76.985, 28.407500000000002], [76.985, 28.408333333333335], [76.98416666666667, 28.408333333333335], [76.98416666666667, 28.409166666666668], [76.98333333333333, 28.409166666666668], [76.98333333333333, 28.41], [76.98249999999999, 28.41]]]}}, {"type": "Feature", "properties": {"product": "urban_growth", "area_ha": 9.8}, "geometry": {"type": "Polygon", "coordinates": [[[76.975, 28.45], [76.97583333333333, 28.45], [76.97583333333333, 28.450833333333335], [76.97583333333333, 28.451666666666668], [76.97583333333333, 28.4525], [76.97666666666666, 28.4525], [76.97666666666666, 28.453333333333333], [76.97749999999999, 28.453333333333333], [76.97749999999999, 28.4525], [76.97749999999999, 28.451666666666668], [76.97749999999999, 28.450833333333335], [76.97749999999999, 28.45], [76.97666666666666, 28.45], [76.97666666666666, 28.449166666666667], [76.97666666666666, 28.448333333333334], [76.97583333333333, 28.448333333333334], [76.975, 28.448333333333334], [76.975, 28.449166666666667], [76.97416666666666, 28.449166666666667], [76.97333333333333, 28.449166666666667], [76.97333333333333, 28.45], [76.97416666666666, 28.45], [76.975, 28.45]]]}}, {"type": "Feature", "properties": {"product": "urban_growth", "area_ha": 10.55}, "geometry": {"type": "Polygon", "coordinates": [[[76.97999999999999, 28.45], [76.97999999999999, 28.450833333333335], [76.97916666666666, 28.450833333333335], [76.97916666666666, 28.451666666666668], [76.97916666666666, 28.4525], [76.97999999999999, 28.4525], [76.97999999999999, 28.451666666666668], [76.98083333333332, 28.451666666666668], [76.98083333333332, 28.450833333333335], [76.98166666666665, 28.450833333333335], [76.98166666666665, 28.451666666666668], [76.98249999999999, 28.451666666666668], [76.98249999999999, 28.4525], [76.98333333333333, 28.4525], [76.98416666666667, 28.4525], [76.98416666666667, 28.451666666666668], [76.98333333333333, 28.451666666666668], [76.98333333333333, 28.450833333333335], [76.98333333333333, 28.45], [76.98333333333333, 28.449166666666667], [76.98333333333333, 28.448333333333334], [76.98249999999999, 28.448333333333334], [76.98249999999999, 28.449166666666667], [76.98249999999999, 28.45], [76.98166666666665, 28.45], [76.98083333333332, 28.45], [76.98083333333332, 28.449166666666667], [76.97999999999999, 28.449166666666667], [76.97999999999999, 28.45]]]}}, {"type": "Feature", "properties": {"product": "urban_growth", "area_ha": 9.81}, "geometry": {"type": "Polygon", "coordinates": [[[76.9875, 28.385], [76.98833333333333, 28.385], [76.98916666666666, 28.385], [76.98916666666666, 28.38416666666667], [76.99, 28.38416666666667], [76.99, 28.383333333333333], [76.98916666666666, 28.383333333333333], [76.98916666666666, 28.3825], [76.99, 28.3825], [76.99, 28.381666666666668], [76.99083333333333, 28.381666666666668], [76.99083333333333, 28.380833333333335], [76.99, 28.380833333333335], [76.99, 28.38], [76.99, 28.379166666666666], [76.98916666666666, 28.379166666666666], [76.98916666666666, 28.38], [76.98916666666666, 28.380833333333335], [76.98916666666666, 28.381666666666668], [76.98833333333333, 28.381666666666668], [76.98833333333333, 28.3825], [76.9875, 28.3825], [76.9875, 28.383333333333333], [76.9875, 28.38416666666667], [76.9875, 28.385]]]}}, {"type": "Feature", "properties": {"product": "urban_growth", "area_ha": 6.79}, "geometry": {"type": "Polygon", "coordinates": [[[76.99166666666666, 28.394166666666667], [76.99249999999999, 28.394166666666667], [76.99333333333333, 28.394166666666667], [76.99333333333333, 28.393333333333334], [76.99416666666666, 28.393333333333334], [76.99499999999999, 28.393333333333334], [76.99583333333332, 28.393333333333334], [76.99583333333332, 28.392500000000002], [76.99499999999999, 28.392500000000002], [76.99499999999999, 28.391666666666666], [76.99416666666666, 28.391666666666666], [76.99333333333333, 28.391666666666666], [76.99249999999999, 28.391666666666666], [76.99249999999999, 28.392500000000002], [76.99249999999999, 28.393333333333334], [76.99166666666666, 28.393333333333334], [76.99166666666666, 28.394166666666667]]]}}, {"type": "Feature", "properties": {"product": "urban_growth", "area_ha": 8.3}, "geometry": {"type": "Polygon", "coordinates": [[[76.98916666666666, 28.395], [76.98916666666666, 28.395833333333336], [76.98916666666666, 28.39666666666667], [76.99, 28.39666666666667], [76.99, 28.395833333333336], [76.99, 28.395], [76.99083333333333, 28.395], [76.99083333333333, 28.394166666666667], [76.99, 28.394166666666667], [76.99, 28.393333333333334], [76.99083333333333, 28.393333333333334], [76.99166666666666, 28.393333333333334], [76.99166666666666, 28.392500000000002], [76.99083333333333, 28.392500000000002], [76.99083333333333, 28.391666666666666], [76.99, 28.391666666666666], [76.98916666666666, 28.391666666666666], [76.98916666666666, 28.392500000000002], [76.98916666666666, 28.393333333333334], [76.98833333333333, 28.393333333333334], [76.98833333333333, 28.394166666666667], [76.98916666666666, 28.394166666666667], [76.98916666666666, 28.395]]]}}, {"type": "Feature", "properties": {"product": "urban_growth", "area_ha": 6.79}, "geometry": {"type": "Polygon", "coordinates": [[[76.99749999999999, 28.40416666666667], [76.99833333333332, 28.40416666666667], [76.99916666666667, 28.40416666666667], [77.0, 28.40416666666667], [77.0, 28.403333333333332], [76.99916666666667, 28.403333333333332], [76.99833333333332, 28.403333333333332], [76.99833333333332, 28.4025], [76.99749999999999, 28.4025], [76.99666666666666, 28.4025], [76.99583333333332, 28.4025], [76.99583333333332, 28.403333333333332], [76.99499999999999, 28.403333333333332], [76.99499999999999, 28.40416666666667], [76.99583333333332, 28.40416666666667], [76.99666666666666, 28.40416666666667], [76.99749999999999, 28.40416666666667]]]}}, {"type": "Feature", "properties": {"product": "urban_growth", "area_ha": 6.03}, "geometry": {"type": "Polygon", "coordinates": [[[76.99, 28.5075], [76.99, 28.506666666666668], [76.99083333333333, 28.506666666666668], [76.99083333333333, 28.5075], [76.99166666666666, 28.5075], [76.99249999999999, 28.5075], [76.99249999999999, 28.506666666666668], [76.99166666666666, 28.506666666666668], [76.99166666666666, 28.505833333333335], [76.99166666666666, 28.505], [76.99083333333333, 28.505], [76.99083333333333, 28.505833333333335], [76.99, 28.505833333333335], [76.98916666666666, 28.505833333333335], [76.98833333333333, 28.505833333333335], [76.98833333333333, 28.506666666666668], [76.98916666666666, 28.506666666666668], [76.98916666666666, 28.5075], [76.99, 28.5075]]]}}, {"type": "Feature", "properties": {"product": "urban_growth", "area_ha": 6.78}, "geometry": {"type": "Polygon", "coordinates": [[[76.99583333333332, 28.516666666666666], [76.99583333333332, 28.515833333333333], [76.99583333333332, 28.515], [76.99583333333332, 28.514166666666668], [76.99666666666666, 28.514166666666668], [76.99749999999999, 28.514166666666668], [76.99749999999999, 28.513333333333335], [76.99749999999999, 28.5125], [76.99666666666666, 28.5125], [76.99666666666666, 28.513333333333335], [76.99583333333332, 28.513333333333335], [76.99499999999999, 28.513333333333335], [76.99499999999999, 28.514166666666668], [76.99499999999999, 28.515], [76.99499999999999, 28.515833333333333], [76.99416666666666, 28.515833333333333], [76.99416666666666, 28.516666666666666], [76.99416666666666, 28.517500000000002], [76.99499999999999, 28.517500000000002], [76.99499999999999, 28.516666666666666], [76.99583333333332, 28.516666666666666]]]}}, {"type": "Feature", "properties": {"product": "urban_growth", "area_ha": 15.12}, "geometry": {"type": "Polygon", "coordinates": [[[77.01416666666667, 28.153333333333332], [77.015, 28.153333333333332], [77.01583333333333, 28.153333333333332], [77.01583333333333, 28.1525], [77.01666666666667, 28.1525], [77.01666666666667, 28.151666666666667], [77.01666666666667, 28.150833333333335], [77.01583333333333, 28.150833333333335], [77.01583333333333, 28.150000000000002], [77.015, 28.150000000000002], [77.01416666666667, 28.150000000000002], [77.01333333333332, 28.150000000000002], [77.01249999999999, 28.150000000000002], [77.01166666666666, 28.150000000000002], [77.01166666666666, 28.150833333333335], [77.01166666666666, 28.151666666666667], [77.01166666666666, 28.1525], [77.01249999999999, 28.1525], [77.01333333333332, 28.1525], [77.01333333333332, 28.153333333333332], [77.01333333333332, 28.15416666666667], [77.01416666666667, 28.15416666666667], [77.01416666666667, 28.153333333333332]], [[77.01416666666667, 28.1525], [77.01416666666667, 28.151666666666667], [77.015, 28.151666666666667], [77.015, 28.1525], [77.01416666666667, 28.1525]]]}}, {"type": "Feature", "properties": {"product": "urban_growth", "area_ha": 15.87}, "geometry": {"type": "Polygon", "coordinates": [[[77.01249999999999, 28.21666666666667], [77.01333333333332, 28.21666666666667], [77.01416666666667, 28.21666666666667], [77.01416666666667, 28.215833333333332], [77.015, 28.215833333333332], [77.01583333333333, 28.215833333333332], [77.01666666666667, 28.215833333333332], [77.0175, 28.215833333333332], [77.01833333333333, 28.215833333333332], [77.01916666666666, 28.215833333333332], [77.02, 28.215833333333332], [77.02, 28.215], [77.02083333333333, 28.215], [77.02166666666666, 28.215], [77.02166666666666, 28.214166666666667], [77.02083333333333, 28.214166666666667], [77.02, 28.214166666666667], [77.01916666666666, 28.214166666666667], [77.01833333333333, 28.214166666666667], [77.0175, 28.214166666666667], [77.01666666666667, 28.214166666666667], [77.01666666666667, 28.215], [77.01583333333333, 28.215], [77.015, 28.215], [77.01416666666667, 28.215], [77.01333333333332, 28.215], [77.01249999999999, 28.215], [77.01166666666666, 28.215], [77.01166666666666, 28.215833333333332], [77.01083333333332, 28.215833333333332], [77.00999999999999, 28.215833333333332], [77.00999999999999, 28.21666666666667], [77.01083333333332, 28.21666666666667], [77.01166666666666, 28.21666666666667], [77.01249999999999, 28.21666666666667]]]}}, {"type": "Feature", "properties": {"product": "urban_growth", "area_ha": 14.33}, "geometry": {"type": "Polygon", "coordinates": [[[77.00083333333333, 28.403333333333332], [77.00083333333333, 28.40416666666667], [77.00166666666667, 28.40416666666667], [77.00166666666667, 28.405], [77.0025, 28.405], [77.0025, 28.40416666666667], [77.00333333333333, 28.40416666666667], [77.00333333333333, 28.403333333333332], [77.00416666666666, 28.403333333333332], [77.00416666666666, 28.4025], [77.00333333333333, 28.4025], [77.00333333333333, 28.401666666666667], [77.00416666666666, 28.401666666666667], [77.005, 28.401666666666667], [77.00583333333333, 28.401666666666667], [77.00583333333333, 28.400833333333335], [77.005, 28.400833333333335], [77.00416666666666, 28.400833333333335], [77.00333333333333, 28.400833333333335], [77.00333333333333, 28.400000000000002], [77.00333333333333, 28.399166666666666], [77.0025, 28.399166666666666], [77.0025, 28.400000000000002], [77.0025, 28.400833333333335], [77.00166666666667, 28.400833333333335], [77.00166666666667, 28.401666666666667], [77.00083333333333, 28.401666666666667], [77.0, 28.401666666666667], [77.0, 28.4025], [77.00083333333333, 28.4025], [77.00083333333333, 28.403333333333332]]]}}, {"type": "Feature", "properties": {"product": "urban_growth", "area_ha": 27.9}, "geometry": {"type": "Polygon", "coordinates": [[[77.01583333333333, 28.4025], [77.01583333333333, 28.401666666666667], [77.01666666666667, 28.401666666666667], [77.01666666666667, 28.4025], [77.01666666666667, 28.403333333333332], [77.01666666666667, 28.40416666666667], [77.01666666666667, 28.405], [77.01666666666667, 28.405833333333334], [77.01666666666667, 28.406666666666666], [77.01666666666667, 28.407500000000002], [77.01666666666667, 28.408333333333335], [77.0175, 28.408333333333335], [77.0175, 28.407500000000002], [77.01833333333333, 28.407500000000002], [77.01833333333333, 28.408333333333335], [77.01916666666666, 28.408333333333335], [77.01916666666666, 28.407500000000002], [77.01916666666666, 28.406666666666666], [77.01916666666666, 28.405833333333334], [77.01833333333333, 28.405833333333334], [77.01833333333333, 28.405], [77.01833333333333, 28.40416666666667], [77.01833333333333, 28.403333333333332], [77.01916666666666, 28.403333333333332], [77.01916666666666, 28.40416666666667], [77.02, 28.40416666666667], [77.02, 28.403333333333332], [77.02083333333333, 28.403333333333332], [77.02083333333333, 28.4025], [77.02166666666666, 28.4025], [77.02166666666666, 28.401666666666667], [77.02166666666666, 28.400833333333335], [77.02083333333333, 28.400833333333335], [77.02, 28.400833333333335], [77.02, 28.401666666666667], [77.01916666666666, 28.401666666666667], [77.01916666666666, 28.400833333333335], [77.01833333333333, 28.400833333333335], [77.01833333333333, 28.401666666666667], [77.0175, 28.401666666666667], [77.0175, 28.400833333333335], [77.01666666666667, 28.400833333333335], [77.01583333333333, 28.400833333333335], [77.015, 28.400833333333335], [77.01416666666667, 28.400833333333335], [77.01333333333332, 28.400833333333335], [77.01249999999999, 28.400833333333335], [77.01249999999999, 28.401666666666667], [77.01333333333332, 28.401666666666667], [77.01333333333332, 28.4025], [77.01416666666667, 28.4025], [77.01416666666667, 28.401666666666667], [77.015, 28.401666666666667], [77.015, 28.4025], [77.01583333333333, 28.4025]]]}}, {"type": "Feature", "properties": {"product": "urban_growth", "area_ha": 8.29}, "geometry": {"type": "Polygon", "coordinates": [[[77.0075, 28.503333333333334], [77.00833333333333, 28.503333333333334], [77.00916666666666, 28.503333333333334], [77.00916666666666, 28.5025], [77.00833333333333, 28.5025], [77.0075, 28.5025], [77.0075, 28.50166666666667], [77.00666666666666, 28.50166666666667], [77.00666666666666, 28.5025], [77.00583333333333, 28.5025], [77.005, 28.5025], [77.005, 28.50166666666667], [77.00416666666666, 28.50166666666667], [77.00333333333333, 28.50166666666667], [77.00333333333333, 28.5025], [77.00333333333333, 28.503333333333334], [77.00333333333333, 28.504166666666666], [77.00416666666666, 28.504166666666666], [77.00416666666666, 28.503333333333334], [77.005, 28.503333333333334], [77.00583333333333, 28.503333333333334], [77.00666666666666, 28.503333333333334], [77.0075, 28.503333333333334]]]}}, {"type": "Feature", "properties": {"product": "urban_growth", "area_ha": 8.29}, "geometry": {"type": "Polygon", "coordinates": [[[77.00166666666667, 28.506666666666668], [77.0025, 28.506666666666668], [77.00333333333333, 28.506666666666668], [77.00416666666666, 28.506666666666668], [77.005, 28.506666666666668], [77.005, 28.505833333333335], [77.00583333333333, 28.505833333333335], [77.00583333333333, 28.505], [77.00666666666666, 28.505], [77.00666666666666, 28.504166666666666], [77.00583333333333, 28.504166666666666], [77.005, 28.504166666666666], [77.00416666666666, 28.504166666666666], [77.00416666666666, 28.505], [77.00333333333333, 28.505], [77.0025, 28.505], [77.0025, 28.505833333333335], [77.00166666666667, 28.505833333333335], [77.00166666666667, 28.506666666666668]]]}}, {"type": "Feature", "properties": {"product": "urban_growth", "area_ha": 6.03}, "geometry": {"type": "Polygon", "coordinates": [[[77.01333333333332, 28.506666666666668], [77.01333333333332, 28.505833333333335], [77.01333333333332, 28.505], [77.01249999999999, 28.505], [77.01249999999999, 28.504166666666666], [77.01166666666666, 28.504166666666666], [77.01083333333332, 28.504166666666666], [77.00999999999999, 28.504166666666666], [77.00999999999999, 28.505], [77.01083333333332, 28.505], [77.01166666666666, 28.505], [77.01166666666666, 28.505833333333335], [77.01166666666666, 28.506666666666668], [77.01166666666666, 28.5075], [77.01249999999999, 28.5075], [77.01249999999999, 28.506666666666668], [77.01333333333332, 28.506666666666668]]]}}, {"type": "Feature", "properties": {"product": "urban_growth", "area_ha": 6.78}, "geometry": {"type": "Polygon", "coordinates": [[[77.01416666666667, 28.541666666666668], [77.01416666666667, 28.5425], [77.015, 28.5425], [77.015, 28.541666666666668], [77.015, 28.540833333333335], [77.01416666666667, 28.540833333333335], [77.01416666666667, 28.54], [77.015, 28.54], [77.015, 28.539166666666667], [77.015, 28.538333333333334], [77.015, 28.5375], [77.015, 28.53666666666667], [77.01416666666667, 28.53666666666667], [77.01416666666667, 28.5375], [77.01416666666667, 28.538333333333334], [77.01416666666667, 28.539166666666667], [77.01333333333332, 28.539166666666667], [77.01333333333332, 28.54], [77.01333333333332, 28.540833333333335], [77.01333333333332, 28.541666666666668], [77.01416666666667, 28.541666666666668]]]}}, {"type": "Feature", "properties": {"product": "urban_growth", "area_ha": 11.34}, "geometry": {"type": "Polygon", "coordinates": [[[77.02333333333333, 28.15416666666667], [77.02333333333333, 28.153333333333332], [77.02333333333333, 28.1525], [77.02416666666666, 28.1525], [77.02416666666666, 28.153333333333332], [77.02499999999999, 28.153333333333332], [77.02583333333332, 28.153333333333332], [77.02583333333332, 28.1525], [77.02499999999999, 28.1525], [77.02499999999999, 28.151666666666667], [77.02499999999999, 28.150833333333335], [77.02499999999999, 28.150000000000002], [77.02416666666666, 28.150000000000002], [77.02333333333333, 28.150000000000002], [77.0225, 28.150000000000002], [77.0225, 28.150833333333335], [77.0225, 28.151666666666667], [77.02166666666666, 28.151666666666667], [77.02166666666666, 28.1525], [77.02166666666666, 28.153333333333332], [77.0225, 28.153333333333332], [77.0225, 28.15416666666667], [77.02333333333333, 28.15416666666667]]]}}, {"type": "Feature", "properties": {"product": "urban_growth", "area_ha": 7.54}, "geometry": {"type": "Polygon", "coordinates": [[[77.02083333333333, 28.381666666666668], [77.02083333333333, 28.3825], [77.02166666666666, 28.3825], [77.02166666666666, 28.383333333333333], [77.0225, 28.383333333333333], [77.0225, 28.3825], [77.02333333333333, 28.3825], [77.02333333333333, 28.381666666666668], [77.02416666666666, 28.381666666666668], [77.02499999999999, 28.381666666666668], [77.02583333333332, 28.381666666666668], [77.02583333333332, 28.380833333333335], [77.02499999999999, 28.380833333333335], [77.02416666666666, 28.380833333333335], [77.02333333333333, 28.380833333333335], [77.0225, 28.380833333333335], [77.02166666666666, 28.380833333333335], [77.02083333333333, 28.380833333333335], [77.02083333333333, 28.381666666666668]]]}}, {"type": "Feature", "properties": {"product": "urban_growth", "area_ha": 6.03}, "geometry": {"type": "Polygon", "coordinates": [[[77.0225, 28.385], [77.0225, 28.38416666666667], [77.02166666666666, 28.38416666666667], [77.02166666666666, 28.383333333333333], [77.02083333333333, 28.383333333333333], [77.02083333333333, 28.38416666666667], [77.02, 28.38416666666667], [77.02, 28.385], [77.02083333333333, 28.385], [77.02166666666666, 28.385], [77.02166666666666, 28.385833333333334], [77.02083333333333, 28.385833333333334], [77.02083333333333, 28.386666666666667], [77.02083333333333, 28.3875], [77.02166666666666, 28.3875], [77.02166666666666, 28.386666666666667], [77.0225, 28.386666666666667], [77.0225, 28.385833333333334], [77.0225, 28.385]]]}}, {"type": "Feature", "properties": {"product": "urban_growth", "area_ha": 6.03}, "geometry": {"type": "Polygon", "coordinates": [[[77.015, 28.394166666666667], [77.01583333333333, 28.394166666666667], [77.01583333333333, 28.393333333333334], [77.015, 28.393333333333334], [77.015, 28.392500000000002], [77.015, 28.391666666666666], [77.015, 28.390833333333333], [77.015, 28.39], [77.015, 28.389166666666668], [77.01416666666667, 28.389166666666668], [77.01416666666667, 28.39], [77.01416666666667, 28.390833333333333], [77.01416666666667, 28.391666666666666], [77.01416666666667, 28.392500000000002], [77.01416666666667, 28.393333333333334], [77.01416666666667, 28.394166666666667], [77.01416666666667, 28.395], [77.015, 28.395], [77.015, 28.394166666666667]]]}}, {"type": "Feature", "properties": {"product": "urban_growth", "area_ha": 7.54}, "geometry": {"type": "Polygon", "coordinates": [[[77.01583333333333, 28.400000000000002], [77.01583333333333, 28.399166666666666], [77.01583333333333, 28.398333333333333], [77.01583333333333, 28.3975], [77.01666666666667, 28.3975], [77.0175, 28.3975], [77.01833333333333, 28.3975], [77.01833333333333, 28.39666666666667], [77.0175, 28.39666666666667], [77.01666666666667, 28.39666666666667], [77.01583333333333, 28.39666666666667], [77.01583333333333, 28.395833333333336], [77.01666666666667, 28.395833333333336], [77.01666666666667, 28.395], [77.01583333333333, 28.395], [77.015, 28.395], [77.015, 28.395833333333336], [77.015, 28.39666666666667], [77.015, 28.3975], [77.015, 28.398333333333333], [77.015, 28.399166666666666], [77.015, 28.400000000000002], [77.01583333333333, 28.400000000000002]]]}}, {"type": "Feature", "properties": {"product": "urban_growth", "area_ha": 6.03}, "geometry": {"type": "Polygon", "coordinates": [[[77.02166666666666, 28.415], [77.02166666666666, 28.414166666666667], [77.02166666666666, 28.413333333333334], [77.02166666666666, 28.4125], [77.02166666666666, 28.41166666666667], [77.02083333333333, 28.41166666666667], [77.02083333333333, 28.410833333333333], [77.02083333333333, 28.41], [77.02, 28.41], [77.02, 28.410833333333333], [77.02, 28.41166666666667], [77.02, 28.4125], [77.02, 28.413333333333334], [77.02083333333333, 28.413333333333334], [77.02083333333333, 28.414166666666667], [77.02083333333333, 28.415], [77.02166666666666, 28.415]]]}}, {"type": "Feature", "properties": {"product": "urban_growth", "area_ha": 6.79}, "geometry": {"type": "Polygon", "coordinates": [[[77.02166666666666, 28.425833333333333], [77.0225, 28.425833333333333], [77.0225, 28.425], [77.02333333333333, 28.425], [77.02333333333333, 28.424166666666668], [77.0225, 28.424166666666668], [77.0225, 28.423333333333336], [77.02166666666666, 28.423333333333336], [77.02166666666666, 28.4225], [77.02083333333333, 28.4225], [77.02, 28.4225], [77.02, 28.423333333333336], [77.02, 28.424166666666668], [77.02, 28.425], [77.02083333333333, 28.425], [77.02083333333333, 28.424166666666668], [77.02166666666666, 28.424166666666668], [77.02166666666666, 28.425], [77.02166666666666, 28.425833333333333]]]}}, {"type": "Feature", "properties": {"product": "urban_growth", "area_ha": 11.33}, "geometry": {"type": "Polygon", "coordinates": [[[77.02749999999999, 28.210833333333333], [77.02749999999999, 28.211666666666666], [77.02666666666666, 28.211666666666666], [77.02583333333332, 28.211666666666666], [77.02583333333332, 28.212500000000002], [77.02666666666666, 28.212500000000002], [77.02666666666666, 28.213333333333335], [77.02749999999999, 28.213333333333335], [77.02749999999999, 28.212500000000002], [77.02833333333332, 28.212500000000002], [77.02833333333332, 28.211666666666666], [77.02916666666665, 28.211666666666666], [77.03, 28.211666666666666], [77.03, 28.210833333333333], [77.03083333333333, 28.210833333333333], [77.03083333333333, 28.21], [77.03166666666667, 28.21], [77.03166666666667, 28.20916666666667], [77.0325, 28.20916666666667], [77.03333333333333, 28.20916666666667], [77.03333333333333, 28.208333333333336], [77.0325, 28.208333333333336], [77.03166666666667, 28.208333333333336], [77.03083333333333, 28.208333333333336], [77.03, 28.208333333333336], [77.03, 28.20916666666667], [77.03, 28.21], [77.02916666666665, 28.21], [77.02916666666665, 28.210833333333333], [77.02833333333332, 28.210833333333333], [77.02749999999999, 28.210833333333333]]]}}, {"type": "Feature", "properties": {"product": "urban_growth", "area_ha": 9.05}, "geometry": {"type": "Polygon", "coordinates": [[[77.03083333333333, 28.395], [77.03083333333333, 28.395833333333336], [77.03083333333333, 28.39666666666667], [77.03083333333333, 28.3975], [77.03083333333333, 28.398333333333333], [77.03166666666667, 28.398333333333333], [77.03166666666667, 28.3975], [77.03166666666667, 28.39666666666667], [77.03166666666667, 28.395833333333336], [77.03166666666667, 28.395], [77.03166666666667, 28.394166666666667], [77.03083333333333, 28.394166666666667], [77.03083333333333, 28.393333333333334], [77.03166666666667, 28.393333333333334], [77.03166666666667, 28.392500000000002], [77.03083333333333, 28.392500000000002], [77.03, 28.392500000000002], [77.03, 28.391666666666666], [77.03, 28.390833333333333], [77.02916666666665, 28.390833333333333], [77.02916666666665, 28.391666666666666], [77.02916666666665, 28.392500000000002], [77.02916666666665, 28.393333333333334], [77.03, 28.393333333333334], [77.03, 28.394166666666667], [77.03, 28.395], [77.03083333333333, 28.395]]]}}, {"type": "Feature", "properties": {"product": "urban_growth", "area_ha": 27.87}, "geometry": {"type": "Polygon", "coordinates": [[[77.03083333333333, 28.528333333333332], [77.03166666666667, 28.528333333333332], [77.03166666666667, 28.52916666666667], [77.0325, 28.52916666666667], [77.0325, 28.53], [77.03333333333333, 28.53], [77.03333333333333, 28.530833333333334], [77.03333333333333, 28.531666666666666], [77.0325, 28.531666666666666], [77.0325, 28.532500000000002], [77.03333333333333, 28.532500000000002], [77.03416666666666, 28.532500000000002], [77.03416666666666, 28.533333333333335], [77.03416666666666, 28.534166666666668], [77.03416666666666, 28.535], [77.03416666666666, 28.535833333333333], [77.035, 28.535833333333333], [77.03583333333333, 28.535833333333333], [77.03666666666666, 28.535833333333333], [77.03666666666666, 28.535], [77.03666666666666, 28.534166666666668], [77.03666666666666, 28.533333333333335], [77.03583333333333, 28.533333333333335], [77.03583333333333, 28.532500000000002], [77.03583333333333, 28.531666666666666], [77.03583333333333, 28.530833333333334], [77.035, 28.530833333333334], [77.035, 28.53], [77.035, 28.52916666666667], [77.03416666666666, 28.52916666666667], [77.03416666666666, 28.528333333333332], [77.03416666666666, 28.5275], [77.03333333333333, 28.5275], [77.0325, 28.5275], [77.0325, 28.526666666666667], [77.03166666666667, 28.526666666666667], [77.03166666666667, 28.525833333333335], [77.03166666666667, 28.525000000000002], [77.03166666666667, 28.524166666666666], [77.03083333333333, 28.524166666666666], [77.03, 28.524166666666666], [77.03, 28.525000000000002], [77.03083333333333, 28.525000000000002], [77.03083333333333, 28.525833333333335], [77.03, 28.525833333333335], [77.03, 28.526666666666667], [77.03083333333333, 28.526666666666667], [77.03083333333333, 28.5275], [77.03083333333333, 28.528333333333332]]]}}, {"type": "Feature", "properties": {"product": "urban_growth", "area_ha": 6.03}, "geometry": {"type": "Polygon", "coordinates": [[[77.02749999999999, 28.533333333333335], [77.02749999999999, 28.532500000000002], [77.02749999999999, 28.531666666666666], [77.02833333333332, 28.531666666666666], [77.02916666666665, 28.531666666666666], [77.02916666666665, 28.530833333333334], [77.02833333333332, 28.530833333333334], [77.02749999999999, 28.530833333333334], [77.02666666666666, 28.530833333333334], [77.02666666666666, 28.531666666666666], [77.02666666666666, 28.532500000000002], [77.02583333333332, 28.532500000000002], [77.02583333333332, 28.533333333333335], [77.02583333333332, 28.534166666666668], [77.02666666666666, 28.534166666666668], [77.02749999999999, 28.534166666666668], [77.02749999999999, 28.533333333333335]]]}}, {"type": "Feature", "properties": {"product": "urban_growth", "area_ha": 7.56}, "geometry": {"type": "Polygon", "coordinates": [[[77.04249999999999, 28.205833333333334], [77.04333333333332, 28.205833333333334], [77.04416666666665, 28.205833333333334], [77.04499999999999, 28.205833333333334], [77.04499999999999, 28.206666666666667], [77.04583333333333, 28.206666666666667], [77.04583333333333, 28.205833333333334], [77.04666666666667, 28.205833333333334], [77.04666666666667, 28.205000000000002], [77.04583333333333, 28.205000000000002], [77.04583333333333, 28.204166666666666], [77.04499999999999, 28.204166666666666], [77.04499999999999, 28.205000000000002], [77.04416666666665, 28.205000000000002], [77.04416666666665, 28.204166666666666], [77.04333333333332, 28.204166666666666], [77.04249999999999, 28.204166666666666], [77.04249999999999, 28.205000000000002], [77.04166666666666, 28.205000000000002], [77.04166666666666, 28.205833333333334], [77.04249999999999, 28.205833333333334]]]}}, {"type": "Feature", "properties": {"product": "urban_growth", "area_ha": 9.05}, "geometry": {"type": "Polygon", "coordinates": [[[77.04249999999999, 28.398333333333333], [77.04249999999999, 28.3975], [77.04249999999999, 28.39666666666667], [77.04166666666666, 28.39666666666667], [77.04166666666666, 28.395833333333336], [77.04083333333332, 28.395833333333336], [77.03999999999999, 28.395833333333336], [77.03916666666666, 28.395833333333336], [77.03916666666666, 28.395], [77.03833333333333, 28.395], [77.03833333333333, 28.395833333333336], [77.03833333333333, 28.39666666666667], [77.03833333333333, 28.3975], [77.03916666666666, 28.3975], [77.03999999999999, 28.3975], [77.04083333333332, 28.3975], [77.04083333333332, 28.398333333333333], [77.04166666666666, 28.398333333333333], [77.04249999999999, 28.398333333333333]]]}}, {"type": "Feature", "properties": {"product": "urban_growth", "area_ha": 7.54}, "geometry": {"type": "Polygon", "coordinates": [[[77.04083333333332, 28.401666666666667], [77.04166666666666, 28.401666666666667], [77.04166666666666, 28.400833333333335], [77.04083333333332, 28.400833333333335], [77.04083333333332, 28.400000000000002], [77.04083333333332, 28.399166666666666], [77.04083333333332, 28.398333333333333], [77.03999999999999, 28.398333333333333], [77.03999999999999, 28.399166666666666], [77.03916666666666, 28.399166666666666], [77.03916666666666, 28.400000000000002], [77.03916666666666, 28.400833333333335], [77.03916666666666, 28.401666666666667], [77.03833333333333, 28.401666666666667], [77.03833333333333, 28.4025], [77.03916666666666, 28.4025], [77.03999999999999, 28.4025], [77.03999999999999, 28.401666666666667], [77.04083333333332, 28.401666666666667]]]}}, {"type": "Feature", "properties": {"product": "urban_growth", "area_ha": 6.03}, "geometry": {"type": "Polygon", "coordinates": [[[77.04083333333332, 28.541666666666668], [77.03999999999999, 28.541666666666668], [77.03999999999999, 28.540833333333335], [77.03916666666666, 28.540833333333335], [77.03916666666666, 28.54], [77.03833333333333, 28.54], [77.03833333333333, 28.539166666666667], [77.0375, 28.539166666666667], [77.03666666666666, 28.539166666666667], [77.03666666666666, 28.54], [77.0375, 28.54], [77.0375, 28.540833333333335], [77.03833333333333, 28.540833333333335], [77.03833333333333, 28.541666666666668], [77.03916666666666, 28.541666666666668], [77.03916666666666, 28.5425], [77.03999999999999, 28.5425], [77.04083333333332, 28.5425], [77.04083333333332, 28.541666666666668]]]}}, {"type": "Feature", "properties": {"product": "urban_growth", "area_ha": 9.04}, "geometry": {"type": "Polygon", "coordinates": [[[77.04499999999999, 28.548333333333336], [77.04583333333333, 28.548333333333336], [77.04583333333333, 28.549166666666668], [77.04666666666667, 28.549166666666668], [77.04666666666667, 28.548333333333336], [77.04666666666667, 28.5475], [77.04666666666667, 28.546666666666667], [77.04666666666667, 28.545833333333334], [77.04583333333333, 28.545833333333334], [77.04583333333333, 28.546666666666667], [77.04499999999999, 28.546666666666667], [77.04416666666665, 28.546666666666667], [77.04333333333332, 28.546666666666667], [77.04333333333332, 28.545833333333334], [77.04333333333332, 28.545], [77.04249999999999, 28.545], [77.04249999999999, 28.545833333333334], [77.04249999999999, 28.546666666666667], [77.04166666666666, 28.546666666666667], [77.04166666666666, 28.5475], [77.04249999999999, 28.5475], [77.04333333333332, 28.5475], [77.04416666666665, 28.5475], [77.04499999999999, 28.5475], [77.04499999999999, 28.548333333333336]]]}}, {"type": "Feature", "properties": {"product": "urban_growth", "area_ha": 9.07}, "geometry": {"type": "Polygon", "coordinates": [[[77.06083333333332, 28.18916666666667], [77.06166666666667, 28.18916666666667], [77.0625, 28.18916666666667], [77.0625, 28.188333333333333], [77.0625, 28.1875], [77.06166666666667, 28.1875], [77.06083333333332, 28.1875], [77.06083333333332, 28.188333333333333], [77.05999999999999, 28.188333333333333], [77.05999999999999, 28.1875], [77.05916666666666, 28.1875], [77.05833333333332, 28.1875], [77.05833333333332, 28.188333333333333], [77.05833333333332, 28.18916666666667], [77.05833333333332, 28.19], [77.05916666666666, 28.19], [77.05999999999999, 28.19], [77.06083333333332, 28.19], [77.06083333333332, 28.18916666666667]]]}}, {"type": "Feature", "properties": {"product": "urban_growth", "area_ha": 17.35}, "geometry": {"type": "Polygon", "coordinates": [[[77.05916666666666, 28.379166666666666], [77.05916666666666, 28.38], [77.05916666666666, 28.380833333333335], [77.05999999999999, 28.380833333333335], [77.06083333333332, 28.380833333333335], [77.06083333333332, 28.381666666666668], [77.06166666666667, 28.381666666666668], [77.0625, 28.381666666666668], [77.06333333333333, 28.381666666666668], [77.06416666666667, 28.381666666666668], [77.065, 28.381666666666668], [77.065, 28.3825], [77.06583333333333, 28.3825], [77.06583333333333, 28.381666666666668], [77.06583333333333, 28.380833333333335], [77.065, 28.380833333333335], [77.065, 28.38], [77.065, 28.379166666666666], [77.06416666666667, 28.379166666666666], [77.06333333333333, 28.379166666666666], [77.06333333333333, 28.38], [77.0625, 28.38], [77.0625, 28.379166666666666], [77.06166666666667, 28.379166666666666], [77.06083333333332, 28.379166666666666], [77.06083333333332, 28.38], [77.05999999999999, 28.38], [77.05999999999999, 28.379166666666666], [77.05999999999999, 28.378333333333334], [77.05916666666666, 28.378333333333334], [77.05916666666666, 28.3775], [77.05916666666666, 28.37666666666667], [77.05833333333332, 28.37666666666667], [77.05833333333332, 28.3775], [77.05833333333332, 28.378333333333334], [77.05833333333332, 28.379166666666666], [77.05916666666666, 28.379166666666666]]]}}, {"type": "Feature", "properties": {"product": "urban_growth", "area_ha": 6.79}, "geometry": {"type": "Polygon", "coordinates": [[[77.05583333333333, 28.378333333333334], [77.05583333333333, 28.379166666666666], [77.05666666666666, 28.379166666666666], [77.05666666666666, 28.38], [77.05666666666666, 28.380833333333335], [77.05749999999999, 28.380833333333335], [77.05749999999999, 28.38], [77.05833333333332, 28.38], [77.05833333333332, 28.379166666666666], [77.05749999999999, 28.379166666666666], [77.05749999999999, 28.378333333333334], [77.05749999999999, 28.3775], [77.05749999999999, 28.37666666666667], [77.05666666666666, 28.37666666666667], [77.05666666666666, 28.3775], [77.05583333333333, 28.3775], [77.05499999999999, 28.3775], [77.05499999999999, 28.378333333333334], [77.05583333333333, 28.378333333333334]]]}}, {"type": "Feature", "properties": {"product": "urban_growth", "area_ha": 7.54}, "geometry": {"type": "Polygon", "coordinates": [[[77.05083333333333, 28.3975], [77.05083333333333, 28.398333333333333], [77.05166666666666, 28.398333333333333], [77.05166666666666, 28.399166666666666], [77.0525, 28.399166666666666], [77.05333333333333, 28.399166666666666], [77.05333333333333, 28.398333333333333], [77.0525, 28.398333333333333], [77.0525, 28.3975], [77.05166666666666, 28.3975], [77.05166666666666, 28.39666666666667], [77.05083333333333, 28.39666666666667], [77.05083333333333, 28.395833333333336], [77.05, 28.395833333333336], [77.04916666666666, 28.395833333333336], [77.04916666666666, 28.39666666666667], [77.04833333333333, 28.39666666666667], [77.04833333333333, 28.3975], [77.04916666666666, 28.3975], [77.05, 28.3975], [77.05083333333333, 28.3975]]]}}, {"type": "Feature", "properties": {"product": "urban_growth", "area_ha": 23.43}, "geometry": {"type": "Polygon", "coordinates": [[[77.065, 28.19], [77.065, 28.18916666666667], [77.06583333333333, 28.18916666666667], [77.06666666666666, 28.18916666666667], [77.0675, 28.18916666666667], [77.06833333333333, 28.18916666666667], [77.06916666666666, 28.18916666666667], [77.06916666666666, 28.188333333333333], [77.06916666666666, 28.1875], [77.07, 28.1875], [77.07, 28.188333333333333], [77.07083333333333, 28.188333333333333], [77.07083333333333, 28.1875], [77.07083333333333, 28.186666666666667], [77.07166666666666, 28.186666666666667], [77.07166666666666, 28.185833333333335], [77.07083333333333, 28.185833333333335], [77.07, 28.185833333333335], [77.06916666666666, 28.185833333333335], [77.06916666666666, 28.186666666666667], [77.06833333333333, 28.186666666666667], [77.06833333333333, 28.185833333333335], [77.0675, 28.185833333333335], [77.0675, 28.185000000000002], [77.06666666666666, 28.185000000000002], [77.06666666666666, 28.185833333333335], [77.06666666666666, 28.186666666666667], [77.06583333333333, 28.186666666666667], [77.065, 28.186666666666667], [77.065, 28.185833333333335], [77.06416666666667, 28.185833333333335], [77.06416666666667, 28.186666666666667], [77.06333333333333, 28.186666666666667], [77.06333333333333, 28.1875], [77.06333333333333, 28.188333333333333], [77.06333333333333, 28.18916666666667], [77.06416666666667, 28.18916666666667], [77.06416666666667, 28.19], [77.065, 28.19]], [[77.0675, 28.186666666666667], [77.0675, 28.1875], [77.06666666666666, 28.1875], [77.06666666666666, 28.186666666666667], [77.0675, 28.186666666666667]]]}}, {"type": "Feature", "properties": {"product": "urban_growth", "area_ha": 9.07}, "geometry": {"type": "Polygon", "coordinates": [[[77.06166666666667, 28.194166666666668], [77.06166666666667, 28.195], [77.0625, 28.195], [77.0625, 28.194166666666668], [77.06333333333333, 28.194166666666668], [77.06333333333333, 28.195], [77.06416666666667, 28.195], [77.065, 28.195], [77.065, 28.194166666666668], [77.065, 28.193333333333335], [77.06583333333333, 28.193333333333335], [77.06583333333333, 28.1925], [77.06583333333333, 28.191666666666666], [77.065, 28.191666666666666], [77.06416666666667, 28.191666666666666], [77.06416666666667, 28.1925], [77.06416666666667, 28.193333333333335], [77.06333333333333, 28.193333333333335], [77.0625, 28.193333333333335], [77.0625, 28.1925], [77.06166666666667, 28.1925], [77.06166666666667, 28.193333333333335], [77.06166666666667, 28.194166666666668]]]}}, {"type": "Feature", "properties": {"product": "urban_growth", "area_ha": 16.61}, "geometry": {"type": "Polygon", "coordinates": [[[77.06416666666667, 28.28], [77.06416666666667, 28.280833333333334], [77.065, 28.280833333333334], [77.065, 28.28], [77.065, 28.27916666666667], [77.06416666666667, 28.27916666666667], [77.06416666666667, 28.278333333333332], [77.065, 28.278333333333332], [77.06583333333333, 28.278333333333332], [77.06583333333333, 28.27916666666667], [77.06583333333333, 28.28], [77.06583333333333, 28.280833333333334], [77.06666666666666, 28.280833333333334], [77.06666666666666, 28.28], [77.0675, 28.28], [77.0675, 28.27916666666667], [77.0675, 28.278333333333332], [77.06666666666666, 28.278333333333332], [77.06666666666666, 28.2775], [77.06666666666666, 28.276666666666667], [77.06666666666666, 28.275833333333335], [77.06583333333333, 28.275833333333335], [77.06583333333333, 28.276666666666667], [77.065, 28.276666666666667], [77.065, 28.275833333333335], [77.06416666666667, 28.275833333333335], [77.06416666666667, 28.276666666666667], [77.06333333333333, 28.276666666666667], [77.0625, 28.276666666666667], [77.0625, 28.2775], [77.0625, 28.278333333333332], [77.0625, 28.27916666666667], [77.06333333333333, 28.27916666666667], [77.06333333333333, 28.28], [77.06416666666667, 28.28]]]}}, {"type": "Feature", "properties": {"product": "urban_growth", "area_ha": 17.36}, "geometry": {"type": "Polygon", "coordinates": [[[77.0625, 28.291666666666668], [77.0625, 28.2925], [77.06333333333333, 28.2925], [77.06416666666667, 28.2925], [77.06416666666667, 28.291666666666668], [77.065, 28.291666666666668], [77.065, 28.2925], [77.065, 28.293333333333333], [77.065, 28.29416666666667], [77.06583333333333, 28.29416666666667], [77.06583333333333, 28.293333333333333], [77.06583333333333, 28.2925], [77.06583333333333, 28.291666666666668], [77.06583333333333, 28.290833333333335], [77.06583333333333, 28.29], [77.065, 28.29], [77.065, 28.289166666666667], [77.06416666666667, 28.289166666666667], [77.06333333333333, 28.289166666666667], [77.06333333333333, 28.288333333333334], [77.0625, 28.288333333333334], [77.06166666666667, 28.288333333333334], [77.06083333333332, 28.288333333333334], [77.06083333333332, 28.289166666666667], [77.06083333333332, 28.29], [77.06166666666667, 28.29], [77.06166666666667, 28.290833333333335], [77.06166666666667, 28.291666666666668], [77.0625, 28.291666666666668]]]}}, {"type": "Feature", "properties": {"product": "urban_growth", "area_ha": 28.69}, "geometry": {"type": "Polygon", "coordinates": [[[77.06333333333333, 28.295833333333334], [77.0625, 28.295833333333334], [77.0625, 28.295], [77.06166666666667, 28.295], [77.06166666666667, 28.295833333333334], [77.06083333333332, 28.295833333333334], [77.06083333333332, 28.296666666666667], [77.05999999999999, 28.296666666666667], [77.05999999999999, 28.2975], [77.05999999999999, 28.298333333333336], [77.06083333333332, 28.298333333333336], [77.06166666666667, 28.298333333333336], [77.06166666666667, 28.299166666666668], [77.0625, 28.299166666666668], [77.06333333333333, 28.299166666666668], [77.06416666666667, 28.299166666666668], [77.06416666666667, 28.3], [77.065, 28.3], [77.065, 28.299166666666668], [77.06583333333333, 28.299166666666668], [77.06583333333333, 28.298333333333336], [77.06666666666666, 28.298333333333336], [77.06666666666666, 28.2975], [77.06666666666666, 28.296666666666667], [77.0675, 28.296666666666667], [77.0675, 28.295833333333334], [77.06833333333333, 28.295833333333334], [77.06916666666666, 28.295833333333334], [77.06916666666666, 28.295], [77.06833333333333, 28.295], [77.06833333333333, 28.29416666666667], [77.0675, 28.29416666666667], [77.06666666666666, 28.29416666666667], [77.06666666666666, 28.295], [77.06583333333333, 28.295], [77.065, 28.295], [77.065, 28.29416666666667], [77.06416666666667, 28.29416666666667], [77.06416666666667, 28.293333333333333], [77.06333333333333, 28.293333333333333], [77.06333333333333, 28.29416666666667], [77.06333333333333, 28.295], [77.06416666666667, 28.295], [77.06416666666667, 28.295833333333334], [77.065, 28.295833333333334], [77.065, 28.296666666666667], [77.06416666666667, 28.296666666666667], [77.06416666666667, 28.2975], [77.06333333333333, 28.2975], [77.06333333333333, 28.296666666666667], [77.06333333333333, 28.295833333333334]], [[77.06333333333333, 28.298333333333336], [77.0625, 28.298333333333336], [77.0625, 28.2975], [77.06333333333333, 28.2975], [77.06333333333333, 28.298333333333336]]]}}, {"type": "Feature", "properties": {"product": "urban_growth", "area_ha": 18.11}, "geometry": {"type": "Polygon", "coordinates": [[[77.06833333333333, 28.37], [77.06833333333333, 28.36916666666667], [77.06916666666666, 28.36916666666667], [77.06916666666666, 28.368333333333332], [77.07, 28.368333333333332], [77.07, 28.36916666666667], [77.07083333333333, 28.36916666666667], [77.07083333333333, 28.37], [77.07166666666666, 28.37], [77.07166666666666, 28.36916666666667], [77.07166666666666, 28.368333333333332], [77.07083333333333, 28.368333333333332], [77.07083333333333, 28.3675], [77.07083333333333, 28.366666666666667], [77.07, 28.366666666666667], [77.07, 28.3675], [77.06916666666666, 28.3675], [77.06916666666666, 28.366666666666667], [77.06916666666666, 28.365833333333335], [77.06916666666666, 28.365000000000002], [77.07, 28.365000000000002], [77.07, 28.364166666666666], [77.06916666666666, 28.364166666666666], [77.06833333333333, 28.364166666666666], [77.0675, 28.364166666666666], [77.06666666666666, 28.364166666666666], [77.06666666666666, 28.365000000000002], [77.06666666666666, 28.365833333333335], [77.0675, 28.365833333333335], [77.0675, 28.366666666666667], [77.0675, 28.3675], [77.0675, 28.368333333333332], [77.0675, 28.36916666666667], [77.06666666666666, 28.36916666666667], [77.06583333333333, 28.36916666666667], [77.06583333333333, 28.37], [77.06666666666666, 28.37], [77.0675, 28.37], [77.06833333333333, 28.37]]]}}, {"type": "Feature", "properties": {"product": "urban_growth", "area_ha": 15.08}, "geometry": {"type": "Polygon", "coordinates": [[[77.065, 28.3975], [77.06583333333333, 28.3975], [77.06666666666666, 28.3975], [77.06666666666666, 28.398333333333333], [77.0675, 28.398333333333333], [77.0675, 28.3975], [77.06833333333333, 28.3975], [77.06833333333333, 28.39666666666667], [77.06916666666666, 28.39666666666667], [77.07, 28.39666666666667], [77.07, 28.3975], [77.07, 28.398333333333333], [77.07083333333333, 28.398333333333333], [77.07083333333333, 28.3975], [77.07166666666666, 28.3975], [77.07166666666666, 28.39666666666667], [77.07249999999999, 28.39666666666667], [77.07249999999999, 28.395833333333336], [77.07166666666666, 28.395833333333336], [77.07166666666666, 28.395], [77.07166666666666, 28.394166666666667], [77.07083333333333, 28.394166666666667], [77.07083333333333, 28.395], [77.07083333333333, 28.395833333333336], [77.07, 28.395833333333336], [77.06916666666666, 28.395833333333336], [77.06916666666666, 28.395], [77.06833333333333, 28.395], [77.06833333333333, 28.394166666666667], [77.06833333333333, 28.393333333333334], [77.0675, 28.393333333333334], [77.0675, 28.394166666666667], [77.0675, 28.395], [77.0675, 28.395833333333336], [77.0675, 28.39666666666667], [77.06666666666666, 28.39666666666667], [77.06583333333333, 28.39666666666667], [77.065, 28.39666666666667], [77.065, 28.3975]]]}}, {"type": "Feature", "properties": {"product": "urban_growth", "area_ha": 12.09}, "geometry": {"type": "Polygon", "coordinates": [[[77.0675, 28.228333333333335], [77.06666666666666, 28.228333333333335], [77.06666666666666, 28.229166666666668], [77.0675, 28.229166666666668], [77.0675, 28.23], [77.0675, 28.230833333333333], [77.06833333333333, 28.230833333333333], [77.06916666666666, 28.230833333333333], [77.07, 28.230833333333333], [77.07, 28.23166666666667], [77.07083333333333, 28.23166666666667], [77.07166666666666, 28.23166666666667], [77.07249999999999, 28.23166666666667], [77.07249999999999, 28.230833333333333], [77.07166666666666, 28.230833333333333], [77.07166666666666, 28.23], [77.07083333333333, 28.23], [77.07083333333333, 28.229166666666668], [77.07083333333333, 28.228333333333335], [77.07083333333333, 28.2275], [77.07, 28.2275], [77.06916666666666, 28.2275], [77.06916666666666, 28.228333333333335], [77.07, 28.228333333333335], [77.07, 28.229166666666668], [77.06916666666666, 28.229166666666668], [77.06916666666666, 28.23], [77.06833333333333, 28.23], [77.06833333333333, 28.229166666666668], [77.06833333333333, 28.228333333333335], [77.0675, 28.228333333333335]]]}}, {"type": "Feature", "properties": {"product": "urban_growth", "area_ha": 6.03}, "geometry": {"type": "Polygon", "coordinates": [[[77.07083333333333, 28.389166666666668], [77.07083333333333, 28.39], [77.07166666666666, 28.39], [77.07166666666666, 28.389166666666668], [77.07249999999999, 28.389166666666668], [77.07249999999999, 28.388333333333335], [77.07166666666666, 28.388333333333335], [77.07083333333333, 28.388333333333335], [77.07083333333333, 28.3875], [77.07, 28.3875], [77.07, 28.386666666666667], [77.06916666666666, 28.386666666666667], [77.06916666666666, 28.3875], [77.06916666666666, 28.388333333333335], [77.06916666666666, 28.389166666666668], [77.07, 28.389166666666668], [77.07083333333333, 28.389166666666668]]]}}, {"type": "Feature", "properties": {"product": "urban_growth", "area_ha": 6.79}, "geometry": {"type": "Polygon", "coordinates": [[[77.06916666666666, 28.409166666666668], [77.06916666666666, 28.408333333333335], [77.06916666666666, 28.407500000000002], [77.06916666666666, 28.406666666666666], [77.06916666666666, 28.405833333333334], [77.06833333333333, 28.405833333333334], [77.06833333333333, 28.405], [77.0675, 28.405], [77.06666666666666, 28.405], [77.06666666666666, 28.405833333333334], [77.06666666666666, 28.406666666666666], [77.0675, 28.406666666666666], [77.0675, 28.407500000000002], [77.06833333333333, 28.407500000000002], [77.06833333333333, 28.408333333333335], [77.06833333333333, 28.409166666666668], [77.06916666666666, 28.409166666666668]]]}}, {"type": "Feature", "properties": {"product": "urban_growth", "area_ha": 9.07}, "geometry": {"type": "Polygon", "coordinates": [[[77.07499999999999, 28.226666666666667], [77.07583333333332, 28.226666666666667], [77.07583333333332, 28.225833333333334], [77.07583333333332, 28.225], [77.07583333333332, 28.22416666666667], [77.07666666666667, 28.22416666666667], [77.07666666666667, 28.223333333333333], [77.07583333333332, 28.223333333333333], [77.07499999999999, 28.223333333333333], [77.07499999999999, 28.2225], [77.07416666666666, 28.2225], [77.07416666666666, 28.223333333333333], [77.07333333333332, 28.223333333333333], [77.07333333333332, 28.22416666666667], [77.07333333333332, 28.225], [77.07416666666666, 28.225], [77.07416666666666, 28.225833333333334], [77.07416666666666, 28.226666666666667], [77.07499999999999, 28.226666666666667]]]}}, {"type": "Feature", "properties": {"product": "urban_growth", "area_ha": 37.75}, "geometry": {"type": "Polygon", "coordinates": [[[77.0775, 28.281666666666666], [77.07666666666667, 28.281666666666666], [77.07666666666667, 28.282500000000002], [77.07583333333332, 28.282500000000002], [77.07499999999999, 28.282500000000002], [77.07416666666666, 28.282500000000002], [77.07416666666666, 28.283333333333335], [77.07416666666666, 28.284166666666668], [77.07416666666666, 28.285], [77.07416666666666, 28.285833333333333], [77.07416666666666, 28.28666666666667], [77.07499999999999, 28.28666666666667], [77.07499999999999, 28.2875], [77.07583333333332, 28.2875], [77.07583333333332, 28.288333333333334], [77.07666666666667, 28.288333333333334], [77.07666666666667, 28.2875], [77.0775, 28.2875], [77.0775, 28.28666666666667], [77.0775, 28.285833333333333], [77.07833333333333, 28.285833333333333], [77.07833333333333, 28.28666666666667], [77.07916666666667, 28.28666666666667], [77.08, 28.28666666666667], [77.08083333333333, 28.28666666666667], [77.08083333333333, 28.285833333333333], [77.08166666666666, 28.285833333333333], [77.0825, 28.285833333333333], [77.08333333333333, 28.285833333333333], [77.08333333333333, 28.285], [77.0825, 28.285], [77.08166666666666, 28.285], [77.08083333333333, 28.285], [77.08, 28.285], [77.07916666666667, 28.285], [77.07833333333333, 28.285], [77.0775, 28.285], [77.0775, 28.284166666666668], [77.0775, 28.283333333333335], [77.07833333333333, 28.283333333333335], [77.07833333333333, 28.284166666666668], [77.07916666666667, 28.284166666666668], [77.07916666666667, 28.283333333333335], [77.07916666666667, 28.282500000000002], [77.07916666666667, 28.281666666666666], [77.08, 28.281666666666666], [77.08, 28.282500000000002], [77.08083333333333, 28.282500000000002], [77.08083333333333, 28.281666666666666], [77.08083333333333, 28.280833333333334], [77.08, 28.280833333333334], [77.08, 28.28], [77.08, 28.27916666666667], [77.07916666666667, 28.27916666666667], [77.07916666666667, 28.278333333333332], [77.07833333333333, 28.278333333333332], [77.0775, 28.278333333333332], [77.0775, 28.27916666666667], [77.0775, 28.28], [77.07833333333333, 28.28], [77.07833333333333, 28.280833333333334], [77.0775, 28.280833333333334], [77.0775, 28.281666666666666]], [[77.07666666666667, 28.285], [77.07583333333332, 28.285], [77.07583333333332, 28.284166666666668], [77.07666666666667, 28.284166666666668], [77.07666666666667, 28.285]], [[77.07666666666667, 28.285833333333333], [77.07666666666667, 28.28666666666667], [77.07583333333332, 28.28666666666667], [77.07583333333332, 28.285833333333333], [77.07666666666667, 28.285833333333333]]]}}, {"type": "Feature", "properties": {"product": "urban_growth", "area_ha": 15.84}, "geometry": {"type": "Polygon", "coordinates": [[[77.0775, 28.3775], [77.0775, 28.37666666666667], [77.07833333333333, 28.37666666666667], [77.07916666666667, 28.37666666666667], [77.08, 28.37666666666667], [77.08, 28.375833333333333], [77.08083333333333, 28.375833333333333], [77.08166666666666, 28.375833333333333], [77.0825, 28.375833333333333], [77.0825, 28.375], [77.08166666666666, 28.375], [77.08166666666666, 28.374166666666667], [77.08166666666666, 28.373333333333335], [77.08083333333333, 28.373333333333335], [77.08, 28.373333333333335], [77.07916666666667, 28.373333333333335], [77.07916666666667, 28.374166666666667], [77.07833333333333, 28.374166666666667], [77.0775, 28.374166666666667], [77.07666666666667, 28.374166666666667], [77.07666666666667, 28.375], [77.07666666666667, 28.375833333333333], [77.07583333333332, 28.375833333333333], [77.07583333333332, 28.37666666666667], [77.07583333333332, 28.3775], [77.07666666666667, 28.3775], [77.0775, 28.3775]], [[77.07916666666667, 28.375], [77.07916666666667, 28.375833333333333], [77.07833333333333, 28.375833333333333], [77.0775, 28.375833333333333], [77.0775, 28.375], [77.07833333333333, 28.375], [77.07916666666667, 28.375]]]}}, {"type": "Feature", "properties": {"product": "urban_growth", "area_ha": 6.03}, "geometry": {"type": "Polygon", "coordinates": [[[77.07249999999999, 28.399166666666666], [77.07166666666666, 28.399166666666666], [77.07166666666666, 28.400000000000002], [77.07249999999999, 28.400000000000002], [77.07249999999999, 28.400833333333335], [77.07333333333332, 28.400833333333335], [77.07416666666666, 28.400833333333335], [77.07416666666666, 28.400000000000002], [77.07499999999999, 28.400000000000002], [77.07499999999999, 28.399166666666666], [77.07499999999999, 28.398333333333333], [77.07416666666666, 28.398333333333333], [77.07416666666666, 28.399166666666666], [77.07333333333332, 28.399166666666666], [77.07333333333332, 28.398333333333333], [77.07249999999999, 28.398333333333333], [77.07249999999999, 28.399166666666666]]]}}, {"type": "Feature", "properties": {"product": "urban_growth", "area_ha": 8.3}, "geometry": {"type": "Polygon", "coordinates": [[[77.07499999999999, 28.409166666666668], [77.07583333333332, 28.409166666666668], [77.07583333333332, 28.408333333333335], [77.07499999999999, 28.408333333333335], [77.07499999999999, 28.407500000000002], [77.07583333333332, 28.407500000000002], [77.07666666666667, 28.407500000000002], [77.07666666666667, 28.406666666666666], [77.07583333333332, 28.406666666666666], [77.07583333333332, 28.405833333333334], [77.07499999999999, 28.405833333333334], [77.07416666666666, 28.405833333333334], [77.07416666666666, 28.406666666666666], [77.07416666666666, 28.407500000000002], [77.07416666666666, 28.408333333333335], [77.07333333333332, 28.408333333333335], [77.07333333333332, 28.409166666666668], [77.07333333333332, 28.41], [77.07416666666666, 28.41], [77.07499999999999, 28.41], [77.07499999999999, 28.409166666666668]]]}}, {"type": "Feature", "properties": {"product": "urban_growth", "area_ha": 9.8}, "geometry": {"type": "Polygon", "coordinates": [[[77.07666666666667, 28.428333333333335], [77.07583333333332, 28.428333333333335], [77.07499999999999, 28.428333333333335], [77.07416666666666, 28.428333333333335], [77.07416666666666, 28.429166666666667], [77.07499999999999, 28.429166666666667], [77.07583333333332, 28.429166666666667], [77.07583333333332, 28.43], [77.07583333333332, 28.430833333333332], [77.07666666666667, 28.430833333333332], [77.0775, 28.430833333333332], [77.07833333333333, 28.430833333333332], [77.07916666666667, 28.430833333333332], [77.08, 28.430833333333332], [77.08, 28.43], [77.07916666666667, 28.43], [77.07916666666667, 28.429166666666667], [77.07916666666667, 28.428333333333335], [77.07833333333333, 28.428333333333335], [77.07833333333333, 28.429166666666667], [77.07833333333333, 28.43], [77.0775, 28.43], [77.0775, 28.429166666666667], [77.0775, 28.428333333333335], [77.07666666666667, 28.428333333333335]]]}}, {"type": "Feature", "properties": {"product": "urban_growth", "area_ha": 10.56}, "geometry": {"type": "Polygon", "coordinates": [[[77.08333333333333, 28.392500000000002], [77.08333333333333, 28.393333333333334], [77.0825, 28.393333333333334], [77.0825, 28.394166666666667], [77.0825, 28.395], [77.08333333333333, 28.395], [77.08416666666666, 28.395], [77.08416666666666, 28.395833333333336], [77.085, 28.395833333333336], [77.085, 28.395], [77.08583333333333, 28.395], [77.08583333333333, 28.394166666666667], [77.08666666666666, 28.394166666666667], [77.08666666666666, 28.393333333333334], [77.08583333333333, 28.393333333333334], [77.08583333333333, 28.392500000000002], [77.08666666666666, 28.392500000000002], [77.08666666666666, 28.391666666666666], [77.08583333333333, 28.391666666666666], [77.085, 28.391666666666666], [77.085, 28.392500000000002], [77.085, 28.393333333333334], [77.08416666666666, 28.393333333333334], [77.08416666666666, 28.392500000000002], [77.08333333333333, 28.392500000000002]]]}}, {"type": "Feature", "properties": {"product": "urban_growth", "area_ha": 13.58}, "geometry": {"type": "Polygon", "coordinates": [[[77.08416666666666, 28.4025], [77.08333333333333, 28.4025], [77.08333333333333, 28.403333333333332], [77.08333333333333, 28.40416666666667], [77.08333333333333, 28.405], [77.08416666666666, 28.405], [77.08416666666666, 28.405833333333334], [77.085, 28.405833333333334], [77.085, 28.405], [77.08583333333333, 28.405], [77.08583333333333, 28.405833333333334], [77.08666666666666, 28.405833333333334], [77.08666666666666, 28.405], [77.08749999999999, 28.405], [77.08749999999999, 28.40416666666667], [77.08666666666666, 28.40416666666667], [77.08666666666666, 28.403333333333332], [77.08583333333333, 28.403333333333332], [77.08583333333333, 28.4025], [77.08583333333333, 28.401666666666667], [77.08583333333333, 28.400833333333335], [77.085, 28.400833333333335], [77.085, 28.400000000000002], [77.08416666666666, 28.400000000000002], [77.08333333333333, 28.400000000000002], [77.08333333333333, 28.400833333333335], [77.08416666666666, 28.400833333333335], [77.08416666666666, 28.401666666666667], [77.085, 28.401666666666667], [77.085, 28.4025], [77.085, 28.403333333333332], [77.08416666666666, 28.403333333333332], [77.08416666666666, 28.4025]]]}}, {"type": "Feature", "properties": {"product": "urban_growth", "area_ha": 9.05}, "geometry": {"type": "Polygon", "coordinates": [[[77.0775, 28.405], [77.07833333333333, 28.405], [77.07916666666667, 28.405], [77.08, 28.405], [77.08, 28.405833333333334], [77.08, 28.406666666666666], [77.08083333333333, 28.406666666666666], [77.08083333333333, 28.405833333333334], [77.08166666666666, 28.405833333333334], [77.08166666666666, 28.405], [77.08166666666666, 28.40416666666667], [77.08166666666666, 28.403333333333332], [77.08166666666666, 28.4025], [77.08083333333333, 28.4025], [77.08083333333333, 28.403333333333332], [77.08, 28.403333333333332], [77.08, 28.40416666666667], [77.07916666666667, 28.40416666666667], [77.07916666666667, 28.403333333333332], [77.07833333333333, 28.403333333333332], [77.07833333333333, 28.40416666666667], [77.0775, 28.40416666666667], [77.0775, 28.405]]]}}, {"type": "Feature", "properties": {"product": "urban_growth", "area_ha": 12.82}, "geometry": {"type": "Polygon", "coordinates": [[[77.09083333333332, 28.39666666666667], [77.09166666666665, 28.39666666666667], [77.09166666666665, 28.395833333333336], [77.0925, 28.395833333333336], [77.0925, 28.39666666666667], [77.09333333333333, 28.39666666666667], [77.09333333333333, 28.395833333333336], [77.09416666666667, 28.395833333333336], [77.095, 28.395833333333336], [77.095, 28.395], [77.095, 28.394166666666667], [77.09416666666667, 28.394166666666667], [77.09416666666667, 28.393333333333334], [77.09416666666667, 28.392500000000002], [77.09333333333333, 28.392500000000002], [77.09333333333333, 28.393333333333334], [77.0925, 28.393333333333334], [77.09166666666665, 28.393333333333334], [77.09166666666665, 28.394166666666667], [77.09083333333332, 28.394166666666667], [77.09083333333332, 28.395], [77.08999999999999, 28.395], [77.08999999999999, 28.395833333333336], [77.09083333333332, 28.395833333333336], [77.09083333333332, 28.39666666666667]]]}}, {"type": "Feature", "properties": {"product": "urban_growth", "area_ha": 13.57}, "geometry": {"type": "Polygon", "coordinates": [[[77.09416666666667, 28.41], [77.095, 28.41], [77.09583333333333, 28.41], [77.09666666666666, 28.41], [77.0975, 28.41], [77.09833333333333, 28.41], [77.09916666666666, 28.41], [77.1, 28.41], [77.10083333333333, 28.41], [77.10166666666666, 28.41], [77.10249999999999, 28.41], [77.10249999999999, 28.409166666666668], [77.10166666666666, 28.409166666666668], [77.10166666666666, 28.408333333333335], [77.10083333333333, 28.408333333333335], [77.1, 28.408333333333335], [77.09916666666666, 28.408333333333335], [77.09833333333333, 28.408333333333335], [77.0975, 28.408333333333335], [77.09666666666666, 28.408333333333335], [77.09583333333333, 28.408333333333335], [77.095, 28.408333333333335], [77.095, 28.409166666666668], [77.09416666666667, 28.409166666666668], [77.09416666666667, 28.41]]]}}, {"type": "Feature", "properties": {"product": "urban_growth", "area_ha": 12.07}, "geometry": {"type": "Polygon", "coordinates": [[[77.0975, 28.39666666666667], [77.0975, 28.3975], [77.09666666666666, 28.3975], [77.09666666666666, 28.398333333333333], [77.0975, 28.398333333333333], [77.09833333333333, 28.398333333333333], [77.09833333333333, 28.3975], [77.09916666666666, 28.3975], [77.1, 28.3975], [77.10083333333333, 28.3975], [77.10166666666666, 28.3975], [77.10166666666666, 28.39666666666667], [77.10166666666666, 28.395833333333336], [77.10249999999999, 28.395833333333336], [77.10333333333332, 28.395833333333336], [77.10333333333332, 28.395], [77.10249999999999, 28.395], [77.10249999999999, 28.394166666666667], [77.10166666666666, 28.394166666666667], [77.10166666666666, 28.395], [77.10083333333333, 28.395], [77.10083333333333, 28.395833333333336], [77.1, 28.395833333333336], [77.09916666666666, 28.395833333333336], [77.09833333333333, 28.395833333333336], [77.0975, 28.395833333333336], [77.0975, 28.39666666666667]]]}}, {"type": "Feature", "properties": {"product": "urban_growth", "area_ha": 12.07}, "geometry": {"type": "Polygon", "coordinates": [[[77.09916666666666, 28.40416666666667], [77.09833333333333, 28.40416666666667], [77.0975, 28.40416666666667], [77.0975, 28.405], [77.09833333333333, 28.405], [77.09916666666666, 28.405], [77.09916666666666, 28.405833333333334], [77.1, 28.405833333333334], [77.10083333333333, 28.405833333333334], [77.10083333333333, 28.405], [77.10083333333333, 28.40416666666667], [77.10166666666666, 28.40416666666667], [77.10249999999999, 28.40416666666667], [77.10333333333332, 28.40416666666667], [77.10333333333332, 28.403333333333332], [77.10416666666666, 28.403333333333332], [77.10416666666666, 28.4025], [77.10333333333332, 28.4025], [77.10333333333332, 28.401666666666667], [77.10249999999999, 28.401666666666667], [77.10166666666666, 28.401666666666667], [77.10083333333333, 28.401666666666667], [77.10083333333333, 28.4025], [77.10166666666666, 28.4025], [77.10249999999999, 28.4025], [77.10249999999999, 28.403333333333332], [77.10166666666666, 28.403333333333332], [77.10083333333333, 28.403333333333332], [77.1, 28.403333333333332], [77.09916666666666, 28.403333333333332], [77.09916666666666, 28.40416666666667]]]}}, {"type": "Feature", "properties": {"product": "urban_growth", "area_ha": 6.03}, "geometry": {"type": "Polygon", "coordinates": [[[77.10583333333332, 28.40416666666667], [77.10666666666665, 28.40416666666667], [77.10666666666665, 28.405], [77.10749999999999, 28.405], [77.10833333333333, 28.405], [77.10833333333333, 28.40416666666667], [77.10749999999999, 28.40416666666667], [77.10749999999999, 28.403333333333332], [77.10666666666665, 28.403333333333332], [77.10666666666665, 28.4025], [77.10583333333332, 28.4025], [77.10583333333332, 28.403333333333332], [77.10499999999999, 28.403333333333332], [77.10499999999999, 28.40416666666667], [77.10416666666666, 28.40416666666667], [77.10416666666666, 28.405], [77.10499999999999, 28.405], [77.10583333333332, 28.405], [77.10583333333332, 28.40416666666667]]]}}, {"type": "Feature", "properties": {"product": "urban_growth", "area_ha": 8.28}, "geometry": {"type": "Polygon", "coordinates": [[[77.1, 28.549166666666668], [77.10083333333333, 28.549166666666668], [77.10083333333333, 28.548333333333336], [77.1, 28.548333333333336], [77.09916666666666, 28.548333333333336], [77.09916666666666, 28.549166666666668], [77.09833333333333, 28.549166666666668], [77.09833333333333, 28.548333333333336], [77.0975, 28.548333333333336], [77.0975, 28.5475], [77.09666666666666, 28.5475], [77.09666666666666, 28.548333333333336], [77.09583333333333, 28.548333333333336], [77.09583333333333, 28.549166666666668], [77.09583333333333, 28.55], [77.09666666666666, 28.55], [77.0975, 28.55], [77.09833333333333, 28.55], [77.09916666666666, 28.55], [77.1, 28.55], [77.1, 28.549166666666668]]]}}, {"type": "Feature", "properties": {"product": "urban_growth", "area_ha": 15.87}, "geometry": {"type": "Polygon", "coordinates": [[[77.12166666666666, 28.215], [77.12083333333332, 28.215], [77.12083333333332, 28.215833333333332], [77.12083333333332, 28.21666666666667], [77.12083333333332, 28.2175], [77.12166666666666, 28.2175], [77.12166666666666, 28.21666666666667], [77.12166666666666, 28.215833333333332], [77.12249999999999, 28.215833333333332], [77.12333333333332, 28.215833333333332], [77.12333333333332, 28.215], [77.12416666666667, 28.215], [77.12416666666667, 28.214166666666667], [77.125, 28.214166666666667], [77.125, 28.213333333333335], [77.12583333333333, 28.213333333333335], [77.12583333333333, 28.212500000000002], [77.12583333333333, 28.211666666666666], [77.12666666666667, 28.211666666666666], [77.12666666666667, 28.210833333333333], [77.12583333333333, 28.210833333333333], [77.125, 28.210833333333333], [77.12416666666667, 28.210833333333333], [77.12416666666667, 28.211666666666666], [77.12333333333332, 28.211666666666666], [77.12333333333332, 28.212500000000002], [77.12249999999999, 28.212500000000002], [77.12249999999999, 28.213333333333335], [77.12249999999999, 28.214166666666667], [77.12166666666666, 28.214166666666667], [77.12166666666666, 28.215]]]}}, {"type": "Feature", "properties": {"product": "urban_growth", "area_ha": 7.55}, "geometry": {"type": "Polygon", "coordinates": [[[77.115, 28.235833333333336], [77.115, 28.236666666666668], [77.11583333333333, 28.236666666666668], [77.11583333333333, 28.235833333333336], [77.11666666666666, 28.235833333333336], [77.11666666666666, 28.235], [77.11666666666666, 28.234166666666667], [77.11749999999999, 28.234166666666667], [77.11749999999999, 28.233333333333334], [77.11749999999999, 28.2325], [77.11749999999999, 28.23166666666667], [77.11749999999999, 28.230833333333333], [77.11749999999999, 28.23], [77.11666666666666, 28.23], [77.11666666666666, 28.230833333333333], [77.11666666666666, 28.23166666666667], [77.11666666666666, 28.2325], [77.11666666666666, 28.233333333333334], [77.11583333333333, 28.233333333333334], [77.11583333333333, 28.234166666666667], [77.11583333333333, 28.235], [77.115, 28.235], [77.115, 28.235833333333336]]]}}, {"type": "Feature", "properties": {"product": "urban_growth", "area_ha": 11.31}, "geometry": {"type": "Polygon", "coordinates": [[[77.11749999999999, 28.41166666666667], [77.11666666666666, 28.41166666666667], [77.11583333333333, 28.41166666666667], [77.11583333333333, 28.4125], [77.11583333333333, 28.413333333333334], [77.11666666666666, 28.413333333333334], [77.11749999999999, 28.413333333333334], [77.11833333333333, 28.413333333333334], [77.11833333333333, 28.4125], [77.11833333333333, 28.41166666666667], [77.11833333333333, 28.410833333333333], [77.11833333333333, 28.41], [77.11833333333333, 28.409166666666668], [77.11749999999999, 28.409166666666668], [77.11749999999999, 28.408333333333335], [77.11666666666666, 28.408333333333335], [77.11666666666666, 28.407500000000002], [77.11749999999999, 28.407500000000002], [77.11749999999999, 28.406666666666666], [77.11666666666666, 28.406666666666666], [77.11583333333333, 28.406666666666666], [77.11583333333333, 28.407500000000002], [77.11583333333333, 28.408333333333335], [77.11583333333333, 28.409166666666668], [77.11666666666666, 28.409166666666668], [77.11666666666666, 28.41], [77.11749999999999, 28.41], [77.11749999999999, 28.410833333333333], [77.11749999999999, 28.41166666666667]]]}}, {"type": "Feature", "properties": {"product": "urban_growth", "area_ha": 6.03}, "geometry": {"type": "Polygon", "coordinates": [[[77.11999999999999, 28.420833333333334], [77.11999999999999, 28.42], [77.11999999999999, 28.41916666666667], [77.11916666666666, 28.41916666666667], [77.11833333333333, 28.41916666666667], [77.11749999999999, 28.41916666666667], [77.11666666666666, 28.41916666666667], [77.11666666666666, 28.42], [77.11749999999999, 28.42], [77.11749999999999, 28.420833333333334], [77.11749999999999, 28.421666666666667], [77.11833333333333, 28.421666666666667], [77.11833333333333, 28.420833333333334], [77.11916666666666, 28.420833333333334], [77.11999999999999, 28.420833333333334]]]}}, {"type": "Feature", "properties": {"product": "urban_growth", "area_ha": 6.8}, "geometry": {"type": "Polygon", "coordinates": [[[77.1325, 28.177500000000002], [77.13333333333333, 28.177500000000002], [77.13416666666666, 28.177500000000002], [77.13416666666666, 28.176666666666666], [77.13499999999999, 28.176666666666666], [77.13499999999999, 28.177500000000002], [77.13583333333332, 28.177500000000002], [77.13583333333332, 28.176666666666666], [77.13666666666666, 28.176666666666666], [77.13666666666666, 28.175833333333333], [77.13583333333332, 28.175833333333333], [77.13499999999999, 28.175833333333333], [77.13416666666666, 28.175833333333333], [77.13333333333333, 28.175833333333333], [77.13333333333333, 28.176666666666666], [77.1325, 28.176666666666666], [77.13166666666666, 28.176666666666666], [77.13166666666666, 28.177500000000002], [77.13166666666666, 28.178333333333335], [77.1325, 28.178333333333335], [77.1325, 28.177500000000002]]]}}, {"type": "Feature", "properties": {"product": "urban_growth", "area_ha": 6.04}, "geometry": {"type": "Polygon", "coordinates": [[[77.13499999999999, 28.226666666666667], [77.13583333333332, 28.226666666666667], [77.13666666666666, 28.226666666666667], [77.13749999999999, 28.226666666666667], [77.13749999999999, 28.225833333333334], [77.13666666666666, 28.225833333333334], [77.13583333333332, 28.225833333333334], [77.13499999999999, 28.225833333333334], [77.13499999999999, 28.225], [77.13416666666666, 28.225], [77.13416666666666, 28.225833333333334], [77.13333333333333, 28.225833333333334], [77.1325, 28.225833333333334], [77.1325, 28.226666666666667], [77.1325, 28.2275], [77.13333333333333, 28.2275], [77.13333333333333, 28.226666666666667], [77.13416666666666, 28.226666666666667], [77.13499999999999, 28.226666666666667]]]}}, {"type": "Feature", "properties": {"product": "urban_growth", "area_ha": 9.8}, "geometry": {"type": "Polygon", "coordinates": [[[77.14083333333333, 28.475], [77.14, 28.475], [77.14, 28.475833333333334], [77.14, 28.476666666666667], [77.14083333333333, 28.476666666666667], [77.14166666666667, 28.476666666666667], [77.14166666666667, 28.4775], [77.1425, 28.4775], [77.1425, 28.476666666666667], [77.1425, 28.475833333333334], [77.14166666666667, 28.475833333333334], [77.14166666666667, 28.475], [77.14166666666667, 28.47416666666667], [77.14166666666667, 28.473333333333333], [77.1425, 28.473333333333333], [77.1425, 28.4725], [77.1425, 28.471666666666668], [77.14166666666667, 28.471666666666668], [77.14166666666667, 28.4725], [77.14083333333333, 28.4725], [77.14083333333333, 28.473333333333333], [77.14, 28.473333333333333], [77.13916666666667, 28.473333333333333], [77.13916666666667, 28.47416666666667], [77.14, 28.47416666666667], [77.14083333333333, 28.47416666666667], [77.14083333333333, 28.475]]]}}, {"type": "Feature", "properties": {"product": "urban_growth", "area_ha": 8.29}, "geometry": {"type": "Polygon", "coordinates": [[[77.13416666666666, 28.491666666666667], [77.13499999999999, 28.491666666666667], [77.13499999999999, 28.4925], [77.13583333333332, 28.4925], [77.13666666666666, 28.4925], [77.13666666666666, 28.491666666666667], [77.13583333333332, 28.491666666666667], [77.13583333333332, 28.490833333333335], [77.13499999999999, 28.490833333333335], [77.13499999999999, 28.490000000000002], [77.13416666666666, 28.490000000000002], [77.13416666666666, 28.490833333333335], [77.13333333333333, 28.490833333333335], [77.13333333333333, 28.490000000000002], [77.13333333333333, 28.489166666666666], [77.1325, 28.489166666666666], [77.13166666666666, 28.489166666666666], [77.13166666666666, 28.490000000000002], [77.13166666666666, 28.490833333333335], [77.1325, 28.490833333333335], [77.1325, 28.491666666666667], [77.13333333333333, 28.491666666666667], [77.13416666666666, 28.491666666666667]]]}}, {"type": "Feature", "properties": {"product": "urban_growth", "area_ha": 6.8}, "geometry": {"type": "Polygon", "coordinates": [[[77.15583333333333, 28.157500000000002], [77.15666666666667, 28.157500000000002], [77.15666666666667, 28.156666666666666], [77.15666666666667, 28.155833333333334], [77.1575, 28.155833333333334], [77.1575, 28.155], [77.15666666666667, 28.155], [77.15583333333333, 28.155], [77.155, 28.155], [77.155, 28.155833333333334], [77.155, 28.156666666666666], [77.155, 28.157500000000002], [77.15416666666665, 28.157500000000002], [77.15416666666665, 28.158333333333335], [77.155, 28.158333333333335], [77.15583333333333, 28.158333333333335], [77.15583333333333, 28.157500000000002]]]}}, {"type": "Feature", "properties": {"product": "urban_growth", "area_ha": 30.99}, "geometry": {"type": "Polygon", "coordinates": [[[77.1475, 28.163333333333334], [77.1475, 28.164166666666667], [77.1475, 28.165], [77.14833333333333, 28.165], [77.14916666666666, 28.165], [77.14916666666666, 28.165833333333335], [77.14916666666666, 28.166666666666668], [77.14916666666666, 28.1675], [77.14916666666666, 28.168333333333333], [77.14999999999999, 28.168333333333333], [77.14999999999999, 28.1675], [77.14999999999999, 28.166666666666668], [77.14999999999999, 28.165833333333335], [77.15083333333332, 28.165833333333335], [77.15083333333332, 28.165], [77.15166666666666, 28.165], [77.15249999999999, 28.165], [77.15333333333332, 28.165], [77.15416666666665, 28.165], [77.155, 28.165], [77.15583333333333, 28.165], [77.15583333333333, 28.164166666666667], [77.15666666666667, 28.164166666666667], [77.15666666666667, 28.165], [77.1575, 28.165], [77.15833333333333, 28.165], [77.15833333333333, 28.164166666666667], [77.15833333333333, 28.163333333333334], [77.1575, 28.163333333333334], [77.15666666666667, 28.163333333333334], [77.15666666666667, 28.1625], [77.15583333333333, 28.1625], [77.15583333333333, 28.163333333333334], [77.155, 28.163333333333334], [77.15416666666665, 28.163333333333334], [77.15416666666665, 28.1625], [77.15333333333332, 28.1625], [77.15249999999999, 28.1625], [77.15166666666666, 28.1625], [77.15083333333332, 28.1625], [77.15083333333332, 28.16166666666667], [77.14999999999999, 28.16166666666667], [77.14916666666666, 28.16166666666667], [77.14916666666666, 28.1625], [77.14833333333333, 28.1625], [77.1475, 28.1625], [77.1475, 28.163333333333334]]]}}, {"type": "Feature", "properties": {"product": "urban_growth", "area_ha": 9.07}, "geometry": {"type": "Polygon", "coordinates": [[[77.1725, 28.191666666666666], [77.17333333333333, 28.191666666666666], [77.17333333333333, 28.190833333333334], [77.17333333333333, 28.19], [77.17333333333333, 28.18916666666667], [77.17333333333333, 28.188333333333333], [77.1725, 28.188333333333333], [77.1725, 28.1875], [77.1725, 28.186666666666667], [77.1725, 28.185833333333335], [77.17166666666667, 28.185833333333335], [77.17166666666667, 28.185000000000002], [77.17166666666667, 28.184166666666666], [77.17083333333333, 28.184166666666666], [77.17083333333333, 28.185000000000002], [77.17083333333333, 28.185833333333335], [77.17083333333333, 28.186666666666667], [77.17166666666667, 28.186666666666667], [77.17166666666667, 28.1875], [77.17166666666667, 28.188333333333333], [77.17166666666667, 28.18916666666667], [77.17166666666667, 28.19], [77.1725, 28.19], [77.1725, 28.190833333333334], [77.1725, 28.191666666666666]]]}}, {"type": "Feature", "properties": {"product": "urban_growth", "area_ha": 11.31}, "geometry": {"type": "Polygon", "coordinates": [[[77.19083333333333, 28.453333333333333], [77.19083333333333, 28.454166666666666], [77.19, 28.454166666666666], [77.19, 28.453333333333333], [77.18916666666667, 28.453333333333333], [77.18916666666667, 28.454166666666666], [77.18916666666667, 28.455000000000002], [77.19, 28.455000000000002], [77.19083333333333, 28.455000000000002], [77.19166666666666, 28.455000000000002], [77.19166666666666, 28.454166666666666], [77.1925, 28.454166666666666], [77.19333333333333, 28.454166666666666], [77.19333333333333, 28.453333333333333], [77.1925, 28.453333333333333], [77.19166666666666, 28.453333333333333], [77.19166666666666, 28.4525], [77.19166666666666, 28.451666666666668], [77.19166666666666, 28.450833333333335], [77.1925, 28.450833333333335], [77.1925, 28.45], [77.19333333333333, 28.45], [77.19333333333333, 28.449166666666667], [77.19333333333333, 28.448333333333334], [77.1925, 28.448333333333334], [77.1925, 28.449166666666667], [77.19166666666666, 28.449166666666667], [77.19166666666666, 28.45], [77.19083333333333, 28.45], [77.19083333333333, 28.450833333333335], [77.19083333333333, 28.451666666666668], [77.19083333333333, 28.4525], [77.19083333333333, 28.453333333333333]]]}}, {"type": "Feature", "properties": {"product": "urban_growth", "area_ha": 6.03}, "geometry": {"type": "Polygon", "coordinates": [[[77.19333333333333, 28.458333333333336], [77.19333333333333, 28.45916666666667], [77.19416666666666, 28.45916666666667], [77.19416666666666, 28.458333333333336], [77.19416666666666, 28.4575], [77.19416666666666, 28.456666666666667], [77.195, 28.456666666666667], [77.195, 28.455833333333334], [77.195, 28.455000000000002], [77.19416666666666, 28.455000000000002], [77.19416666666666, 28.455833333333334], [77.19333333333333, 28.455833333333334], [77.19333333333333, 28.456666666666667], [77.1925, 28.456666666666667], [77.1925, 28.4575], [77.1925, 28.458333333333336], [77.19333333333333, 28.458333333333336]]]}}, {"type": "Feature", "properties": {"product": "urban_growth", "area_ha": 7.54}, "geometry": {"type": "Polygon", "coordinates": [[[77.19416666666666, 28.435833333333335], [77.19416666666666, 28.436666666666667], [77.195, 28.436666666666667], [77.195, 28.4375], [77.195, 28.438333333333333], [77.19583333333333, 28.438333333333333], [77.19583333333333, 28.4375], [77.19583333333333, 28.436666666666667], [77.19666666666666, 28.436666666666667], [77.19749999999999, 28.436666666666667], [77.19749999999999, 28.435833333333335], [77.19749999999999, 28.435000000000002], [77.19666666666666, 28.435000000000002], [77.19666666666666, 28.435833333333335], [77.19583333333333, 28.435833333333335], [77.19583333333333, 28.435000000000002], [77.195, 28.435000000000002], [77.19416666666666, 28.435000000000002], [77.19333333333333, 28.435000000000002], [77.19333333333333, 28.435833333333335], [77.19416666666666, 28.435833333333335]]]}}, {"type": "Feature", "properties": {"product": "urban_growth", "area_ha": 7.54}, "geometry": {"type": "Polygon", "coordinates": [[[77.21166666666666, 28.475833333333334], [77.21166666666666, 28.476666666666667], [77.21166666666666, 28.4775], [77.21249999999999, 28.4775], [77.21249999999999, 28.476666666666667], [77.21333333333332, 28.476666666666667], [77.21333333333332, 28.4775], [77.21416666666666, 28.4775], [77.21416666666666, 28.476666666666667], [77.21416666666666, 28.475833333333334], [77.21499999999999, 28.475833333333334], [77.21499999999999, 28.475], [77.21499999999999, 28.47416666666667], [77.21416666666666, 28.47416666666667], [77.21333333333332, 28.47416666666667], [77.21249999999999, 28.47416666666667], [77.21249999999999, 28.475], [77.21333333333332, 28.475], [77.21333333333332, 28.475833333333334], [77.21249999999999, 28.475833333333334], [77.21166666666666, 28.475833333333334]]]}}, {"type": "Feature", "properties": {"product": "urban_growth", "area_ha": 7.55}, "geometry": {"type": "Polygon", "coordinates": [[[77.24666666666666, 28.35], [77.24666666666666, 28.350833333333334], [77.24666666666666, 28.351666666666667], [77.24749999999999, 28.351666666666667], [77.24749999999999, 28.350833333333334], [77.24749999999999, 28.35], [77.24749999999999, 28.34916666666667], [77.24749999999999, 28.348333333333333], [77.24749999999999, 28.3475], [77.24666666666666, 28.3475], [77.24666666666666, 28.346666666666668], [77.24583333333332, 28.346666666666668], [77.24583333333332, 28.3475], [77.24499999999999, 28.3475], [77.24416666666666, 28.3475], [77.24416666666666, 28.348333333333333], [77.24499999999999, 28.348333333333333], [77.24583333333332, 28.348333333333333], [77.24583333333332, 28.34916666666667], [77.24666666666666, 28.34916666666667], [77.24666666666666, 28.35]]]}}], "properties": {"aoi": "ncr-gurugram", "product": "urban_growth", "total_ha": 1359.4, "n_patches": 127}}